order,element,is_kanji,is_kangxi_radical,pruned_kanji_count,new_kanji_count,cumulative_covered,remaining_kanji,kanji_1,kanji_2,kanji_3,kanji_4,kanji_5,kanji_6,kanji_7,kanji_8,kanji_9,kanji_10,kanji_11,kanji_12,kanji_13,kanji_14,kanji_15,kanji_16,kanji_17,kanji_18,kanji_19,kanji_20,kanji_21
1,口,True,True,483,2,2,2240,口,品,,,,,,,,,,,,,,,,,,,
2,丿,True,True,531,1,3,2239,呂,,,,,,,,,,,,,,,,,,,,
3,日,True,True,276,4,7,2235,晶,日,昌,唱,,,,,,,,,,,,,,,,,
4,一,True,True,286,3,10,2232,三,旦,一,,,,,,,,,,,,,,,,,,
5,木,True,True,215,10,20,2222,森,果,束,木,東,和,香,棟,呆,林,,,,,,,,,,,
6,亻,True,True,189,4,24,2218,但,休,保,侶,,,,,,,,,,,,,,,,,
7,人,True,True,122,5,29,2213,倹,合,検,人,春,,,,,,,,,,,,,,,,
8,十,True,True,213,9,38,2204,古,叶,傘,早,千,枯,十,昇,升,,,,,,,,,,,,
9,土,True,True,149,5,43,2199,垣,土,佳,吐,桂,,,,,,,,,,,,,,,,
10,丨,True,True,117,9,52,2190,旧,申,由,仲,甲,串,中,介,伸,,,,,,,,,,,,
11,亠,True,True,197,1,53,2189,卒,,,,,,,,,,,,,,,,,,,,
12,丶,True,True,149,0,53,2189,,,,,,,,,,,,,,,,,,,,,
13,八,True,True,205,3,56,2186,八,六,典,,,,,,,,,,,,,,,,,,
14,目,True,True,141,8,64,2178,相,墳,貝,噴,唄,目,冒,員,,,,,,,,,,,,,
15,大,True,True,118,7,71,2171,器,奔,天,伏,大,太,犬,,,,,,,,,,,,,,
16,氵,True,True,128,6,77,2165,沿,汁,汰,沃,沖,油,,,,,,,,,,,,,,,
17,冖,True,True,132,1,78,2164,冥,,,,,,,,,,,,,,,,,,,,
18,月,True,True,124,12,90,2152,月,棚,潮,胆,且,胡,租,査,明,朝,湖,嘲,,,,,,,,,
19,厶,True,True,78,12,102,2140,仏,充,公,去,治,弁,胎,法,台,私,松,育,,,,,,,,,
20,卜,True,True,68,8,110,2132,貞,貼,偵,下,朴,卓,上,占,,,,,,,,,,,,,
21,儿,True,True,82,13,123,2119,脱,呪,児,睦,暁,枕,克,深,税,沈,兄,況,見,,,,,,,,
22,宀,True,True,78,8,131,2111,喧,穴,宣,実,宙,突,宮,宜,,,,,,,,,,,,,
23,厂,True,True,97,4,135,2107,盾,圧,涯,暦,,,,,,,,,,,,,,,,,
24,言,True,True,72,7,142,2100,言,計,訟,説,課,信,訃,,,,,,,,,,,,,,
25,乂,True,False,81,8,150,2092,吏,丈,爽,史,使,更,杖,文,,,,,,,,,,,,,
26,冂,True,True,88,16,166,2076,稿,内,丙,洞,桐,冊,橋,再,向,高,胴,柵,倫,論,柄,同,,,,,
27,亅,True,True,63,12,178,2064,貯,奇,丁,何,亭,河,停,寄,椅,可,訂,埼,,,,,,,,,
28,二,True,True,62,11,189,2053,宇,伝,仁,二,云,会,完,井,丼,元,脊,,,,,,,,,,
29,寸,True,True,51,14,203,2039,寺,寸,封,肘,寿,討,村,詩,時,冠,付,対,侍,守,,,,,,,
30,又,True,True,92,14,217,2025,販,枝,又,吸,及,板,双,桑,仮,肢,反,坂,支,伎,,,,,,,
31,扌,True,True,95,21,238,2004,押,払,操,拾,才,損,担,技,材,打,捜,抽,扱,挫,掛,挟,持,拝,挿,探,財
32,⻌,False,True,61,4,242,2000,述,辻,返,速,,,,,,,,,,,,,,,,,
33,糸,True,True,73,17,259,1983,糸,係,索,組,給,練,統,絵,紳,繰,絹,納,綺,級,紋,経,系,,,,
34,弋,True,True,59,12,271,1971,械,弐,減,或,浅,賊,代,貸,伐,栽,桟,域,,,,,,,,,
35,王,True,True,39,17,288,1954,全,柱,玉,注,王,玩,栓,住,現,程,宝,弄,斑,詮,呈,主,旺,,,,
36,山,True,True,41,10,298,1944,両,峠,山,崎,崖,岐,峡,岬,崩,仙,,,,,,,,,,,
37,干,True,True,30,6,304,1938,肝,幹,汗,午,岸,干,,,,,,,,,,,,,,,
38,艹,True,True,90,20,324,1918,荷,菓,塔,寛,漠,苦,茎,芸,搭,暮,模,草,墓,苛,茶,芋,藻,膜,茂,萌,
39,彳,True,True,30,5,329,1913,循,待,径,得,往,,,,,,,,,,,,,,,,
40,立,True,True,59,20,349,1893,境,親,章,立,織,音,賠,韻,宰,位,辛,拉,倍,辣,競,培,商,泣,識,暗,
41,田,True,True,76,15,364,1878,界,累,細,塊,富,苗,田,胃,町,鬼,魂,畳,描,曽,卑,,,,,,
42,心,True,True,66,18,382,1860,心,怠,意,忠,密,秘,泌,臆,窓,患,芯,必,感,億,総,惑,思,想,,,
43,勹,True,True,47,11,393,1849,勾,旬,渇,掲,句,均,約,謁,喝,葛,拘,,,,,,,,,,
44,⺕,False,False,45,4,397,1845,浸,侵,君,伊,,,,,,,,,,,,,,,,,
45,戈,True,True,10,1,398,1844,戒,,,,,,,,,,,,,,,,,,,,
46,中,True,False,1,0,398,1844,,,,,,,,,,,,,,,,,,,,,
47,凵,True,True,25,7,405,1837,出,純,屯,胸,凶,拙,画,,,,,,,,,,,,,,
48,女,True,True,50,13,418,1824,始,怒,威,安,萎,案,奴,妖,宴,接,委,女,如,,,,,,,,
49,𠂉,True,False,72,11,429,1813,故,懲,微,悠,警,敬,徴,徹,撤,敗,枚,,,,,,,,,,
50,門,True,True,17,11,440,1802,閥,閉,間,閑,潤,闇,門,問,蘭,開,閲,,,,,,,,,,
51,刀,True,True,32,15,455,1787,忍,拐,詔,辺,認,昭,貧,分,招,刀,紛,刃,召,沼,紹,,,,,,
52,力,True,True,36,12,467,1775,力,架,協,募,勅,脅,加,男,助,賀,努,脇,,,,,,,,,
53,本,True,False,3,2,469,1773,体,本,,,,,,,,,,,,,,,,,,,
54,囗,True,True,21,15,484,1758,囲,団,菌,壇,咽,恩,姻,固,個,困,回,国,因,四,囚,,,,,,
55,子,True,True,25,11,495,1747,勃,季,淳,好,遜,字,子,享,孫,李,厚,,,,,,,,,,
56,灬,True,True,58,3,498,1744,照,然,点,,,,,,,,,,,,,,,,,,
57,士,True,True,40,18,516,1726,舎,調,吉,続,仕,週,志,士,捨,任,読,売,周,妊,賃,詰,結,誌,,,
58,广,True,True,39,11,527,1715,魔,店,応,庁,庄,床,府,座,麻,広,拡,,,,,,,,,,
59,𠂊,False,False,40,15,542,1700,負,急,争,鮎,誠,鮭,城,浄,蘇,魚,漁,喚,成,鯛,換,,,,,,
60,刂,True,True,46,16,558,1684,副,利,班,梨,刹,側,刑,剖,測,別,則,型,刊,剣,刈,刺,,,,,
61,年,True,False,1,1,559,1683,年,,,,,,,,,,,,,,,,,,,,
62,耂,True,True,18,10,569,1673,教,者,緒,賭,儲,煮,孝,著,暑,諸,,,,,,,,,,,
63,匕,True,True,47,14,583,1659,旨,態,能,脂,匂,指,壱,熊,貨,老,化,花,詣,叱,,,,,,,
64,里,True,True,24,18,601,1641,黒,童,腫,里,埋,墨,勲,鯉,動,瞳,黙,重,厘,薫,働,量,種,理,,,
65,夂,True,True,45,17,618,1624,菱,賂,閣,絡,峰,客,格,逢,唆,略,俊,落,各,綾,条,腹,復,,,,
66,乙,True,True,33,8,626,1616,丸,迅,乙,乞,札,九,七,孔,,,,,,,,,,,,,
67,夕,True,True,28,12,638,1604,外,夕,殉,残,烈,多,葬,死,例,列,移,名,,,,,,,,,
68,千,True,False,7,6,644,1598,辞,乱,括,舌,活,話,,,,,,,,,,,,,,,
69,小,True,True,52,19,663,1579,秒,涼,蔽,寂,沙,劣,小,少,督,抄,弊,京,戚,叔,淑,省,鯨,景,妙,,
70,三,True,False,9,5,668,1574,縫,溝,購,構,講,,,,,,,,,,,,,,,,
71,白,True,True,28,10,678,1564,源,白,拍,皇,原,伯,泊,的,百,迫,,,,,,,,,,,
72,隹,True,True,41,17,695,1547,準,集,催,椎,穫,稚,誰,奪,堆,奮,隻,護,進,推,維,唯,焦,,,,
73,方,True,True,23,14,709,1533,妨,紡,傍,芳,方,肪,贅,坊,激,放,遊,訪,倣,傲,,,,,,,
74,生,True,True,8,4,713,1529,生,星,産,姓,,,,,,,,,,,,,,,,,
75,行,True,True,7,6,719,1523,行,衡,街,桁,衝,術,,,,,,,,,,,,,,,
76,金,True,True,34,18,737,1505,銘,鏡,鈍,鉱,鋳,釘,鐘,銭,錮,銅,鉢,釣,金,鉛,鋭,針,銃,錬,,,
77,斤,True,True,23,16,753,1489,訴,薪,誓,質,新,逝,哲,近,析,浜,折,丘,岳,斤,兵,斥,,,,,
78,米,True,True,31,16,769,1473,粗,迷,米,粧,奥,粉,粘,藩,謎,糧,楼,粒,菊,番,数,審,,,,,
79,止,True,True,27,16,785,1457,此,紫,捗,歴,渉,企,正,歩,賦,柴,歳,雌,止,歯,肯,武,,,,,
80,車,True,True,27,16,801,1441,揮,転,運,蓮,連,軍,軽,軸,輪,斬,庫,載,漸,暫,軒,車,,,,,
81,竹,True,True,30,16,817,1425,箸,笠,等,箱,竹,笑,篠,筋,筒,簡,箇,答,算,策,符,箋,,,,,
82,忄,True,True,31,10,827,1415,怪,恒,憤,悦,憾,憶,性,憧,憬,悼,,,,,,,,,,,
83,⻖,False,True,33,16,843,1399,険,阪,院,陵,附,障,阻,陸,防,隙,阿,陥,隆,陳,陣,陪,,,,,
84,自,True,True,11,7,850,1392,臭,自,鼻,嗅,息,憩,夏,,,,,,,,,,,,,,
85,几,True,True,36,18,868,1374,殻,殺,坑,凡,設,冗,繋,机,肌,投,穀,拠,没,処,汎,股,抗,役,,,
86,勿,True,False,11,9,877,1365,易,傷,勿,陽,賜,場,湯,腸,揚,,,,,,,,,,,,
87,尸,True,True,40,20,897,1345,沢,釈,局,掘,壁,窟,択,避,泥,履,尼,尺,据,堀,屈,届,訳,居,昼,璧,
88,龰,False,False,10,8,905,1337,促,徒,走,赴,足,超,越,捉,,,,,,,,,,,,,
89,用,True,True,17,3,908,1334,備,用,庸,,,,,,,,,,,,,,,,,,
90,事,True,False,1,1,909,1333,事,,,,,,,,,,,,,,,,,,,,
91,己,True,True,25,16,925,1317,包,忌,紀,絶,泡,肥,胞,起,色,把,妃,記,改,琶,己,抱,,,,,
92,天,True,False,22,1,926,1316,奏,,,,,,,,,,,,,,,,,,,,
93,頁,True,True,26,14,940,1302,頒,傾,額,瀬,頁,頰,願,頃,頼,頻,頓,頑,頂,類,,,,,,,
94,廿,True,False,30,4,944,1298,遮,渡,庶,度,,,,,,,,,,,,,,,,,
95,⻏,False,True,14,5,949,1293,都,郡,邦,郭,部,,,,,,,,,,,,,,,,
96,巾,True,True,38,20,969,1273,市,掃,幕,席,肺,幣,刷,吊,帰,綿,姉,逓,巾,幅,錦,幡,柿,婦,帽,帆,
97,廾,True,True,7,1,970,1272,曲,,,,,,,,,,,,,,,,,,,,
98,䒑,True,False,27,1,971,1271,幸,,,,,,,,,,,,,,,,,,,,
99,⺌,False,True,17,15,986,1256,削,党,鎖,尚,宵,常,賞,光,当,償,堂,消,幌,輝,肖,,,,,,
100,耳,True,True,15,10,996,1246,茸,最,撮,趣,聖,耳,取,聞,恥,職,,,,,,,,,,,
101,冫,True,True,31,6,1002,1240,終,凍,冬,准,冶,尽,,,,,,,,,,,,,,,
102,工,True,True,22,16,1018,1224,拭,江,工,功,貢,筑,項,空,式,紅,試,恐,控,尋,築,攻,,,,,
103,衣,True,True,21,13,1031,1211,裏,裁,哀,遠,褒,喪,表,依,園,裂,袋,衷,衣,,,,,,,,
104,手,True,True,9,5,1036,1206,摩,撃,手,看,掌,,,,,,,,,,,,,,,,
105,牛,True,True,15,11,1047,1195,件,特,制,造,製,牛,浩,牲,牧,物,告,,,,,,,,,,
106,礻,True,True,13,9,1056,1186,祖,礼,祈,祝,祉,社,福,視,神,,,,,,,,,,,,
107,マ,False,False,15,3,1059,1183,湧,勇,通,,,,,,,,,,,,,,,,,,
108,文,True,True,1,0,1059,1183,,,,,,,,,,,,,,,,,,,,,
109,入,True,True,7,5,1064,1178,輸,愉,諭,込,入,,,,,,,,,,,,,,,,
110,石,True,True,21,12,1076,1166,砲,研,碑,礁,妬,岩,確,磨,石,硝,砂,拓,,,,,,,,,
111,火,True,True,21,16,1092,1150,焼,畑,談,灰,秋,炭,火,炒,愁,滅,炎,煩,燃,淡,灯,燥,,,,,
112,弓,True,True,18,10,1102,1140,弟,弓,弱,弔,溺,沸,費,弘,引,第,,,,,,,,,,,
113,龶,False,False,22,20,1122,1120,青,請,静,情,轄,精,靖,害,晴,清,漬,績,積,素,責,麦,契,債,喫,割,
114,也,True,False,5,5,1127,1115,也,池,施,地,他,,,,,,,,,,,,,,,,
115,疋,True,True,16,11,1138,1104,礎,是,錠,疎,綻,婿,題,旋,堤,提,定,,,,,,,,,,
116,欠,True,True,19,11,1149,1093,恣,炊,次,資,軟,姿,歌,欠,吹,諮,茨,,,,,,,,,,
117,艮,True,True,24,8,1157,1085,眼,限,恨,銀,根,退,節,即,,,,,,,,,,,,,
118,虫,True,True,22,10,1167,1075,蛇,属,蚊,虹,虫,嘱,蜂,蜜,蚕,強,,,,,,,,,,,
119,卩,True,True,31,19,1186,1056,鈴,叩,命,碗,怨,報,厄,齢,令,危,領,却,範,脚,服,腕,宛,氾,冷,,
120,羊,True,True,23,12,1198,1044,窯,着,遅,達,羊,詳,羨,洋,群,鮮,祥,差,,,,,,,,,
121,示,True,True,18,8,1206,1036,尉,禁,示,奈,崇,宗,款,慰,,,,,,,,,,,,,
122,戸,True,True,16,14,1220,1022,涙,炉,雇,遍,所,篇,偏,啓,顧,編,肩,房,戸,戻,,,,,,,
123,前,True,False,3,3,1223,1019,煎,揃,前,,,,,,,,,,,,,,,,,,
124,長,True,True,4,3,1226,1016,帳,張,長,,,,,,,,,,,,,,,,,,
125,西,True,True,21,15,1241,1001,酵,酪,噂,醒,醜,酒,遵,酌,尊,配,酎,酷,西,樽,酸,,,,,,
126,了,True,False,10,7,1248,994,了,序,預,柔,予,務,矛,,,,,,,,,,,,,,
127,雨,True,True,18,10,1258,984,雨,雲,霜,雪,霧,漏,曇,雷,零,雰,,,,,,,,,,,
128,共,True,False,12,8,1266,976,異,共,港,戴,殿,洪,供,選,,,,,,,,,,,,,
129,业,False,False,12,6,1272,970,顕,並,普,湿,霊,業,,,,,,,,,,,,,,,
130,皿,True,True,18,8,1280,962,温,盗,盆,蓋,盛,盟,塩,皿,,,,,,,,,,,,,
131,足,True,True,11,5,1285,957,路,踪,露,践,踊,,,,,,,,,,,,,,,,
132,七,True,False,15,5,1290,952,宅,𠮟,窃,託,切,,,,,,,,,,,,,,,,
133,癶,True,True,4,2,1292,950,発,廃,,,,,,,,,,,,,,,,,,,
134,正,True,False,7,4,1296,946,整,征,政,証,,,,,,,,,,,,,,,,,
135,罒,True,False,24,16,1312,930,夢,濁,聴,買,羅,罷,懐,徳,蔑,署,漫,慢,罰,澤,寧,壊,,,,,
136,覀,True,False,12,11,1323,919,漂,遷,価,栗,要,慄,腰,票,煙,標,覆,,,,,,,,,,
137,⺤,False,False,29,15,1338,904,浮,受,乳,愛,采,隠,妥,採,淫,授,爵,曖,稲,菜,穏,,,,,,
138,由,True,False,3,1,1339,903,笛,,,,,,,,,,,,,,,,,,,,
139,豕,True,True,14,8,1347,895,豪,豚,塚,逐,縁,稼,家,嫁,,,,,,,,,,,,,
140,学,True,False,1,1,1348,894,学,,,,,,,,,,,,,,,,,,,,
141,後,True,False,1,1,1349,893,後,,,,,,,,,,,,,,,,,,,,
142,聿,True,True,7,4,1353,889,津,書,筆,律,,,,,,,,,,,,,,,,,
143,馬,True,True,14,12,1365,877,驚,篤,駄,騎,駐,験,駒,騒,罵,駅,馬,駿,,,,,,,,,
144,氺,True,True,18,10,1375,867,緑,逮,隷,禄,泰,爆,暴,録,様,康,,,,,,,,,,,
145,予,True,False,1,1,1376,866,野,,,,,,,,,,,,,,,,,,,,
146,疒,True,True,18,12,1388,854,疫,瘍,症,痩,癖,癒,痺,痕,病,痢,痛,癌,,,,,,,,,
147,九,True,False,16,15,1403,839,執,尻,熱,摯,枠,染,究,雑,塾,軌,勢,酔,砕,熟,粋,,,,,,
148,衤,True,False,10,7,1410,832,袖,初,褐,裾,複,襟,裸,,,,,,,,,,,,,,
149,彡,True,True,17,14,1424,818,珍,形,参,影,彫,顔,須,惨,診,彦,彰,杉,修,彩,,,,,,,
150,水,True,True,12,12,1436,806,承,蒸,水,尿,詠,線,泉,腺,踏,氷,泳,永,,,,,,,,,
151,幺,True,True,16,13,1449,793,畿,弦,磯,幼,玄,機,磁,慈,幾,畜,蓄,滋,幽,,,,,,,,
152,⺍,False,True,19,14,1463,779,労,巣,弾,桜,栄,脳,営,単,覚,悩,蛍,戦,図,禅,,,,,,,
153,乍,True,False,5,5,1468,774,搾,昨,酢,詐,作,,,,,,,,,,,,,,,,
154,鳥,True,True,9,8,1476,766,鳩,鷹,鳴,鴨,鳥,島,嶋,鶴,,,,,,,,,,,,,
155,⺨,False,False,17,13,1489,753,猶,狩,猪,狙,猫,狭,独,猿,猛,獲,猟,獄,狂,,,,,,,,
156,氏,True,True,9,7,1496,746,底,邸,婚,抵,低,氏,紙,,,,,,,,,,,,,,
157,矢,True,True,17,12,1508,734,族,疾,矯,凝,矢,知,嫉,疑,擬,痴,智,挨,,,,,,,,,
158,父,True,True,10,9,1517,725,交,較,絞,効,郊,校,釜,父,鮫,,,,,,,,,,,,
159,关,True,False,4,4,1521,721,関,咲,朕,送,,,,,,,,,,,,,,,,,
160,毋,True,True,11,4,1525,717,毎,貫,慣,毒,,,,,,,,,,,,,,,,,
161,豆,True,True,12,12,1537,705,豊,頭,樹,豆,膨,登,短,澄,鼓,艶,痘,闘,,,,,,,,,
162,今,True,False,8,8,1545,697,今,琴,念,吟,陰,捻,貪,含,,,,,,,,,,,,,
163,川,True,True,11,9,1554,688,硫,訓,州,順,滞,酬,川,棄,流,,,,,,,,,,,,
164,比,True,True,12,9,1563,679,混,階,諧,陛,楷,比,批,皆,昆,,,,,,,,,,,,
165,至,True,True,9,9,1572,670,室,致,至,握,倒,窒,屋,到,緻,,,,,,,,,,,,
166,未,True,False,12,7,1579,663,未,昧,耕,妹,味,魅,朱,,,,,,,,,,,,,,
167,羽,True,True,10,10,1589,653,濯,扇,翌,曜,翻,翼,躍,翁,習,羽,,,,,,,,,,,
168,甘,True,True,15,5,1594,648,謀,紺,某,甘,媒,,,,,,,,,,,,,,,,
169,匚,True,True,11,8,1602,640,匠,駆,甚,枢,欧,殴,堪,勘,,,,,,,,,,,,,
170,束,True,False,1,1,1603,639,欄,,,,,,,,,,,,,,,,,,,,
171,匸,True,True,13,12,1615,627,忙,盲,網,匹,区,亡,忘,慌,望,荒,妄,医,,,,,,,,,
172,夫,True,False,15,15,1630,612,替,秩,渓,鶏,難,賛,失,扶,漢,規,鉄,夫,嘆,潜,迭,,,,,,
173,其,True,False,7,7,1637,605,旗,期,欺,其,碁,基,棋,,,,,,,,,,,,,,
174,世,True,False,4,4,1641,601,蝶,笹,葉,世,,,,,,,,,,,,,,,,,
175,我,True,False,6,5,1646,596,議,我,犠,義,儀,,,,,,,,,,,,,,,,
176,气,True,True,2,2,1648,594,汽,気,,,,,,,,,,,,,,,,,,,
177,首,True,True,3,3,1651,591,道,導,首,,,,,,,,,,,,,,,,,,
178,直,True,False,5,5,1656,586,値,置,植,殖,直,,,,,,,,,,,,,,,,
179,甫,True,False,10,10,1666,576,博,補,浦,敷,捕,薄,簿,縛,哺,舗,,,,,,,,,,,
180,皮,True,True,8,8,1674,568,皮,被,破,波,彼,披,疲,婆,,,,,,,,,,,,,
181,五,True,False,4,4,1678,564,悟,語,五,吾,,,,,,,,,,,,,,,,,
182,非,True,True,8,8,1686,556,悲,俳,排,輩,扉,斐,非,罪,,,,,,,,,,,,,
183,廴,True,True,9,8,1694,548,廻,庭,廷,誕,建,延,鍵,健,,,,,,,,,,,,,
184,舟,True,True,10,9,1703,539,舷,船,搬,艇,航,舶,盤,舟,般,,,,,,,,,,,,
185,表,True,False,1,1,1704,538,俵,,,,,,,,,,,,,,,,,,,,
186,毎,True,False,6,6,1710,532,海,繁,悔,侮,敏,梅,,,,,,,,,,,,,,,
187,谷,True,True,7,7,1717,525,溶,浴,容,欲,俗,谷,裕,,,,,,,,,,,,,,
188,不,True,False,3,3,1720,522,不,杯,否,,,,,,,,,,,,,,,,,,
189,虍,True,True,10,8,1728,514,虜,虎,戯,膚,劇,慮,嘘,虚,,,,,,,,,,,,,
190,角,True,True,4,4,1732,510,解,触,蟹,角,,,,,,,,,,,,,,,,,
191,亦,True,False,5,5,1737,505,変,湾,跡,恋,蛮,,,,,,,,,,,,,,,,
192,飠,True,True,11,8,1745,497,餓,飾,飢,飴,飯,飽,飲,餌,,,,,,,,,,,,,
193,以,True,False,2,2,1747,495,似,以,,,,,,,,,,,,,,,,,,,
194,具,True,False,6,6,1753,489,塡,鎮,惧,真,慎,具,,,,,,,,,,,,,,,
195,良,True,False,7,7,1760,482,浪,郎,朗,狼,良,廊,娘,,,,,,,,,,,,,,
196,⺦,False,False,8,8,1768,474,装,醤,荘,状,壮,将,寝,奨,,,,,,,,,,,,,
197,辰,True,True,8,8,1776,466,辰,振,辱,濃,農,唇,震,娠,,,,,,,,,,,,,
198,禸,True,True,6,6,1782,460,璃,偶,離,隅,遇,愚,,,,,,,,,,,,,,,
199,来,True,False,1,1,1783,459,来,,,,,,,,,,,,,,,,,,,,
200,半,True,False,4,4,1787,455,半,判,畔,伴,,,,,,,,,,,,,,,,,
201,余,True,False,7,6,1793,449,余,叙,途,除,塗,徐,,,,,,,,,,,,,,,
202,斗,True,True,4,4,1797,445,斜,科,斗,料,,,,,,,,,,,,,,,,,
203,平,True,False,3,3,1800,442,坪,評,平,,,,,,,,,,,,,,,,,,
204,韋,True,True,5,5,1805,437,緯,衛,韓,違,偉,,,,,,,,,,,,,,,,
205,身,True,True,4,4,1809,433,身,射,謝,窮,,,,,,,,,,,,,,,,,
206,官,True,False,5,5,1814,428,棺,館,官,管,菅,,,,,,,,,,,,,,,,
207,丂,True,False,2,2,1816,426,巧,考,,,,,,,,,,,,,,,,,,,
208,祭,True,False,4,4,1820,422,察,祭,際,擦,,,,,,,,,,,,,,,,,
209,夬,True,False,2,2,1822,420,快,決,,,,,,,,,,,,,,,,,,,
210,民,True,False,2,2,1824,418,眠,民,,,,,,,,,,,,,,,,,,,
211,㐄,False,False,5,4,1828,414,瞬,隣,降,傑,,,,,,,,,,,,,,,,,
212,先,True,False,2,2,1830,412,先,洗,,,,,,,,,,,,,,,,,,,
213,央,True,False,3,3,1833,409,央,映,英,,,,,,,,,,,,,,,,,,
214,面,True,True,2,2,1835,407,麺,面,,,,,,,,,,,,,,,,,,,
215,求,True,False,3,3,1838,404,救,球,求,,,,,,,,,,,,,,,,,,
216,考,True,False,1,1,1839,403,拷,,,,,,,,,,,,,,,,,,,,
217,曽,True,False,5,5,1844,398,贈,僧,層,増,憎,,,,,,,,,,,,,,,,
218,無,True,False,1,1,1845,397,無,,,,,,,,,,,,,,,,,,,,
219,革,True,True,3,3,1848,394,靴,革,覇,,,,,,,,,,,,,,,,,,
220,専,True,False,1,1,1849,393,専,,,,,,,,,,,,,,,,,,,,
221,有,True,False,5,4,1853,389,堕,有,賄,随,,,,,,,,,,,,,,,,,
222,劵,True,False,2,2,1855,387,藤,勝,,,,,,,,,,,,,,,,,,,
223,卯,True,False,6,6,1861,381,卵,溜,貿,瑠,柳,留,,,,,,,,,,,,,,,
224,食,True,True,2,2,1863,379,養,食,,,,,,,,,,,,,,,,,,,
225,咼,True,False,4,4,1867,375,鍋,禍,渦,過,,,,,,,,,,,,,,,,,
226,乃,True,False,5,5,1872,370,秀,透,誘,携,乃,,,,,,,,,,,,,,,,
227,楽,True,False,2,2,1874,368,薬,楽,,,,,,,,,,,,,,,,,,,
228,北,True,False,2,2,1876,366,背,北,,,,,,,,,,,,,,,,,,,
229,而,True,True,5,5,1881,361,需,耐,儒,端,濡,,,,,,,,,,,,,,,,
230,在,True,False,1,1,1882,360,在,,,,,,,,,,,,,,,,,,,,
231,右,True,False,4,4,1886,356,若,匿,諾,右,,,,,,,,,,,,,,,,,
232,𧘇,False,False,6,0,1886,356,,,,,,,,,,,,,,,,,,,,,
233,百,True,False,4,4,1890,352,宿,優,縮,憂,,,,,,,,,,,,,,,,,
234,兆,True,False,6,6,1896,346,眺,兆,跳,逃,挑,桃,,,,,,,,,,,,,,,
235,𠔉,True,False,3,3,1899,343,券,巻,圏,,,,,,,,,,,,,,,,,,
236,斉,True,True,4,4,1903,339,剤,済,斉,斎,,,,,,,,,,,,,,,,,
237,県,True,False,2,2,1905,337,懸,県,,,,,,,,,,,,,,,,,,,
238,監,True,False,5,5,1910,332,濫,鑑,艦,藍,監,,,,,,,,,,,,,,,,
239,啇,True,False,5,5,1915,327,滴,敵,適,嫡,摘,,,,,,,,,,,,,,,,
240,円,True,False,1,1,1916,326,円,,,,,,,,,,,,,,,,,,,,
241,更,True,False,3,3,1919,323,梗,硬,便,,,,,,,,,,,,,,,,,,
242,司,True,False,6,6,1925,317,覗,嗣,司,伺,詞,飼,,,,,,,,,,,,,,,
243,象,True,False,2,2,1927,315,象,像,,,,,,,,,,,,,,,,,,,
244,電,True,False,1,1,1928,314,電,,,,,,,,,,,,,,,,,,,,
245,風,True,True,2,2,1930,312,風,嵐,,,,,,,,,,,,,,,,,,,
246,免,True,False,4,4,1934,308,免,晩,勉,逸,,,,,,,,,,,,,,,,,
247,与,True,False,2,2,1936,306,写,与,,,,,,,,,,,,,,,,,,,
248,⻞,False,False,1,1,1937,305,餃,,,,,,,,,,,,,,,,,,,,
249,臼,True,True,3,3,1940,302,毀,臼,潟,,,,,,,,,,,,,,,,,,
250,亥,True,False,5,4,1944,298,該,劾,刻,核,,,,,,,,,,,,,,,,,
251,友,True,False,7,3,1947,295,友,抜,髪,,,,,,,,,,,,,,,,,,
252,兼,True,False,5,5,1952,290,謙,廉,兼,鎌,嫌,,,,,,,,,,,,,,,,
253,布,True,False,4,4,1956,286,怖,稀,布,希,,,,,,,,,,,,,,,,,
254,朱,True,False,3,3,1959,283,殊,株,珠,,,,,,,,,,,,,,,,,,
255,毛,True,True,3,3,1962,280,毛,尾,耗,,,,,,,,,,,,,,,,,,
256,缶,True,True,6,5,1967,275,揺,遥,謡,缶,陶,,,,,,,,,,,,,,,,
257,骨,True,True,4,4,1971,271,髄,骸,滑,骨,,,,,,,,,,,,,,,,,
258,昔,True,False,6,6,1977,265,籍,措,借,錯,惜,昔,,,,,,,,,,,,,,,
259,尞,True,False,4,4,1981,261,療,寮,瞭,僚,,,,,,,,,,,,,,,,,
260,爰,True,False,4,4,1985,257,緩,媛,暖,援,,,,,,,,,,,,,,,,,
261,电,False,False,4,4,1989,253,俺,縄,庵,亀,,,,,,,,,,,,,,,,,
262,鹿,True,True,3,2,1991,251,麓,鹿,,,,,,,,,,,,,,,,,,,
263,岡,True,False,4,4,1995,247,岡,綱,鋼,剛,,,,,,,,,,,,,,,,,
264,彑,True,True,4,4,1999,243,剥,彙,互,剝,,,,,,,,,,,,,,,,,
265,南,True,False,2,2,2001,241,献,南,,,,,,,,,,,,,,,,,,,
266,巛,True,True,3,3,2004,238,拶,災,巡,,,,,,,,,,,,,,,,,,
267,権,True,False,1,1,2005,237,権,,,,,,,,,,,,,,,,,,,,
268,倉,True,False,3,3,2008,234,槍,倉,創,,,,,,,,,,,,,,,,,,
269,貴,True,False,3,3,2011,231,貴,潰,遺,,,,,,,,,,,,,,,,,,
270,並,True,False,1,1,2012,230,譜,,,,,,,,,,,,,,,,,,,,
271,𠂤,True,False,2,2,2014,228,阜,追,,,,,,,,,,,,,,,,,,,
272,左,True,False,3,3,2017,225,惰,佐,左,,,,,,,,,,,,,,,,,,
273,并,True,False,4,3,2020,222,併,塀,餅,,,,,,,,,,,,,,,,,,
274,万,True,False,3,3,2023,219,栃,励,万,,,,,,,,,,,,,,,,,,
275,夜,True,False,2,2,2025,217,液,夜,,,,,,,,,,,,,,,,,,,
276,龷,False,False,2,2,2027,215,横,黄,,,,,,,,,,,,,,,,,,,
277,升,True,False,1,0,2027,215,,,,,,,,,,,,,,,,,,,,,
278,臣,True,True,10,9,2036,206,臓,臨,堅,緊,腎,姫,蔵,賢,臣,,,,,,,,,,,,
279,美,True,False,1,1,2037,205,美,,,,,,,,,,,,,,,,,,,,
280,巨,True,False,3,3,2040,202,距,拒,巨,,,,,,,,,,,,,,,,,,
281,牙,True,True,4,4,2044,198,牙,芽,邪,雅,,,,,,,,,,,,,,,,,
282,片,True,True,2,2,2046,196,片,版,,,,,,,,,,,,,,,,,,,
283,血,True,True,2,1,2047,195,血,,,,,,,,,,,,,,,,,,,,
284,乗,True,False,2,2,2049,193,剰,乗,,,,,,,,,,,,,,,,,,,
285,午,True,False,3,3,2052,190,卸,許,御,,,,,,,,,,,,,,,,,,
286,声,True,False,1,1,2053,189,声,,,,,,,,,,,,,,,,,,,,
287,亜,True,False,2,2,2055,187,悪,亜,,,,,,,,,,,,,,,,,,,
288,赤,True,True,3,3,2058,184,赦,嚇,赤,,,,,,,,,,,,,,,,,,
289,龍,True,True,3,3,2061,181,籠,龍,襲,,,,,,,,,,,,,,,,,,
290,垂,True,False,4,4,2065,177,郵,垂,睡,唾,,,,,,,,,,,,,,,,,
291,母,True,True,1,1,2066,176,母,,,,,,,,,,,,,,,,,,,,
292,帝,True,False,3,3,2069,173,諦,帝,締,,,,,,,,,,,,,,,,,,
293,段,True,False,2,2,2071,171,段,鍛,,,,,,,,,,,,,,,,,,,
294,𠂢,True,False,2,2,2073,169,脈,派,,,,,,,,,,,,,,,,,,,
295,瓦,True,True,2,2,2075,167,瓶,瓦,,,,,,,,,,,,,,,,,,,
296,睘,True,False,2,2,2077,165,環,還,,,,,,,,,,,,,,,,,,,
297,郷,True,False,2,2,2079,163,郷,響,,,,,,,,,,,,,,,,,,,
298,存,True,False,1,1,2080,162,存,,,,,,,,,,,,,,,,,,,,
299,末,True,False,2,2,2082,160,末,抹,,,,,,,,,,,,,,,,,,,
300,師,True,False,2,2,2084,158,師,獅,,,,,,,,,,,,,,,,,,,
301,呉,True,False,4,4,2088,154,虞,誤,娯,呉,,,,,,,,,,,,,,,,,
302,号,True,False,1,1,2089,153,号,,,,,,,,,,,,,,,,,,,,
303,卅,True,False,1,1,2090,152,帯,,,,,,,,,,,,,,,,,,,,
304,旡,True,True,3,3,2093,149,慨,概,既,,,,,,,,,,,,,,,,,,
305,之,True,False,3,3,2096,146,芝,之,乏,,,,,,,,,,,,,,,,,,
306,両,True,False,1,1,2097,145,満,,,,,,,,,,,,,,,,,,,,
307,尢,True,True,3,3,2100,142,就,稽,蹴,,,,,,,,,,,,,,,,,,
308,屰,True,False,3,3,2103,139,逆,遡,塑,,,,,,,,,,,,,,,,,,
309,観,True,False,1,1,2104,138,観,,,,,,,,,,,,,,,,,,,,
310,寅,True,False,1,1,2105,137,演,,,,,,,,,,,,,,,,,,,,
311,㐮,True,False,4,4,2109,133,譲,嬢,壌,醸,,,,,,,,,,,,,,,,,
312,喜,True,False,2,2,2111,131,喜,嬉,,,,,,,,,,,,,,,,,,,
313,尓,True,False,2,2,2113,129,称,弥,,,,,,,,,,,,,,,,,,,
314,為,True,False,2,2,2115,127,為,偽,,,,,,,,,,,,,,,,,,,
315,断,True,False,1,1,2116,126,断,,,,,,,,,,,,,,,,,,,,
316,乎,True,False,1,1,2117,125,呼,,,,,,,,,,,,,,,,,,,,
317,瓜,True,True,3,3,2120,122,孤,弧,狐,,,,,,,,,,,,,,,,,,
318,久,True,False,2,2,2122,120,畝,久,,,,,,,,,,,,,,,,,,,
319,奉,True,False,4,4,2126,116,棒,捧,奉,俸,,,,,,,,,,,,,,,,,
320,妻,True,False,2,2,2128,114,妻,凄,,,,,,,,,,,,,,,,,,,
321,収,True,False,1,1,2129,113,収,,,,,,,,,,,,,,,,,,,,
322,菐,True,False,2,2,2131,111,撲,僕,,,,,,,,,,,,,,,,,,,
323,善,True,False,3,3,2134,108,繕,膳,善,,,,,,,,,,,,,,,,,,
324,隊,True,False,2,2,2136,106,隊,墜,,,,,,,,,,,,,,,,,,,
325,従,True,False,2,2,2138,104,縦,従,,,,,,,,,,,,,,,,,,,
326,肉,True,True,2,2,2140,102,肉,腐,,,,,,,,,,,,,,,,,,,
327,鬲,True,True,2,2,2142,100,隔,融,,,,,,,,,,,,,,,,,,,
328,曹,True,False,3,3,2145,97,槽,遭,曹,,,,,,,,,,,,,,,,,,
329,敢,True,False,2,2,2147,95,厳,敢,,,,,,,,,,,,,,,,,,,
330,展,True,False,1,1,2148,94,展,,,,,,,,,,,,,,,,,,,,
331,卬,True,False,2,2,2150,92,仰,迎,,,,,,,,,,,,,,,,,,,
332,率,True,False,1,1,2151,91,率,,,,,,,,,,,,,,,,,,,,
333,豸,True,True,3,3,2154,88,墾,懇,貌,,,,,,,,,,,,,,,,,,
334,華,True,False,2,2,2156,86,華,嘩,,,,,,,,,,,,,,,,,,,
335,叚,True,False,2,2,2158,84,暇,霞,,,,,,,,,,,,,,,,,,,
336,⺗,False,True,3,3,2161,81,慕,恭,添,,,,,,,,,,,,,,,,,,
337,旅,True,False,1,1,2162,80,旅,,,,,,,,,,,,,,,,,,,,
338,恵,True,False,2,2,2164,78,恵,穂,,,,,,,,,,,,,,,,,,,
339,亟,True,False,1,1,2165,77,極,,,,,,,,,,,,,,,,,,,,
340,挙,True,False,1,1,2166,76,挙,,,,,,,,,,,,,,,,,,,,
341,飛,True,True,1,1,2167,75,飛,,,,,,,,,,,,,,,,,,,,
342,兪,True,False,1,1,2168,74,喩,,,,,,,,,,,,,,,,,,,,
343,竜,True,False,2,2,2170,72,滝,竜,,,,,,,,,,,,,,,,,,,
344,益,True,False,1,1,2171,71,益,,,,,,,,,,,,,,,,,,,,
345,乞,True,False,1,1,2172,70,乾,,,,,,,,,,,,,,,,,,,,
346,唐,True,False,2,2,2174,68,糖,唐,,,,,,,,,,,,,,,,,,,
347,散,True,False,1,1,2175,67,散,,,,,,,,,,,,,,,,,,,,
348,夸,True,False,1,1,2176,66,誇,,,,,,,,,,,,,,,,,,,,
349,興,True,False,1,1,2177,65,興,,,,,,,,,,,,,,,,,,,,
350,舞,True,False,1,1,2178,64,舞,,,,,,,,,,,,,,,,,,,,
351,咢,True,False,1,1,2179,63,顎,,,,,,,,,,,,,,,,,,,,
352,㔾,False,True,1,1,2180,62,犯,,,,,,,,,,,,,,,,,,,,
353,印,True,False,1,1,2181,61,印,,,,,,,,,,,,,,,,,,,,
354,継,True,False,1,1,2182,60,継,,,,,,,,,,,,,,,,,,,,
355,丑,True,False,2,2,2184,58,紐,羞,,,,,,,,,,,,,,,,,,,
356,遣,True,False,1,1,2185,57,遣,,,,,,,,,,,,,,,,,,,,
357,衆,True,False,1,1,2186,56,衆,,,,,,,,,,,,,,,,,,,,
358,候,True,False,1,1,2187,55,候,,,,,,,,,,,,,,,,,,,,
359,勤,True,False,1,1,2188,54,勤,,,,,,,,,,,,,,,,,,,,
360,侯,True,False,2,2,2190,52,喉,侯,,,,,,,,,,,,,,,,,,,
361,賓,True,False,1,1,2191,51,賓,,,,,,,,,,,,,,,,,,,,
362,丩,True,False,2,2,2193,49,叫,糾,,,,,,,,,,,,,,,,,,,
363,厷,True,False,1,1,2194,48,雄,,,,,,,,,,,,,,,,,,,,
364,覧,True,False,1,1,2195,47,覧,,,,,,,,,,,,,,,,,,,,
365,那,True,False,1,1,2196,46,那,,,,,,,,,,,,,,,,,,,,
366,麗,True,False,1,1,2197,45,麗,,,,,,,,,,,,,,,,,,,,
367,憲,True,False,1,1,2198,44,憲,,,,,,,,,,,,,,,,,,,,
368,遂,True,False,1,1,2199,43,遂,,,,,,,,,,,,,,,,,,,,
369,衰,True,False,1,1,2200,42,衰,,,,,,,,,,,,,,,,,,,,
370,爾,True,False,1,1,2201,41,璽,,,,,,,,,,,,,,,,,,,,
371,於,True,False,1,1,2202,40,於,,,,,,,,,,,,,,,,,,,,
372,雍,True,False,1,1,2203,39,擁,,,,,,,,,,,,,,,,,,,,
373,抑,True,False,1,1,2204,38,抑,,,,,,,,,,,,,,,,,,,,
374,汚,True,False,1,1,2205,37,汚,,,,,,,,,,,,,,,,,,,,
375,虐,True,False,1,1,2206,36,虐,,,,,,,,,,,,,,,,,,,,
376,后,True,False,1,1,2207,35,后,,,,,,,,,,,,,,,,,,,,
377,勧,True,False,1,1,2208,34,勧,,,,,,,,,,,,,,,,,,,,
378,爪,True,True,1,1,2209,33,爪,,,,,,,,,,,,,,,,,,,,
379,寒,True,False,1,1,2210,32,寒,,,,,,,,,,,,,,,,,,,,
380,渋,True,False,1,1,2211,31,渋,,,,,,,,,,,,,,,,,,,,
381,歓,True,False,1,1,2212,30,歓,,,,,,,,,,,,,,,,,,,,
382,慶,True,False,1,1,2213,29,慶,,,,,,,,,,,,,,,,,,,,
383,誉,True,False,1,1,2214,28,誉,,,,,,,,,,,,,,,,,,,,
384,丹,True,False,1,1,2215,27,丹,,,,,,,,,,,,,,,,,,,,
385,塁,True,False,1,1,2216,26,塁,,,,,,,,,,,,,,,,,,,,
386,眉,True,False,1,1,2217,25,眉,,,,,,,,,,,,,,,,,,,,
387,幻,True,False,1,1,2218,24,幻,,,,,,,,,,,,,,,,,,,,
388,獣,True,False,1,1,2219,23,獣,,,,,,,,,,,,,,,,,,,,
389,朕,True,False,1,1,2220,22,謄,,,,,,,,,,,,,,,,,,,,
390,薦,True,False,1,1,2221,21,薦,,,,,,,,,,,,,,,,,,,,
391,摂,True,False,1,1,2222,20,摂,,,,,,,,,,,,,,,,,,,,
392,粛,True,False,1,1,2223,19,粛,,,,,,,,,,,,,,,,,,,,
393,嘉,True,False,1,1,2224,18,嘉,,,,,,,,,,,,,,,,,,,,
394,畏,True,False,1,1,2225,17,畏,,,,,,,,,,,,,,,,,,,,
395,拳,True,False,1,1,2226,16,拳,,,,,,,,,,,,,,,,,,,,
396,潔,True,False,1,1,2227,15,潔,,,,,,,,,,,,,,,,,,,,
397,繊,True,False,1,1,2228,14,繊,,,,,,,,,,,,,,,,,,,,
398,桼,True,False,1,1,2229,13,漆,,,,,,,,,,,,,,,,,,,,
399,塞,True,False,1,1,2230,12,塞,,,,,,,,,,,,,,,,,,,,
400,膝,True,False,1,1,2231,11,膝,,,,,,,,,,,,,,,,,,,,
401,淵,True,False,1,1,2232,10,淵,,,,,,,,,,,,,,,,,,,,
402,駦,False,False,1,1,2233,9,騰,,,,,,,,,,,,,,,,,,,,
403,鬱,True,False,1,1,2234,8,鬱,,,,,,,,,,,,,,,,,,,,
404,朽,True,False,1,1,2235,7,朽,,,,,,,,,,,,,,,,,,,,
405,僅,True,False,1,1,2236,6,僅,,,,,,,,,,,,,,,,,,,,
406,帥,True,False,1,1,2237,5,帥,,,,,,,,,,,,,,,,,,,,
407,謹,True,False,1,1,2238,4,謹,,,,,,,,,,,,,,,,,,,,
408,凹,True,False,1,1,2239,3,凹,,,,,,,,,,,,,,,,,,,,
409,寡,True,False,1,1,2240,2,寡,,,,,,,,,,,,,,,,,,,,
410,凸,True,False,1,1,2241,1,凸,,,,,,,,,,,,,,,,,,,,
411,CDP-8DDC,False,False,1,1,2242,0,繭,,,,,,,,,,,,,,,,,,,,
