order,element,is_kanji,is_kangxi_radical,pruned_kanji_count,new_kanji_count,cumulative_covered,remaining_kanji,kanji_1,kanji_2,kanji_3,kanji_4,kanji_5,kanji_6,kanji_7,kanji_8,kanji_9,kanji_10,kanji_11,kanji_12,kanji_13,kanji_14,kanji_15,kanji_16,kanji_17,kanji_18,kanji_19,kanji_20,kanji_21,kanji_22,kanji_23,kanji_24,kanji_25,kanji_26,kanji_27,kanji_28,kanji_29,kanji_30,kanji_31,kanji_32,kanji_33,kanji_34,kanji_35,kanji_36,kanji_37,kanji_38,kanji_39,kanji_40,kanji_41,kanji_42,kanji_43,kanji_44,kanji_45,kanji_46,kanji_47,kanji_48,kanji_49,kanji_50,kanji_51,kanji_52,kanji_53,kanji_54,kanji_55,kanji_56,kanji_57,kanji_58,kanji_59,kanji_60,kanji_61,kanji_62,kanji_63,kanji_64,kanji_65,kanji_66,kanji_67,kanji_68,kanji_69,kanji_70,kanji_71,kanji_72
1,口,True,True,1617,2,2,6529,品,口,,,,,,,,,,,,,,,,,,,,,,,,,,,,,,,,,,,,,,,,,,,,,,,,,,,,,,,,,,,,,,,,,,,,,,
2,丿,True,True,1638,3,5,6526,丿,呂,彡,,,,,,,,,,,,,,,,,,,,,,,,,,,,,,,,,,,,,,,,,,,,,,,,,,,,,,,,,,,,,,,,,,,,,
3,日,True,True,781,4,9,6522,日,晶,昌,唱,,,,,,,,,,,,,,,,,,,,,,,,,,,,,,,,,,,,,,,,,,,,,,,,,,,,,,,,,,,,,,,,,,,,
4,一,True,True,885,4,13,6518,一,亘,三,旦,,,,,,,,,,,,,,,,,,,,,,,,,,,,,,,,,,,,,,,,,,,,,,,,,,,,,,,,,,,,,,,,,,,,
5,木,True,True,731,21,34,6497,梠,噪,椙,和,杳,喿,啝,禾,木,束,果,香,林,呆,森,橸,棟,杏,東,杲,桓,,,,,,,,,,,,,,,,,,,,,,,,,,,,,,,,,,,,,,,,,,,,,,,,,,,
6,亻,True,True,495,6,40,6491,侶,倡,休,保,亻,但,,,,,,,,,,,,,,,,,,,,,,,,,,,,,,,,,,,,,,,,,,,,,,,,,,,,,,,,,,,,,,,,,,
7,人,True,True,433,15,55,6476,𡗗,來,人,哈,合,秦,儉,榛,椿,春,从,検,僉,倹,檢,,,,,,,,,,,,,,,,,,,,,,,,,,,,,,,,,,,,,,,,,,,,,,,,,,,,,,,,,
8,十,True,True,631,16,71,6460,傘,廾,𠦝,升,昇,枡,早,叶,十,千,枯,仟,卉,古,估,什,,,,,,,,,,,,,,,,,,,,,,,,,,,,,,,,,,,,,,,,,,,,,,,,,,,,,,,,
9,土,True,True,422,12,83,6448,吐,圭,杜,坦,埜,垣,堡,土,佳,桂,哇,坐,,,,,,,,,,,,,,,,,,,,,,,,,,,,,,,,,,,,,,,,,,,,,,,,,,,,,,,,,,,,
10,丨,True,True,416,20,103,6428,介,由,曳,串,柚,呻,个,中,呷,坤,丰,价,丨,單,申,卅,伸,旧,甲,仲,,,,,,,,,,,,,,,,,,,,,,,,,,,,,,,,,,,,,,,,,,,,,,,,,,,,
11,亠,True,True,568,4,107,6424,埣,倅,卒,亠,,,,,,,,,,,,,,,,,,,,,,,,,,,,,,,,,,,,,,,,,,,,,,,,,,,,,,,,,,,,,,,,,,,,
12,丶,True,True,435,2,109,6422,朮,丶,,,,,,,,,,,,,,,,,,,,,,,,,,,,,,,,,,,,,,,,,,,,,,,,,,,,,,,,,,,,,,,,,,,,,,
13,八,True,True,592,9,118,6413,只,椣,㕣,八,叭,儿,六,典,枳,,,,,,,,,,,,,,,,,,,,,,,,,,,,,,,,,,,,,,,,,,,,,,,,,,,,,,,,,,,,,,,
14,目,True,True,396,11,129,6402,賁,唄,相,目,貝,冒,員,噴,墳,賚,瞼,,,,,,,,,,,,,,,,,,,,,,,,,,,,,,,,,,,,,,,,,,,,,,,,,,,,,,,,,,,,,
15,大,True,True,357,18,147,6384,犬,太,猋,奔,吠,哭,夲,大,吞,夭,犮,呑,天,秡,器,伏,奎,夾,,,,,,,,,,,,,,,,,,,,,,,,,,,,,,,,,,,,,,,,,,,,,,,,,,,,,,
16,氵,True,True,367,20,167,6364,涅,濆,淋,油,沐,汁,淬,澡,沃,沽,沖,浹,汨,汰,沿,泪,洽,汢,湘,氵,,,,,,,,,,,,,,,,,,,,,,,,,,,,,,,,,,,,,,,,,,,,,,,,,,,,
17,冖,True,True,403,6,173,6358,暝,冥,榠,冖,瞑,溟,,,,,,,,,,,,,,,,,,,,,,,,,,,,,,,,,,,,,,,,,,,,,,,,,,,,,,,,,,,,,,,,,,
18,月,True,True,364,30,203,6328,俎,臉,楜,嘲,胛,査,咀,涓,朋,柤,胄,胆,湖,渣,潮,棚,租,冐,肙,明,潸,冑,沮,月,脾,胡,堋,且,朝,肚,,,,,,,,,,,,,,,,,,,,,,,,,,,,,,,,,,,,,,,,,,
19,厶,True,True,246,20,223,6308,貽,松,仏,法,育,淞,公,弃,厶,弁,去,厽,治,允,胎,枩,吮,台,充,私,,,,,,,,,,,,,,,,,,,,,,,,,,,,,,,,,,,,,,,,,,,,,,,,,,,,
20,卜,True,True,217,19,242,6289,卦,占,倬,偵,仆,卜,卞,啅,圷,上,梺,沾,貞,棹,卓,下,貼,朴,垰,,,,,,,,,,,,,,,,,,,,,,,,,,,,,,,,,,,,,,,,,,,,,,,,,,,,,
21,儿,True,True,259,32,274,6257,僥,覘,兢,児,尭,曉,兄,見,兀,兌,淕,脱,暁,冘,沈,俔,亮,睦,喨,深,澆,橈,坴,克,禿,眈,枕,㓁,堯,税,呪,況,,,,,,,,,,,,,,,,,,,,,,,,,,,,,,,,,,,,,,,,
22,宀,True,True,222,13,287,6244,暄,実,窪,突,宀,宍,喧,宙,宣,宋,宜,穴,宮,,,,,,,,,,,,,,,,,,,,,,,,,,,,,,,,,,,,,,,,,,,,,,,,,,,,,,,,,,,
23,厂,True,True,298,14,301,6230,厭,壓,圧,楯,貭,昃,厓,睚,盾,暦,仄,涯,厂,啀,,,,,,,,,,,,,,,,,,,,,,,,,,,,,,,,,,,,,,,,,,,,,,,,,,,,,,,,,,
24,言,True,True,197,14,315,6216,言,訟,詛,詁,諌,誼,課,譟,訃,説,諠,詒,信,計,,,,,,,,,,,,,,,,,,,,,,,,,,,,,,,,,,,,,,,,,,,,,,,,,,,,,,,,,,
25,乂,True,False,244,16,331,6200,棥,爼,爽,史,更,吏,樊,乂,旻,爻,杖,吝,文,使,丈,仗,,,,,,,,,,,,,,,,,,,,,,,,,,,,,,,,,,,,,,,,,,,,,,,,,,,,,,,,
26,冂,True,True,294,38,369,6162,丙,肭,棗,僑,柄,橋,冉,内,淪,向,槁,棘,髞,喬,訥,塙,論,冏,洞,棆,同,倫,胴,稿,冊,高,吶,侖,桐,柵,网,再,朿,册,冋,膏,稾,冂,,,,,,,,,,,,,,,,,,,,,,,,,,,,,,,,,,
27,亅,True,True,174,24,393,6138,埼,宁,奇,可,訂,丁,柯,哥,亭,椅,呵,渟,何,倚,佇,停,謌,汀,叮,寄,河,亅,貯,訶,,,,,,,,,,,,,,,,,,,,,,,,,,,,,,,,,,,,,,,,,,,,,,,,
28,二,True,True,206,17,410,6121,会,井,二,完,于,脊,仁,晉,吁,云,浣,宇,穽,元,伝,桧,丼,,,,,,,,,,,,,,,,,,,,,,,,,,,,,,,,,,,,,,,,,,,,,,,,,,,,,,,
29,寸,True,True,138,23,433,6098,封,討,尅,吋,寺,柎,寸,詩,守,肘,涛,寿,梼,対,付,時,冠,咐,侍,坿,㝵,村,塒,,,,,,,,,,,,,,,,,,,,,,,,,,,,,,,,,,,,,,,,,,,,,,,,,
30,又,True,True,237,23,456,6075,攴,支,仮,敲,板,販,双,肢,冦,反,及,叉,伎,枝,寇,汲,桑,又,圣,啜,吸,汳,坂,,,,,,,,,,,,,,,,,,,,,,,,,,,,,,,,,,,,,,,,,,,,,,,,,
31,扌,True,True,231,37,493,6038,捐,挿,挫,持,挟,挾,挂,損,拊,扱,財,拾,扣,才,拝,掛,捏,担,抽,扠,扌,掉,払,撓,探,材,操,抬,捜,技,拔,抻,押,抃,掎,打,拈,,,,,,,,,,,,,,,,,,,,,,,,,,,,,,,,,,,
32,⻌,False,True,79,8,501,6030,迪,速,辻,這,述,返,迂,遁,,,,,,,,,,,,,,,,,,,,,,,,,,,,,,,,,,,,,,,,,,,,,,,,,,,,,,,,,,,,,,,,
33,糸,True,True,210,35,536,5995,繰,紳,給,絲,統,紆,紋,絹,紵,綸,紿,絵,組,綴,係,縞,綽,繞,系,納,絅,練,䜌,紊,縉,級,欒,糸,索,綺,絽,紜,経,紬,紂,,,,,,,,,,,,,,,,,,,,,,,,,,,,,,,,,,,,,
34,弋,True,True,175,44,580,5951,戉,咸,濺,戌,賊,賤,淺,戝,械,杙,戟,浅,域,栽,貮,綫,戎,誡,戰,戔,哉,弋,弌,賎,緘,戈,貸,桟,喊,減,膩,或,伐,𢦏,弍,戍,貳,找,弐,棧,代,戊,垈,絨,,,,,,,,,,,,,,,,,,,,,,,,,,,,
35,王,True,True,134,31,611,5920,現,住,主,注,宝,詮,王,珊,栓,枉,抂,弄,珪,玉,玩,呈,哢,全,琺,壬,玳,柱,程,汪,珂,瑁,琳,瑚,斑,註,旺,,,,,,,,,,,,,,,,,,,,,,,,,,,,,,,,,,,,,,,,,
36,山,True,True,150,31,642,5889,山,岨,崎,峇,繃,岱,圸,崕,岐,嵒,辿,両,峡,崩,嶮,峠,峽,岾,崘,岫,仙,杣,汕,巒,岬,峙,嵩,嶢,崖,崙,峅,,,,,,,,,,,,,,,,,,,,,,,,,,,,,,,,,,,,,,,,,
37,干,True,True,91,19,661,5870,稈,干,开,訐,旱,幹,岸,枅,幵,汗,肝,澣,杆,栞,桿,午,捍,扞,罕,,,,,,,,,,,,,,,,,,,,,,,,,,,,,,,,,,,,,,,,,,,,,,,,,,,,,
38,貝,True,True,7,1,662,5869,贔,,,,,,,,,,,,,,,,,,,,,,,,,,,,,,,,,,,,,,,,,,,,,,,,,,,,,,,,,,,,,,,,,,,,,,,
39,艹,True,True,408,62,724,5807,莢,艾,莽,蕀,苦,菓,寛,暮,茎,莧,苧,艹,蒿,藁,嚆,芥,荷,莫,蕎,渮,摸,茯,菖,寞,芫,萌,萊,苛,藻,葆,模,菘,墓,苒,萱,苔,蓁,葫,苫,荅,苴,莞,萓,苜,蕘,芸,蒄,菻,萠,膜,謨,茂,塔,茶,漠,蒔,膵,草,芋,搭,苻,萃,,,,,,,,,,
40,彳,True,True,69,8,732,5799,循,徂,彳,得,待,徠,径,往,,,,,,,,,,,,,,,,,,,,,,,,,,,,,,,,,,,,,,,,,,,,,,,,,,,,,,,,,,,,,,,,
41,立,True,True,162,46,778,5753,菩,站,織,賠,暗,親,梓,苙,境,竚,柆,辜,泣,竦,辣,縡,竏,樟,嶂,咅,商,識,培,竍,位,諳,韻,璋,莅,竝,辯,競,宰,立,滓,竸,竟,竒,音,章,嵜,拉,辮,倍,辛,戠,,,,,,,,,,,,,,,,,,,,,,,,,,
42,田,True,True,317,56,834,5697,畐,累,睥,鬼,囎,壘,畍,畆,卑,嵬,畤,渭,畺,畚,細,堺,佃,瑰,甶,魃,苗,塊,畸,橿,畦,魘,界,甼,稗,畊,畴,胃,僵,畷,喟,沺,富,儡,傀,櫑,田,俾,畳,冨,逼,謂,縲,槐,魂,曽,町,蒐,薑,描,疊,畀,,,,,,,,,,,,,,,,
43,心,True,True,160,35,869,5662,思,億,秘,瑟,宓,患,憖,感,惑,臆,腮,蕊,撼,必,心,泌,意,芯,噫,忠,惷,檍,恚,密,戀,忩,偲,沁,想,蘂,総,窓,恷,怠,樒,,,,,,,,,,,,,,,,,,,,,,,,,,,,,,,,,,,,,
44,勹,True,True,187,30,899,5632,佝,勹,勺,匐,旬,甸,匀,蔔,蒟,芍,掲,匁,喝,勾,葛,荀,謁,苟,詢,約,均,杓,葯,洵,渇,絢,句,枸,徇,拘,,,,,,,,,,,,,,,,,,,,,,,,,,,,,,,,,,,,,,,,,,
45,⺕,False,False,131,10,909,5622,侵,彗,君,伊,窘,浸,秉,桾,尹,慧,,,,,,,,,,,,,,,,,,,,,,,,,,,,,,,,,,,,,,,,,,,,,,,,,,,,,,,,,,,,,,
46,戈,True,True,26,1,910,5621,戒,,,,,,,,,,,,,,,,,,,,,,,,,,,,,,,,,,,,,,,,,,,,,,,,,,,,,,,,,,,,,,,,,,,,,,,
47,中,True,False,1,0,910,5621,,,,,,,,,,,,,,,,,,,,,,,,,,,,,,,,,,,,,,,,,,,,,,,,,,,,,,,,,,,,,,,,,,,,,,,,
48,凵,True,True,92,20,930,5601,沌,屯,洶,屮,匈,凵,漓,离,芻,兇,凶,純,柮,出,画,咄,拙,胸,朏,蒭,,,,,,,,,,,,,,,,,,,,,,,,,,,,,,,,,,,,,,,,,,,,,,,,,,,,
49,女,True,True,172,50,980,5551,倭,魏,女,婪,佞,按,婢,奸,妛,案,奴,安,汝,宴,瓔,妲,妾,絮,妓,嚶,櫻,嬰,姑,縅,娼,姐,委,威,椄,妍,娃,萎,纓,始,接,茹,晏,姶,洳,恕,嬋,妖,嬌,怒,姦,如,娟,巍,呶,妁,,,,,,,,,,,,,,,,,,,,,,
50,𠂉,True,False,196,30,1010,5521,畋,微,徽,做,斂,警,撤,條,瀲,敗,𠂉,絛,嫩,悠,敬,倏,滌,故,澂,變,枚,脩,攵,薇,敕,懲,檠,徹,徴,攸,,,,,,,,,,,,,,,,,,,,,,,,,,,,,,,,,,,,,,,,,,
51,門,True,True,67,35,1045,5486,閲,閂,闡,閾,閉,閊,閏,閇,櫚,嫻,閔,繝,捫,閘,們,悶,闃,問,闇,間,椚,潤,閭,蘭,閠,墹,閃,閥,閑,澗,門,閨,開,嫺,閤,,,,,,,,,,,,,,,,,,,,,,,,,,,,,,,,,,,,,
52,刀,True,True,112,42,1087,5444,吩,綛,荵,扮,刄,藾,紹,仞,召,劒,茘,拐,認,竕,仭,朷,枴,剱,紛,沼,岔,屶,詔,刧,芬,扨,貧,辺,汾,嬾,招,辧,劔,分,昭,刀,忍,韶,忿,叨,刃,枌,,,,,,,,,,,,,,,,,,,,,,,,,,,,,,
53,力,True,True,88,29,1116,5415,劫,力,嫐,朸,劭,仂,茄,莇,賀,肋,募,伽,迦,助,勅,協,脅,嬲,劦,勗,加,男,珈,脇,劬,枷,架,努,娚,,,,,,,,,,,,,,,,,,,,,,,,,,,,,,,,,,,,,,,,,,,
54,本,True,False,5,2,1118,5413,本,体,,,,,,,,,,,,,,,,,,,,,,,,,,,,,,,,,,,,,,,,,,,,,,,,,,,,,,,,,,,,,,,,,,,,,,
55,囗,True,True,99,38,1156,5375,菌,國,茴,咽,四,茵,擅,困,圓,囚,梱,姻,囗,個,椢,圖,因,団,嗇,掴,稟,国,摑,徊,薔,回,穡,恩,壇,固,膕,亶,檀,涸,檣,泅,囲,泗,,,,,,,,,,,,,,,,,,,,,,,,,,,,,,,,,,
56,子,True,True,71,22,1178,5353,勃,李,孜,遜,字,暾,仔,孛,椁,淳,諄,季,享,敦,厚,孑,孫,子,好,孥,斈,渤,,,,,,,,,,,,,,,,,,,,,,,,,,,,,,,,,,,,,,,,,,,,,,,,,,
57,灬,True,True,325,8,1186,5345,烋,点,然,杰,照,煦,撚,灬,,,,,,,,,,,,,,,,,,,,,,,,,,,,,,,,,,,,,,,,,,,,,,,,,,,,,,,,,,,,,,,,
58,士,True,True,132,28,1214,5317,劼,読,姙,週,拮,佶,調,稠,綢,恁,誌,周,売,仕,続,吉,荏,桔,任,妊,結,舎,志,賃,士,詰,涜,捨,,,,,,,,,,,,,,,,,,,,,,,,,,,,,,,,,,,,,,,,,,,,
59,广,True,True,120,26,1240,5291,俯,縻,店,広,応,腑,床,嘛,廟,魔,椨,庁,賍,拡,庚,廂,廩,广,昿,麿,府,庄,麻,蓙,座,絋,,,,,,,,,,,,,,,,,,,,,,,,,,,,,,,,,,,,,,,,,,,,,,
60,𠂊,False,False,186,31,1271,5260,急,鰔,沒,鱆,蘇,鯛,鮭,櫓,渙,喚,換,鰄,魚,鰆,奐,鮒,負,城,晟,魯,鰓,成,漁,浄,鯀,蘓,鮴,争,鮎,誠,鮟,,,,,,,,,,,,,,,,,,,,,,,,,,,,,,,,,,,,,,,,,
61,刂,True,True,98,37,1308,5223,廁,副,則,利,刑,剳,荊,側,刈,俐,鯏,班,剌,刺,莉,辨,剣,捌,苅,刂,刊,刹,剞,溂,厠,䚯,剖,剋,刋,喇,刪,測,劍,梨,薊,型,別,,,,,,,,,,,,,,,,,,,,,,,,,,,,,,,,,,,
62,年,True,False,1,1,1309,5222,年,,,,,,,,,,,,,,,,,,,,,,,,,,,,,,,,,,,,,,,,,,,,,,,,,,,,,,,,,,,,,,,,,,,,,,,
63,耂,True,True,48,15,1324,5207,儲,孝,著,哮,渚,者,賭,諸,藷,堵,教,暑,煮,耂,緒,,,,,,,,,,,,,,,,,,,,,,,,,,,,,,,,,,,,,,,,,,,,,,,,,,,,,,,,,
64,匕,True,True,176,34,1358,5173,脂,囮,貨,訛,椛,鮨,藹,匂,它,詣,姥,臈,花,佗,埖,指,叱,能,老,熊,壱,旨,態,嗜,鰭,耆,曷,蓍,柁,沱,匕,咾,化,詑,,,,,,,,,,,,,,,,,,,,,,,,,,,,,,,,,,,,,,
65,里,True,True,70,40,1398,5133,廛,墨,黛,理,厘,浬,黜,瞳,黯,働,黑,腫,里,種,橦,動,量,勳,哩,竰,撞,童,重,熏,黠,俚,點,薫,黶,鯉,潼,纒,僮,默,纏,埋,黒,董,黙,勲,,,,,,,,,,,,,,,,,,,,,,,,,,,,,,,,
66,夂,True,True,122,46,1444,5087,洛,咎,鰒,挌,落,絡,格,峻,蔆,崚,稜,畧,咯,賂,略,閣,夂,竣,条,擱,椶,珞,峰,腹,薐,各,綾,蓬,复,夊,喀,麥,夌,夋,菱,茖,峯,唆,復,客,浚,馥,梭,逢,夆,俊,,,,,,,,,,,,,,,,,,,,,,,,,,
67,禾,True,True,2,0,1444,5087,,,,,,,,,,,,,,,,,,,,,,,,,,,,,,,,,,,,,,,,,,,,,,,,,,,,,,,,,,,,,,,,,,,,,,,,
68,乙,True,True,71,15,1459,5072,扎,糺,吼,孔,迅,七,丸,札,卂,乢,訊,乙,紮,乞,九,,,,,,,,,,,,,,,,,,,,,,,,,,,,,,,,,,,,,,,,,,,,,,,,,,,,,,,,,
69,夕,True,True,88,27,1486,5045,侈,名,殀,葬,殕,殘,殉,列,残,殫,洌,歿,殆,死,茗,汐,移,例,梦,夕,歹,夥,外,殞,多,烈,夛,,,,,,,,,,,,,,,,,,,,,,,,,,,,,,,,,,,,,,,,,,,,,
70,千,True,False,23,10,1496,5035,括,闊,辞,話,乱,舍,濶,舌,活,刮,,,,,,,,,,,,,,,,,,,,,,,,,,,,,,,,,,,,,,,,,,,,,,,,,,,,,,,,,,,,,,
71,小,True,True,128,44,1540,4991,景,寂,妙,抄,娑,劣,椒,尖,亰,瞥,暼,督,京,涼,紗,省,槭,戚,弊,秒,敝,少,鯨,尓,杪,鯊,掠,小,渺,諒,沙,淑,勍,黥,緲,叔,椋,莎,俶,菽,尗,蔽,瑣,眇,,,,,,,,,,,,,,,,,,,,,,,,,,,,
72,三,True,False,16,9,1549,4982,覯,溝,構,縫,媾,冓,搆,講,購,,,,,,,,,,,,,,,,,,,,,,,,,,,,,,,,,,,,,,,,,,,,,,,,,,,,,,,,,,,,,,,
73,白,True,True,108,25,1574,4957,迫,皀,皖,柏,原,愿,皇,白,泊,畠,百,湟,皃,魄,皐,伯,皈,鰉,皋,拍,源,珀,徨,岶,的,,,,,,,,,,,,,,,,,,,,,,,,,,,,,,,,,,,,,,,,,,,,,,,
74,隹,True,True,137,53,1627,4904,讐,寉,雜,維,崔,焦,觀,樵,催,奮,隼,蒦,奪,集,推,應,護,誰,雛,蕉,灌,椎,準,讎,權,雁,攫,勸,堆,雙,欟,隻,雎,攜,囃,進,矍,贋,唯,稚,雕,讙,淮,售,穫,膺,摧,奞,截,藺,雀,隹,瞿,,,,,,,,,,,,,,,,,,,
75,方,True,True,75,34,1661,4870,傍,鰲,游,徼,遊,坊,斿,方,贅,倣,謗,妨,熬,肪,紡,枋,彷,滂,傲,竅,圀,放,榜,魴,激,芳,訪,旁,檄,敫,嗷,蒡,膀,敖,,,,,,,,,,,,,,,,,,,,,,,,,,,,,,,,,,,,,,
76,生,True,True,19,9,1670,4861,姓,生,旌,星,甦,産,徃,甥,腥,,,,,,,,,,,,,,,,,,,,,,,,,,,,,,,,,,,,,,,,,,,,,,,,,,,,,,,,,,,,,,,
77,行,True,True,19,12,1682,4849,衢,衍,街,垳,術,哘,衡,桁,愆,衝,絎,行,,,,,,,,,,,,,,,,,,,,,,,,,,,,,,,,,,,,,,,,,,,,,,,,,,,,,,,,,,,,
78,金,True,True,160,59,1741,4790,鍠,金,銅,鈍,鉛,銃,釵,釣,鈑,錬,鋭,崟,釟,針,釦,銛,鈔,釖,鋒,錢,鍄,鉱,鐓,銘,錨,鍾,銓,鈷,鈿,鋤,錣,釘,鍼,鏡,錐,銜,鈎,錺,鉈,鉢,钁,鈞,鑾,鋏,鉞,錮,鐃,鐵,銭,釼,鎬,釛,鉤,淦,釡,錵,鑵,鐘,鋳,,,,,,,,,,,,,
79,斤,True,True,61,32,1773,4758,哲,薪,浜,柝,鋲,沂,兵,芹,晰,質,斤,丘,岳,皙,析,淅,圻,泝,新,誓,折,釿,近,浙,梹,听,斥,訴,拆,晢,噺,逝,,,,,,,,,,,,,,,,,,,,,,,,,,,,,,,,,,,,,,,,
80,米,True,True,122,47,1820,4711,粧,糜,米,潘,粭,釉,繙,粡,旙,旛,蕃,糧,鐇,粉,菊,瀋,迷,粁,薮,粲,粹,謎,糎,粗,播,糀,審,粒,掬,籾,渊,番,粕,籵,糊,匊,娄,膰,悉,藩,糢,奥,粘,椈,釆,楼,数,,,,,,,,,,,,,,,,,,,,,,,,,
81,止,True,True,92,34,1854,4677,雌,貲,企,賦,眥,錻,歳,正,址,止,櫪,呰,眦,些,柴,澁,武,歴,瀝,斌,歩,蕋,紫,澀,歯,歰,渉,噛,捗,肯,此,贇,穢,沚,,,,,,,,,,,,,,,,,,,,,,,,,,,,,,,,,,,,,,
82,車,True,True,89,42,1896,4635,暫,慙,暉,渾,輻,諢,車,運,漣,輪,轣,軍,軸,載,槧,斬,轗,轍,揮,嶄,琿,鏨,暈,俥,軋,転,塹,連,軽,轡,輅,漸,葷,輟,轎,轟,軻,軒,輹,輌,蓮,庫,,,,,,,,,,,,,,,,,,,,,,,,,,,,,,
83,竹,True,True,125,46,1942,4589,篝,竿,筒,筥,箸,筴,筱,策,筈,笑,箘,箚,箇,符,箋,竺,答,筏,笋,笨,等,筧,篁,筍,筝,箔,筬,箱,箴,筋,簽,籟,笳,笙,笠,纂,篠,筌,竹,笘,笄,簡,簒,算,笞,笈,,,,,,,,,,,,,,,,,,,,,,,,,,
84,者,True,False,11,7,1949,4582,闍,奢,墸,楮,偖,覩,睹,,,,,,,,,,,,,,,,,,,,,,,,,,,,,,,,,,,,,,,,,,,,,,,,,,,,,,,,,,,,,,,,,
85,忄,True,True,133,57,2006,4525,忱,悖,悸,悋,怡,慟,忻,懍,悚,怐,怪,愃,恬,惆,悧,恪,憫,懼,惺,悴,怯,恰,悍,怕,慚,憔,怛,憤,恒,性,憧,憬,悁,忄,懽,惇,恟,恊,憶,忖,憾,愎,恃,懆,悦,懶,惟,怙,悃,悛,惶,悼,恂,愧,惻,憚,恫,,,,,,,,,,,,,,,
86,⻖,False,True,71,31,2037,4494,阻,隍,隕,陀,阮,阿,阪,険,陞,障,險,陜,隗,婀,陳,附,防,隆,隙,阯,陵,院,薩,陟,陦,陣,陪,嶐,阡,陥,陸,,,,,,,,,,,,,,,,,,,,,,,,,,,,,,,,,,,,,,,,,
87,自,True,True,24,10,2047,4484,嬶,憩,嗅,鼻,戛,夏,臭,息,嚊,自,,,,,,,,,,,,,,,,,,,,,,,,,,,,,,,,,,,,,,,,,,,,,,,,,,,,,,,,,,,,,,
88,几,True,True,111,35,2082,4449,汎,凪,冗,壳,凩,伉,殳,杭,𣪘,投,没,咒,亢,抗,役,殻,設,拠,廏,股,坑,机,凭,処,梵,繋,穀,肌,吭,凰,凡,殺,夙,几,芟,,,,,,,,,,,,,,,,,,,,,,,,,,,,,,,,,,,,,
89,勿,True,False,41,26,2108,4423,暘,易,楊,腸,吻,惚,揚,膓,暢,錫,傷,刎,忽,慯,鯣,勿,蕩,塲,賜,殤,剔,湯,場,笏,昜,陽,,,,,,,,,,,,,,,,,,,,,,,,,,,,,,,,,,,,,,,,,,,,,,
90,尸,True,True,98,50,2158,4373,尸,咫,鋸,呎,譬,壁,届,堀,屎,辟,尺,避,鈬,屆,薜,釈,窟,僻,倔,居,怩,劈,孱,屍,闢,眤,蘗,嬖,昵,屠,倨,屡,屈,屐,昼,璧,沢,尼,屓,訳,臂,履,崛,据,局,択,泥,掘,檗,潺,,,,,,,,,,,,,,,,,,,,,,
91,龰,False,False,28,17,2175,4356,蹙,促,徒,徙,超,樅,縱,從,躄,赴,走,越,蹤,趨,捉,足,慫,,,,,,,,,,,,,,,,,,,,,,,,,,,,,,,,,,,,,,,,,,,,,,,,,,,,,,,
92,用,True,True,57,8,2183,4348,庸,傭,備,慵,嘴,憊,糒,用,,,,,,,,,,,,,,,,,,,,,,,,,,,,,,,,,,,,,,,,,,,,,,,,,,,,,,,,,,,,,,,,
93,事,True,False,1,1,2184,4347,事,,,,,,,,,,,,,,,,,,,,,,,,,,,,,,,,,,,,,,,,,,,,,,,,,,,,,,,,,,,,,,,,,,,,,,,
94,己,True,True,78,36,2220,4311,芭,色,胞,杷,把,起,悒,鉋,肥,葩,絶,妃,皅,巳,鮑,笆,囘,枹,垉,麭,已,泡,琶,紀,邑,苞,咆,杞,萢,抱,忌,己,庖,記,包,改,,,,,,,,,,,,,,,,,,,,,,,,,,,,,,,,,,,,
95,天,True,False,60,5,2225,4306,輳,湊,奏,俣,昊,,,,,,,,,,,,,,,,,,,,,,,,,,,,,,,,,,,,,,,,,,,,,,,,,,,,,,,,,,,,,,,,,,,
96,頁,True,True,63,30,2255,4276,類,瀕,頒,瀬,顆,頂,顴,願,囂,頑,頻,頏,頚,蘋,頓,頼,纈,頰,額,頬,頁,頽,噸,顋,頃,顫,頡,穎,頌,傾,,,,,,,,,,,,,,,,,,,,,,,,,,,,,,,,,,,,,,,,,,
97,廿,True,False,147,7,2262,4269,渡,度,鍍,遮,蔗,廿,庶,,,,,,,,,,,,,,,,,,,,,,,,,,,,,,,,,,,,,,,,,,,,,,,,,,,,,,,,,,,,,,,,,
98,⻏,False,True,45,15,2277,4254,鄒,部,槨,鄲,邱,郢,鄙,邦,廓,邨,郡,邵,都,郭,蔀,,,,,,,,,,,,,,,,,,,,,,,,,,,,,,,,,,,,,,,,,,,,,,,,,,,,,,,,,
99,巾,True,True,92,42,2319,4212,帆,閙,帰,幎,巾,掃,幗,棉,緜,綿,幅,乕,凧,姉,刷,逓,帷,錦,婦,箒,幢,幇,帑,蓆,菷,柿,幕,席,市,帽,幡,冪,旆,沛,幣,吊,帛,帖,幀,幟,帚,肺,,,,,,,,,,,,,,,,,,,,,,,,,,,,,,
100,廾,True,True,17,3,2322,4209,曲,鼾,腆,,,,,,,,,,,,,,,,,,,,,,,,,,,,,,,,,,,,,,,,,,,,,,,,,,,,,,,,,,,,,,,,,,,,,
101,䒑,True,False,89,5,2327,4204,幸,䒑,圉,倖,睾,,,,,,,,,,,,,,,,,,,,,,,,,,,,,,,,,,,,,,,,,,,,,,,,,,,,,,,,,,,,,,,,,,,
102,⺌,False,True,60,47,2374,4157,稍,鮹,銷,晄,敞,堂,鐺,幌,尚,黨,悄,档,消,滉,輝,恍,洸,嫦,党,哨,賞,誚,儻,梢,嘗,趙,淌,廠,斃,屑,厰,削,宵,常,晃,光,胱,幤,絖,棠,當,当,肖,瞠,鎖,償,峭,,,,,,,,,,,,,,,,,,,,,,,,,
103,耳,True,True,73,38,2412,4119,咠,鑷,輯,囁,耶,聶,椰,聞,攝,緝,楫,諏,趣,取,茸,耳,揖,聖,耻,恥,聒,聡,樶,職,掫,懾,撮,顳,揶,娵,聳,輙,葺,最,珥,娶,耽,陬,,,,,,,,,,,,,,,,,,,,,,,,,,,,,,,,,,
104,冫,True,True,78,21,2433,4098,終,冽,韵,凍,凉,柊,鮗,凋,准,冫,尽,冶,苳,凜,侭,况,凅,冬,冲,凖,凌,,,,,,,,,,,,,,,,,,,,,,,,,,,,,,,,,,,,,,,,,,,,,,,,,,,
105,工,True,True,93,39,2472,4059,潯,恐,訌,軾,築,筑,噬,控,肛,墻,紅,攻,空,式,跫,蕁,弑,倥,杠,椌,腔,試,項,扛,筮,槓,功,箜,尋,誣,江,噐,貢,覡,啌,巫,拭,杢,工,,,,,,,,,,,,,,,,,,,,,,,,,,,,,,,,,
106,衣,True,True,58,26,2498,4033,滾,依,衣,裹,表,裔,裁,園,袁,喪,裟,袞,襞,袈,遠,裏,簔,裳,衷,薗,裂,轅,畩,褒,袋,哀,,,,,,,,,,,,,,,,,,,,,,,,,,,,,,,,,,,,,,,,,,,,,,
107,手,True,True,22,12,2510,4021,看,摩,拜,撃,攣,湃,掌,擘,手,攀,拿,拏,,,,,,,,,,,,,,,,,,,,,,,,,,,,,,,,,,,,,,,,,,,,,,,,,,,,,,,,,,,,
108,牛,True,True,51,30,2540,3991,犇,牧,掣,桙,制,皓,製,晧,浩,吽,件,牲,犁,造,告,梏,犒,牢,犂,惣,牝,特,牡,牟,眸,窖,牛,鉾,誥,物,,,,,,,,,,,,,,,,,,,,,,,,,,,,,,,,,,,,,,,,,,
109,礻,True,True,22,15,2555,3976,禎,祁,社,神,榊,視,礼,福,祖,鰰,礻,祝,祉,祈,祷,,,,,,,,,,,,,,,,,,,,,,,,,,,,,,,,,,,,,,,,,,,,,,,,,,,,,,,,,
110,マ,False,False,51,12,2567,3964,甬,桶,涌,鯒,樋,勇,俑,誦,湧,慂,囹,通,,,,,,,,,,,,,,,,,,,,,,,,,,,,,,,,,,,,,,,,,,,,,,,,,,,,,,,,,,,,
111,文,True,True,1,0,2567,3964,,,,,,,,,,,,,,,,,,,,,,,,,,,,,,,,,,,,,,,,,,,,,,,,,,,,,,,,,,,,,,,,,,,,,,,,
112,入,True,True,35,10,2577,3954,愈,諭,込,圦,輸,入,陝,愉,叺,杁,,,,,,,,,,,,,,,,,,,,,,,,,,,,,,,,,,,,,,,,,,,,,,,,,,,,,,,,,,,,,,
113,石,True,True,79,39,2616,3915,磊,磨,碍,砲,碩,柘,礁,硼,碵,斫,石,碎,碚,研,確,硝,碑,碓,礬,鮖,碕,砧,拓,磅,鉐,碧,磽,硴,宕,硯,砦,妬,硅,砠,礑,矼,岩,砿,砂,,,,,,,,,,,,,,,,,,,,,,,,,,,,,,,,,
114,火,True,True,105,62,2678,3853,烱,楸,𤇾,耿,啖,焔,烙,烽,炙,犖,塋,灯,炭,燻,瑩,啾,勞,炯,煩,詼,愀,熾,炎,煢,萩,鍬,灰,淡,焙,灼,燃,畑,煥,煌,湫,秋,燒,滅,煬,燦,火,炮,談,熄,愁,炒,撈,營,烟,榮,燗,焼,燔,燉,熕,燥,燮,焚,炳,煉,恢,鰍,,,,,,,,,,
115,弓,True,True,72,37,2715,3816,彎,弱,弸,嫋,蒻,彁,弭,弟,鰯,拂,彿,弗,溺,弘,嵶,姨,洟,弔,弖,銕,沸,搦,泓,怫,粥,穹,彈,彊,疆,夷,費,弓,灣,第,弩,佛,引,,,,,,,,,,,,,,,,,,,,,,,,,,,,,,,,,,,
116,龶,False,False,44,29,2744,3787,債,錆,積,害,清,契,麹,瞎,楔,簀,素,静,請,漬,麦,磧,責,勣,割,精,青,績,轄,情,喫,靖,嘖,晴,鯖,,,,,,,,,,,,,,,,,,,,,,,,,,,,,,,,,,,,,,,,,,,
117,也,True,False,10,8,2752,3779,也,釶,他,地,弛,池,施,葹,,,,,,,,,,,,,,,,,,,,,,,,,,,,,,,,,,,,,,,,,,,,,,,,,,,,,,,,,,,,,,,,
118,疋,True,True,35,22,2774,3757,礎,疎,婿,掟,提,壻,題,寔,匙,諚,碇,是,綻,淀,胥,定,楚,疋,錠,旋,堤,聢,,,,,,,,,,,,,,,,,,,,,,,,,,,,,,,,,,,,,,,,,,,,,,,,,,
119,欠,True,True,53,22,2796,3735,坎,漱,吹,恣,粢,歡,次,茨,掀,炊,歛,欽,欹,欠,軟,欣,姿,諮,咨,嗽,歌,資,,,,,,,,,,,,,,,,,,,,,,,,,,,,,,,,,,,,,,,,,,,,,,,,,,
120,艮,True,True,50,13,2809,3722,眼,即,恨,銀,喞,很,腿,限,根,艮,節,退,垠,,,,,,,,,,,,,,,,,,,,,,,,,,,,,,,,,,,,,,,,,,,,,,,,,,,,,,,,,,,
121,虫,True,True,156,72,2881,3650,蠢,虹,蚫,蟐,蛤,螯,蛙,嘱,繦,蜩,蠻,蝗,蠖,蛔,蛋,蜜,属,螺,蝠,蛄,蠑,蟯,雖,蝴,蛯,蟋,蠎,蜴,櫁,蝮,蟲,蟶,蟒,蛻,蛹,蚓,蚯,蝟,蚋,虫,螟,蛆,蟇,螳,蟷,蝨,蚕,蠧,蛇,蚩,蛸,蟠,蜆,蚌,嗤,蛞,蚊,禹,蛩,螢,蚰,蜂,蝣,蚣,蟆,蜥,蝪,掻,強,蜊,螽,蟬
122,卩,True,True,89,44,2925,3606,怜,危,怨,聆,碗,服,軛,玲,伶,冷,却,令,脚,范,卩,鈴,齢,苓,鋺,腕,苑,掵,叩,詭,氾,嶺,範,蜿,報,脆,領,阨,櫛,蛉,命,宛,厄,椀,笵,夘,鮠,婉,扼,箙,,,,,,,,,,,,,,,,,,,,,,,,,,,,
123,羊,True,True,69,32,2957,3574,蘚,鮮,洋,羣,詳,祥,搓,遅,羔,羌,磋,窯,羨,恙,羹,羊,達,嵯,譱,瑳,嗟,嵳,着,羶,差,姜,庠,群,佯,槎,縒,羮,,,,,,,,,,,,,,,,,,,,,,,,,,,,,,,,,,,,,,,,
124,示,True,True,59,26,2983,3548,棕,款,示,尉,祟,禊,捺,蔚,祀,宗,祓,禪,禁,凛,祕,綜,熨,蒜,崇,頴,粽,噤,禀,慰,奈,淙,,,,,,,,,,,,,,,,,,,,,,,,,,,,,,,,,,,,,,,,,,,,,,
125,戸,True,True,35,27,3010,3521,涙,扈,篇,雇,枦,唳,啓,滬,炉,遍,房,芦,肩,捩,鈩,扁,顧,蝙,戻,編,諞,戸,粐,綮,綟,偏,所,,,,,,,,,,,,,,,,,,,,,,,,,,,,,,,,,,,,,,,,,,,,,
126,前,True,False,7,6,3016,3515,煎,箭,前,剪,揃,擶,,,,,,,,,,,,,,,,,,,,,,,,,,,,,,,,,,,,,,,,,,,,,,,,,,,,,,,,,,,,,,,,,,
127,長,True,True,28,8,3024,3507,悵,套,張,脹,帳,萇,漲,長,,,,,,,,,,,,,,,,,,,,,,,,,,,,,,,,,,,,,,,,,,,,,,,,,,,,,,,,,,,,,,,,
128,西,True,True,70,44,3068,3463,哂,酵,鄭,擲,醒,醺,酥,縹,襾,醇,酲,酋,猷,醜,酊,酷,墫,酉,洒,酪,醉,酎,樽,酩,奠,配,酸,酌,楢,栖,鱒,茜,尊,醐,鰌,酘,酒,醍,酖,噂,晒,醂,西,遵,,,,,,,,,,,,,,,,,,,,,,,,,,,,
129,了,True,False,37,24,3092,3439,譎,亨,袤,橘,糅,預,茅,柔,序,務,懋,予,舒,矛,楙,抒,杼,敄,矞,了,揉,凾,烹,蕷,,,,,,,,,,,,,,,,,,,,,,,,,,,,,,,,,,,,,,,,,,,,,,,,
130,雨,True,True,66,32,3124,3407,蕾,霑,轌,雫,霜,雰,曇,靂,零,霄,霹,漏,繧,靄,鱈,靈,膤,擂,雹,霍,孀,霧,壜,雨,雷,霈,霖,雲,澪,霎,雪,櫺,,,,,,,,,,,,,,,,,,,,,,,,,,,,,,,,,,,,,,,,
131,共,True,False,29,18,3142,3389,港,戴,供,蛬,洪,拱,巷,殿,撰,異,閧,糞,巽,臀,哄,共,澱,選,,,,,,,,,,,,,,,,,,,,,,,,,,,,,,,,,,,,,,,,,,,,,,,,,,,,,,
132,业,False,False,25,7,3149,3382,業,並,普,顕,霊,晋,湿,,,,,,,,,,,,,,,,,,,,,,,,,,,,,,,,,,,,,,,,,,,,,,,,,,,,,,,,,,,,,,,,,
133,皿,True,True,91,36,3185,3346,慍,鰛,盛,盪,溘,葢,蘯,薀,温,闔,盞,盜,盗,鰮,聹,蓋,皿,謐,濘,盂,檸,蘊,榲,盍,盆,孟,蠱,昷,膃,媼,盒,盟,盖,塩,𥁕,嚀,,,,,,,,,,,,,,,,,,,,,,,,,,,,,,,,,,,,
134,足,True,True,61,35,3220,3311,踵,蹟,躁,跼,踴,躑,跖,践,跂,躇,蹠,跋,蕗,蹐,趾,跪,躡,躪,踐,踊,踈,踪,蹉,蹲,躓,露,跏,踝,跟,躙,路,蹂,躔,踞,跚,,,,,,,,,,,,,,,,,,,,,,,,,,,,,,,,,,,,,
135,七,True,False,62,13,3233,3298,侘,咤,託,𠮟,砌,切,亳,窃,托,宅,梍,乇,詫,,,,,,,,,,,,,,,,,,,,,,,,,,,,,,,,,,,,,,,,,,,,,,,,,,,,,,,,,,,
136,癶,True,True,20,11,3244,3287,発,溌,癶,葵,廢,廃,醗,發,撥,揆,癸,,,,,,,,,,,,,,,,,,,,,,,,,,,,,,,,,,,,,,,,,,,,,,,,,,,,,,,,,,,,,
137,正,True,False,16,8,3252,3279,麪,柾,政,征,眄,鉦,証,整,,,,,,,,,,,,,,,,,,,,,,,,,,,,,,,,,,,,,,,,,,,,,,,,,,,,,,,,,,,,,,,,
138,罒,True,False,114,67,3319,3212,罧,羅,蘿,覿,譯,羂,聴,羃,犢,薨,澤,瀆,壊,漫,詈,罒,寍,贖,幔,堽,躅,黷,寧,釋,懌,羆,罷,縵,蜀,夢,燭,蘰,擇,讀,濁,蔓,罣,懐,曼,罩,買,楞,徳,鏝,蔑,鑼,罸,曙,薯,鰻,廰,繹,竇,欝,罹,續,署,慢,睪,鐸,罫,謾,罟,儚,罰,擺,賣,,,,,
139,覀,True,False,40,32,3351,3180,票,覈,剽,簟,要,煙,蕈,樮,漂,價,嫖,慓,賈,遷,標,覃,篥,潭,僊,粟,鐔,垔,譚,覆,堙,鰾,価,腰,慄,覀,湮,栗,,,,,,,,,,,,,,,,,,,,,,,,,,,,,,,,,,,,,,,,
140,⺤,False,False,82,43,3394,3137,曖,稱,爵,霪,俘,綏,乳,諍,淨,瞹,郛,浮,綵,穩,辭,蜉,埒,婬,隱,愛,錚,孚,崢,菜,嚼,淫,爭,亂,覓,受,妥,桴,採,采,埓,殍,穏,隠,授,箏,靉,稲,綬,,,,,,,,,,,,,,,,,,,,,,,,,,,,,
141,由,True,False,12,9,3403,3128,礦,鑛,黃,笛,簧,擴,曠,壙,廣,,,,,,,,,,,,,,,,,,,,,,,,,,,,,,,,,,,,,,,,,,,,,,,,,,,,,,,,,,,,,,,
142,豕,True,True,51,20,3423,3108,家,燹,豬,糘,毅,逐,瀦,稼,琢,豚,嫁,壕,啄,濠,豕,冢,縁,塚,溷,豪,,,,,,,,,,,,,,,,,,,,,,,,,,,,,,,,,,,,,,,,,,,,,,,,,,,,
143,学,True,False,1,1,3424,3107,学,,,,,,,,,,,,,,,,,,,,,,,,,,,,,,,,,,,,,,,,,,,,,,,,,,,,,,,,,,,,,,,,,,,,,,,
144,後,True,False,1,1,3425,3106,後,,,,,,,,,,,,,,,,,,,,,,,,,,,,,,,,,,,,,,,,,,,,,,,,,,,,,,,,,,,,,,,,,,,,,,,
145,聿,True,True,26,16,3441,3090,贐,燼,書,律,筆,肇,葎,盡,壗,晝,儘,肆,畫,聿,劃,津,,,,,,,,,,,,,,,,,,,,,,,,,,,,,,,,,,,,,,,,,,,,,,,,,,,,,,,,
146,馬,True,True,65,44,3485,3046,駻,馮,駝,驛,罵,駱,驕,駈,碼,駑,駸,駛,驫,篤,馭,隲,馳,驗,闖,驀,駘,瑪,駕,憑,駟,驩,騙,駿,驚,馬,驍,馼,騎,駁,駄,駅,騅,驃,媽,駐,騒,験,騾,駒,,,,,,,,,,,,,,,,,,,,,,,,,,,,
147,氺,True,True,44,21,3506,3025,隷,暴,録,彔,隸,瀑,棣,糠,緑,鱇,函,様,禄,隶,泰,曝,康,慷,氺,爆,逮,,,,,,,,,,,,,,,,,,,,,,,,,,,,,,,,,,,,,,,,,,,,,,,,,,,
148,予,True,False,2,2,3508,3023,野,墅,,,,,,,,,,,,,,,,,,,,,,,,,,,,,,,,,,,,,,,,,,,,,,,,,,,,,,,,,,,,,,,,,,,,,,
149,疒,True,True,72,47,3555,2976,痰,瘁,癌,痢,疼,瘍,疔,疥,癈,痾,痣,癇,疸,疝,痲,癧,癖,痿,疱,癆,瘰,癪,瘠,疫,痩,病,癒,痼,痔,瘴,痳,痕,癜,癩,癨,症,癬,痒,疒,痂,疵,瘟,痊,痛,痺,疽,痍,,,,,,,,,,,,,,,,,,,,,,,,,
150,九,True,False,33,29,3584,2947,砕,贄,粋,孰,塾,抛,卆,究,囈,雑,仇,忰,蟄,酔,執,軌,枠,旭,勢,熟,笂,藝,染,尻,伜,埶,熱,摯,褻,,,,,,,,,,,,,,,,,,,,,,,,,,,,,,,,,,,,,,,,,,,
151,衤,True,False,59,36,3620,2911,褂,裾,襟,褌,袱,袍,衤,裡,裸,袵,衵,衲,襭,襌,褊,襠,裨,襯,襪,袿,初,袷,袖,裄,裙,褞,裃,複,襍,袒,褓,裼,衽,袙,襁,褐,,,,,,,,,,,,,,,,,,,,,,,,,,,,,,,,,,,,
152,彡,True,True,74,43,3663,2868,蓚,鬚,彫,形,彦,彬,惨,彰,杉,参,髻,鬘,滲,偐,髷,參,珍,顔,修,蔘,影,髫,髮,須,鯵,顏,衫,診,諺,驂,鬆,穆,髯,簓,鰺,彩,髣,髟,慘,髴,髭,髢,髱,,,,,,,,,,,,,,,,,,,,,,,,,,,,,
153,水,True,True,31,28,3691,2840,永,線,漾,水,踏,沓,冰,泳,脉,湶,閖,氷,泉,樣,詠,承,咏,尿,楾,丞,蒸,潁,烝,怺,腺,昶,汞,拯,,,,,,,,,,,,,,,,,,,,,,,,,,,,,,,,,,,,,,,,,,,,
154,幺,True,True,57,46,3737,2794,拗,藥,酳,礫,樂,顯,㬎,玄,隰,櫟,擽,幼,孳,鉉,蹊,衒,磯,窈,慈,滋,鑠,胤,眩,茲,爍,呟,麼,絃,磁,畿,牽,濕,幽,轢,蓄,弦,痃,幾,幺,機,奚,譏,畜,溪,聨,黝,,,,,,,,,,,,,,,,,,,,,,,,,,
155,⺍,False,True,30,23,3760,2771,鼡,蝉,巣,栄,脳,労,覚,図,褝,桜,珱,営,蛍,戦,撹,蝋,箪,弾,禅,畄,単,騨,悩,,,,,,,,,,,,,,,,,,,,,,,,,,,,,,,,,,,,,,,,,,,,,,,,,
156,乍,True,False,15,15,3775,2756,酢,筰,咋,炸,祚,作,柞,昨,鮓,搾,怎,胙,窄,乍,詐,,,,,,,,,,,,,,,,,,,,,,,,,,,,,,,,,,,,,,,,,,,,,,,,,,,,,,,,,
157,鳥,True,True,88,61,3836,2695,鸛,樢,嶌,鶉,鴕,鷭,鴒,鴪,鴈,島,嶋,鵯,鶴,鴨,鳬,鳰,蔦,烏,鵙,鶤,鴣,鵆,鳴,鳩,鶯,鷓,鷸,鷹,鷄,鵡,鳶,鸚,鳥,鴬,鴇,鳫,鴿,鴻,鵬,鶺,鴾,搗,嗚,槝,鵈,梟,鶸,鷦,鶩,鷙,鴆,鵐,鷺,鴫,鶇,鸞,塢,鵑,鳧,鴛,鵠,,,,,,,,,,,
158,⺨,False,False,56,39,3875,2656,猗,獄,獰,猛,狒,荻,狎,狸,猿,狆,獺,猩,狢,猝,狙,獨,狂,狹,潴,狗,狩,蕕,猶,誑,獏,獲,猟,猪,狛,狽,狭,嶽,猖,猫,狠,犲,狄,独,狷,,,,,,,,,,,,,,,,,,,,,,,,,,,,,,,,,
159,少,True,False,1,1,3876,2655,顰,,,,,,,,,,,,,,,,,,,,,,,,,,,,,,,,,,,,,,,,,,,,,,,,,,,,,,,,,,,,,,,,,,,,,,,
160,氏,True,True,31,22,3898,2633,婚,祇,帋,詆,抵,鴟,舐,紙,低,祗,昏,氐,柢,胝,底,岻,羝,牴,邸,棔,砥,氏,,,,,,,,,,,,,,,,,,,,,,,,,,,,,,,,,,,,,,,,,,,,,,,,,,
161,矢,True,True,45,34,3932,2599,知,肄,矯,矮,蜘,笶,蔟,俟,智,埃,矧,雉,疑,薙,疾,痴,嫉,椥,矣,簇,礙,嗾,竢,矢,癡,族,嶷,挨,踟,欸,聟,擬,鏃,凝,,,,,,,,,,,,,,,,,,,,,,,,,,,,,,,,,,,,,,
162,甲,True,False,1,0,3932,2599,,,,,,,,,,,,,,,,,,,,,,,,,,,,,,,,,,,,,,,,,,,,,,,,,,,,,,,,,,,,,,,,,,,,,,,,
163,父,True,True,22,21,3953,2578,纐,鵁,釜,鮫,校,狡,駮,交,蛟,傚,咬,郊,爺,効,佼,效,皎,斧,父,絞,較,,,,,,,,,,,,,,,,,,,,,,,,,,,,,,,,,,,,,,,,,,,,,,,,,,,
164,关,True,False,6,6,3959,2572,咲,送,関,朕,关,渕,,,,,,,,,,,,,,,,,,,,,,,,,,,,,,,,,,,,,,,,,,,,,,,,,,,,,,,,,,,,,,,,,,
165,毋,True,True,24,7,3966,2565,毋,貫,毎,樌,慣,實,毒,,,,,,,,,,,,,,,,,,,,,,,,,,,,,,,,,,,,,,,,,,,,,,,,,,,,,,,,,,,,,,,,,
166,豆,True,True,53,44,4010,2521,豌,壴,艶,鎧,證,樹,鐙,廚,剴,嶝,厨,彭,短,豆,荳,澎,膨,頭,榿,醴,禮,豈,鼓,逗,磑,燈,登,鼕,痘,豊,瞽,闘,澄,殪,鱧,覬,凱,噎,磴,壹,皚,鐡,懿,橙,,,,,,,,,,,,,,,,,,,,,,,,,,,,
167,青,True,True,7,7,4017,2514,菁,猜,睛,靜,倩,蜻,瀞,,,,,,,,,,,,,,,,,,,,,,,,,,,,,,,,,,,,,,,,,,,,,,,,,,,,,,,,,,,,,,,,,
168,今,True,False,20,20,4037,2494,岑,黔,稔,衿,矜,衾,莟,含,頷,琴,今,念,鯰,捻,吟,陰,唸,蔭,棯,貪,,,,,,,,,,,,,,,,,,,,,,,,,,,,,,,,,,,,,,,,,,,,,,,,,,,,
169,川,True,True,25,22,4059,2472,侃,梳,馴,琉,蔬,丗,醯,旒,棄,駲,硫,疏,流,川,洲,州,訓,㐬,酬,順,滞,釧,,,,,,,,,,,,,,,,,,,,,,,,,,,,,,,,,,,,,,,,,,,,,,,,,,
170,比,True,True,54,27,4086,2445,皆,琵,屁,箟,揩,比,枇,階,批,崑,菎,昆,砒,妣,鯤,楷,棍,秕,粃,陛,諧,偕,毘,焜,庇,混,紕,,,,,,,,,,,,,,,,,,,,,,,,,,,,,,,,,,,,,,,,,,,,,
171,至,True,True,28,27,4113,2418,到,倒,腟,咥,臺,耋,姪,致,擡,窒,幄,膣,至,薹,桎,握,鵄,臻,渥,屋,垤,椡,榁,室,緻,輊,蛭,,,,,,,,,,,,,,,,,,,,,,,,,,,,,,,,,,,,,,,,,,,,,
172,未,True,False,30,14,4127,2404,耕,昧,妹,未,釐,耘,誄,耙,朱,耒,眛,魅,味,耡,,,,,,,,,,,,,,,,,,,,,,,,,,,,,,,,,,,,,,,,,,,,,,,,,,,,,,,,,,
173,羽,True,True,56,39,4166,2365,栩,燿,糶,翼,翌,褶,挧,翫,濯,曜,習,翆,擢,扇,翠,翻,搨,慴,翦,羽,鶲,榻,翕,翁,翹,翅,翊,翔,摺,躍,戳,櫂,耀,糴,歙,煽,翩,蓊,翟,,,,,,,,,,,,,,,,,,,,,,,,,,,,,,,,,
174,甘,True,True,54,21,4187,2344,煤,甜,鉗,篏,酣,疳,蚶,媒,嵌,拑,某,坩,邯,楳,謀,憇,箝,甘,柑,甞,紺,,,,,,,,,,,,,,,,,,,,,,,,,,,,,,,,,,,,,,,,,,,,,,,,,,,
175,匚,True,True,65,43,4230,2301,駆,戡,堪,堰,匠,匳,框,鍖,謳,枢,嘔,匯,匡,匝,筺,鷗,醫,歐,勘,翳,匚,糂,篋,湛,椹,偃,毆,筐,嶇,樞,奩,甚,鴎,嫗,殹,殴,箍,尠,驅,欧,碪,傴,匣,,,,,,,,,,,,,,,,,,,,,,,,,,,,,
176,束,True,False,1,1,4231,2300,欄,,,,,,,,,,,,,,,,,,,,,,,,,,,,,,,,,,,,,,,,,,,,,,,,,,,,,,,,,,,,,,,,,,,,,,,
177,匸,True,True,28,26,4257,2274,盲,惘,罔,区,贏,虻,羸,區,芒,匸,慌,妄,望,茫,忘,魍,医,網,鋩,肓,亡,瀛,匹,侫,荒,忙,,,,,,,,,,,,,,,,,,,,,,,,,,,,,,,,,,,,,,,,,,,,,,
178,夫,True,False,39,39,4296,2235,規,畉,賛,嘆,輦,跌,麩,纉,難,窺,軼,艱,儺,迭,替,佚,鑚,僣,芙,渓,秩,𦰩,失,攤,夫,鉄,漢,鶏,潜,讃,灘,攅,帙,譛,扶,槻,歎,麸,趺,,,,,,,,,,,,,,,,,,,,,,,,,,,,,,,,,
179,其,True,False,22,20,4316,2215,撕,箕,棋,欺,廝,碁,嘶,厮,旗,朞,騏,期,其,祺,籏,斯,淇,稘,基,棊,,,,,,,,,,,,,,,,,,,,,,,,,,,,,,,,,,,,,,,,,,,,,,,,,,,,
180,世,True,False,15,14,4330,2201,枼,蝶,緤,世,泄,諜,葉,貰,楪,笹,渫,喋,紲,鰈,,,,,,,,,,,,,,,,,,,,,,,,,,,,,,,,,,,,,,,,,,,,,,,,,,,,,,,,,,
181,我,True,False,20,17,4347,2184,鵝,我,蟻,儀,犠,鵞,俄,峩,礒,蛾,莪,峨,議,娥,嶬,義,哦,,,,,,,,,,,,,,,,,,,,,,,,,,,,,,,,,,,,,,,,,,,,,,,,,,,,,,,
182,气,True,True,7,7,4354,2177,气,気,氤,氛,氣,汽,愾,,,,,,,,,,,,,,,,,,,,,,,,,,,,,,,,,,,,,,,,,,,,,,,,,,,,,,,,,,,,,,,,,
183,首,True,True,5,5,4359,2172,首,導,馗,馘,道,,,,,,,,,,,,,,,,,,,,,,,,,,,,,,,,,,,,,,,,,,,,,,,,,,,,,,,,,,,,,,,,,,,
184,直,True,False,9,9,4368,2163,置,殖,植,悳,稙,直,矗,値,埴,,,,,,,,,,,,,,,,,,,,,,,,,,,,,,,,,,,,,,,,,,,,,,,,,,,,,,,,,,,,,,,
185,甫,True,False,33,30,4398,2133,圃,薄,尃,舖,鋪,傅,簿,埔,膊,補,敷,甫,捕,溥,舗,榑,浦,哺,葡,脯,搏,愽,輔,旉,賻,縛,鯆,蒲,博,匍,,,,,,,,,,,,,,,,,,,,,,,,,,,,,,,,,,,,,,,,,,
186,皮,True,True,23,22,4420,2111,彼,被,疲,頗,破,皮,陂,波,婆,皸,碆,皷,皴,皺,皰,玻,菠,披,坡,跛,簸,皹,,,,,,,,,,,,,,,,,,,,,,,,,,,,,,,,,,,,,,,,,,,,,,,,,,
187,五,True,False,14,12,4432,2099,衙,梧,語,五,圄,晤,唔,吾,悟,牾,伍,珸,,,,,,,,,,,,,,,,,,,,,,,,,,,,,,,,,,,,,,,,,,,,,,,,,,,,,,,,,,,,
188,走,True,True,2,2,4434,2097,跿,赱,,,,,,,,,,,,,,,,,,,,,,,,,,,,,,,,,,,,,,,,,,,,,,,,,,,,,,,,,,,,,,,,,,,,,,
189,非,True,True,40,38,4472,2059,薤,殱,俳,斐,籖,靠,裴,徘,琲,讖,霏,靡,韭,殲,鯡,榧,菲,韱,悲,暃,纖,匪,孅,罪,緋,懴,扉,排,懺,輩,腓,蜚,籤,誹,非,韮,纎,翡,,,,,,,,,,,,,,,,,,,,,,,,,,,,,,,,,,
190,廴,True,True,21,20,4492,2039,健,廴,延,鍵,庭,蜑,廼,挺,廸,腱,梃,建,莚,誕,筵,涎,霆,廻,廷,蜒,,,,,,,,,,,,,,,,,,,,,,,,,,,,,,,,,,,,,,,,,,,,,,,,,,,,
191,舟,True,True,30,24,4516,2015,舩,航,艀,舳,艪,艤,舟,舵,舮,舷,艝,艢,般,搬,磐,舶,艟,艇,瘢,船,舫,舸,盤,槃,,,,,,,,,,,,,,,,,,,,,,,,,,,,,,,,,,,,,,,,,,,,,,,,
192,表,True,False,1,1,4517,2014,俵,,,,,,,,,,,,,,,,,,,,,,,,,,,,,,,,,,,,,,,,,,,,,,,,,,,,,,,,,,,,,,,,,,,,,,,
193,毎,True,False,11,11,4528,2003,敏,繁,誨,晦,塰,海,毓,莓,梅,悔,侮,,,,,,,,,,,,,,,,,,,,,,,,,,,,,,,,,,,,,,,,,,,,,,,,,,,,,,,,,,,,,
194,谷,True,True,22,19,4547,1984,峪,卻,欲,浴,郤,谷,熔,溶,慾,俗,容,榕,硲,穃,谿,蓉,豁,鎔,裕,,,,,,,,,,,,,,,,,,,,,,,,,,,,,,,,,,,,,,,,,,,,,,,,,,,,,
195,辶,True,False,67,42,4589,1942,邀,迥,嗹,遯,燵,辷,縺,闥,迺,遨,慥,撻,逧,遑,鏈,遘,隧,遒,遶,逎,逖,迢,篷,逡,逞,邏,鎹,邊,褪,逶,逵,辶,迚,邉,暹,逹,遉,迴,靆,逍,迯,逋,,,,,,,,,,,,,,,,,,,,,,,,,,,,,,
196,不,True,False,11,11,4600,1931,抔,罘,丕,歪,否,坏,胚,盃,杯,不,痞,,,,,,,,,,,,,,,,,,,,,,,,,,,,,,,,,,,,,,,,,,,,,,,,,,,,,,,,,,,,,
197,虍,True,True,49,40,4640,1891,琥,嘘,顱,虚,彪,噓,虔,廬,櫨,爐,墟,鱸,鑪,豦,劇,遞,遽,醵,慮,膚,虍,虒,虎,驢,處,據,虜,盧,歔,艫,瀘,鑢,鯱,轤,褫,蘆,濾,戯,臚,戲,,,,,,,,,,,,,,,,,,,,,,,,,,,,,,,,
198,角,True,True,19,16,4656,1875,鵤,埆,桷,触,邂,觸,觝,觧,懈,廨,觜,蠏,角,觴,解,蟹,,,,,,,,,,,,,,,,,,,,,,,,,,,,,,,,,,,,,,,,,,,,,,,,,,,,,,,,
199,亦,True,False,9,9,4665,1866,亦,迹,奕,弯,蛮,恋,跡,湾,変,,,,,,,,,,,,,,,,,,,,,,,,,,,,,,,,,,,,,,,,,,,,,,,,,,,,,,,,,,,,,,,
200,飠,True,True,13,10,4675,1856,飯,飢,飽,飲,飴,飠,餌,飾,蝕,餓,,,,,,,,,,,,,,,,,,,,,,,,,,,,,,,,,,,,,,,,,,,,,,,,,,,,,,,,,,,,,,
201,以,True,False,3,3,4678,1853,似,以,苡,,,,,,,,,,,,,,,,,,,,,,,,,,,,,,,,,,,,,,,,,,,,,,,,,,,,,,,,,,,,,,,,,,,,,
202,具,True,False,15,14,4692,1839,槙,鷏,具,慎,巓,真,塡,俱,顚,鎮,顛,填,倶,惧,,,,,,,,,,,,,,,,,,,,,,,,,,,,,,,,,,,,,,,,,,,,,,,,,,,,,,,,,,
203,良,True,False,15,15,4707,1824,琅,瑯,浪,踉,郎,榔,朖,粮,莨,朗,娘,廊,良,狼,螂,,,,,,,,,,,,,,,,,,,,,,,,,,,,,,,,,,,,,,,,,,,,,,,,,,,,,,,,,
204,⺦,False,False,9,9,4716,1815,将,壮,醤,装,寝,状,奨,蒋,荘,,,,,,,,,,,,,,,,,,,,,,,,,,,,,,,,,,,,,,,,,,,,,,,,,,,,,,,,,,,,,,,
205,辰,True,True,20,20,4736,1795,褥,振,農,震,辱,蓐,娠,蜃,膿,縟,辰,儂,宸,脣,溽,晨,耨,唇,賑,濃,,,,,,,,,,,,,,,,,,,,,,,,,,,,,,,,,,,,,,,,,,,,,,,,,,,,
206,禸,True,True,24,23,4759,1772,藕,邁,糲,勵,隅,璃,擒,萬,檎,禽,禺,寓,魑,愚,蠣,礪,籬,癘,遇,禸,離,偶,嵎,,,,,,,,,,,,,,,,,,,,,,,,,,,,,,,,,,,,,,,,,,,,,,,,,
207,来,True,False,2,2,4761,1770,莱,来,,,,,,,,,,,,,,,,,,,,,,,,,,,,,,,,,,,,,,,,,,,,,,,,,,,,,,,,,,,,,,,,,,,,,,
208,半,True,False,9,9,4770,1761,胖,伴,判,拌,袢,畔,半,絆,叛,,,,,,,,,,,,,,,,,,,,,,,,,,,,,,,,,,,,,,,,,,,,,,,,,,,,,,,,,,,,,,,
209,余,True,False,14,12,4782,1749,塗,蜍,余,徐,敍,叙,除,荼,敘,途,畭,涂,,,,,,,,,,,,,,,,,,,,,,,,,,,,,,,,,,,,,,,,,,,,,,,,,,,,,,,,,,,,
210,斗,True,True,13,12,4794,1737,斜,魁,萪,科,斛,蝌,抖,斗,斟,蚪,料,槲,,,,,,,,,,,,,,,,,,,,,,,,,,,,,,,,,,,,,,,,,,,,,,,,,,,,,,,,,,,,
211,平,True,False,10,10,4804,1727,平,萍,鮃,泙,秤,評,坪,怦,苹,岼,,,,,,,,,,,,,,,,,,,,,,,,,,,,,,,,,,,,,,,,,,,,,,,,,,,,,,,,,,,,,,
212,韋,True,True,11,10,4814,1717,違,葦,圍,韓,緯,諱,幃,韋,偉,衛,,,,,,,,,,,,,,,,,,,,,,,,,,,,,,,,,,,,,,,,,,,,,,,,,,,,,,,,,,,,,,
213,身,True,True,13,11,4825,1706,軅,謝,軆,躰,躬,躾,躯,射,軈,身,窮,,,,,,,,,,,,,,,,,,,,,,,,,,,,,,,,,,,,,,,,,,,,,,,,,,,,,,,,,,,,,
214,巴,True,False,2,1,4826,1705,巴,,,,,,,,,,,,,,,,,,,,,,,,,,,,,,,,,,,,,,,,,,,,,,,,,,,,,,,,,,,,,,,,,,,,,,,
215,官,True,False,7,7,4833,1698,綰,館,管,官,棺,舘,菅,,,,,,,,,,,,,,,,,,,,,,,,,,,,,,,,,,,,,,,,,,,,,,,,,,,,,,,,,,,,,,,,,
216,丂,True,False,6,6,4839,1692,考,丂,雩,犧,曦,巧,,,,,,,,,,,,,,,,,,,,,,,,,,,,,,,,,,,,,,,,,,,,,,,,,,,,,,,,,,,,,,,,,,
217,祭,True,False,5,5,4844,1687,祭,蔡,擦,際,察,,,,,,,,,,,,,,,,,,,,,,,,,,,,,,,,,,,,,,,,,,,,,,,,,,,,,,,,,,,,,,,,,,,
218,夬,True,False,10,9,4853,1678,快,決,訣,袂,抉,鴃,决,夬,刔,,,,,,,,,,,,,,,,,,,,,,,,,,,,,,,,,,,,,,,,,,,,,,,,,,,,,,,,,,,,,,,
219,民,True,False,8,8,4861,1670,罠,民,泯,緡,眠,氓,岷,愍,,,,,,,,,,,,,,,,,,,,,,,,,,,,,,,,,,,,,,,,,,,,,,,,,,,,,,,,,,,,,,,,
220,㐄,False,False,18,16,4877,1654,舜,鱗,粦,蕣,憐,磔,舛,夅,降,鄰,傑,瞬,桝,桀,隣,燐,,,,,,,,,,,,,,,,,,,,,,,,,,,,,,,,,,,,,,,,,,,,,,,,,,,,,,,,
221,先,True,False,9,9,4886,1645,筅,先,贊,鑽,跣,洗,銑,濳,讚,,,,,,,,,,,,,,,,,,,,,,,,,,,,,,,,,,,,,,,,,,,,,,,,,,,,,,,,,,,,,,,
222,央,True,False,12,11,4897,1634,暎,瑛,鴦,映,央,英,霙,怏,秧,泱,殃,,,,,,,,,,,,,,,,,,,,,,,,,,,,,,,,,,,,,,,,,,,,,,,,,,,,,,,,,,,,,
223,真,True,False,1,1,4898,1633,癲,,,,,,,,,,,,,,,,,,,,,,,,,,,,,,,,,,,,,,,,,,,,,,,,,,,,,,,,,,,,,,,,,,,,,,,
224,面,True,True,7,7,4905,1626,湎,靦,麺,緬,靤,面,靨,,,,,,,,,,,,,,,,,,,,,,,,,,,,,,,,,,,,,,,,,,,,,,,,,,,,,,,,,,,,,,,,,
225,求,True,False,6,5,4910,1621,求,救,裘,球,逑,,,,,,,,,,,,,,,,,,,,,,,,,,,,,,,,,,,,,,,,,,,,,,,,,,,,,,,,,,,,,,,,,,,
226,考,True,False,2,2,4912,1619,拷,栲,,,,,,,,,,,,,,,,,,,,,,,,,,,,,,,,,,,,,,,,,,,,,,,,,,,,,,,,,,,,,,,,,,,,,,
227,曽,True,False,7,6,4918,1613,僧,噌,層,憎,贈,増,,,,,,,,,,,,,,,,,,,,,,,,,,,,,,,,,,,,,,,,,,,,,,,,,,,,,,,,,,,,,,,,,,
228,無,True,False,6,6,4924,1607,撫,憮,廡,嘸,蕪,無,,,,,,,,,,,,,,,,,,,,,,,,,,,,,,,,,,,,,,,,,,,,,,,,,,,,,,,,,,,,,,,,,,
229,革,True,True,35,32,4956,1575,革,靱,鞁,靼,鞄,鞋,鞦,鞳,靹,鞍,鞘,靫,覊,靴,鞴,鞜,羇,鞐,羈,鞅,鞆,霸,鞣,覇,靭,韃,韈,鞫,鞠,勒,鞏,韆,,,,,,,,,,,,,,,,,,,,,,,,,,,,,,,,,,,,,,,,
230,専,True,False,1,1,4957,1574,専,,,,,,,,,,,,,,,,,,,,,,,,,,,,,,,,,,,,,,,,,,,,,,,,,,,,,,,,,,,,,,,,,,,,,,,
231,有,True,False,13,12,4969,1562,堕,有,賄,肴,陏,淆,鮪,郁,随,宥,侑,囿,,,,,,,,,,,,,,,,,,,,,,,,,,,,,,,,,,,,,,,,,,,,,,,,,,,,,,,,,,,,
232,劵,True,False,4,4,4973,1558,椦,勝,藤,劵,,,,,,,,,,,,,,,,,,,,,,,,,,,,,,,,,,,,,,,,,,,,,,,,,,,,,,,,,,,,,,,,,,,,
233,卯,True,False,21,20,4993,1538,貿,霤,劉,鉚,昴,孵,柳,瑠,籀,聊,留,瘤,卵,榴,鰡,卯,嚠,茆,瀏,溜,,,,,,,,,,,,,,,,,,,,,,,,,,,,,,,,,,,,,,,,,,,,,,,,,,,,
234,食,True,True,10,7,5000,1531,養,食,瀁,鱶,癢,喰,餐,,,,,,,,,,,,,,,,,,,,,,,,,,,,,,,,,,,,,,,,,,,,,,,,,,,,,,,,,,,,,,,,,
235,咼,True,False,9,9,5009,1522,過,咼,禍,渦,堝,萵,窩,蝸,鍋,,,,,,,,,,,,,,,,,,,,,,,,,,,,,,,,,,,,,,,,,,,,,,,,,,,,,,,,,,,,,,,
236,乃,True,False,15,15,5024,1507,盈,銹,乃,携,孕,朶,秀,莠,綉,誘,楹,躱,隽,仍,透,,,,,,,,,,,,,,,,,,,,,,,,,,,,,,,,,,,,,,,,,,,,,,,,,,,,,,,,,
237,楽,True,False,3,3,5027,1504,薬,檪,楽,,,,,,,,,,,,,,,,,,,,,,,,,,,,,,,,,,,,,,,,,,,,,,,,,,,,,,,,,,,,,,,,,,,,,
238,北,True,False,12,12,5039,1492,背,嚥,臙,驥,埀,乘,剩,冀,北,讌,乖,燕,,,,,,,,,,,,,,,,,,,,,,,,,,,,,,,,,,,,,,,,,,,,,,,,,,,,,,,,,,,,
239,而,True,True,23,23,5062,1469,粫,瑞,耑,糯,繻,濡,需,懦,嬬,湍,襦,轜,臑,端,揣,喘,蠕,猯,孺,而,惴,耐,儒,,,,,,,,,,,,,,,,,,,,,,,,,,,,,,,,,,,,,,,,,,,,,,,,,
240,及,True,False,1,1,5063,1468,岌,,,,,,,,,,,,,,,,,,,,,,,,,,,,,,,,,,,,,,,,,,,,,,,,,,,,,,,,,,,,,,,,,,,,,,,
241,在,True,False,2,2,5065,1466,恠,在,,,,,,,,,,,,,,,,,,,,,,,,,,,,,,,,,,,,,,,,,,,,,,,,,,,,,,,,,,,,,,,,,,,,,,
242,右,True,False,9,9,5074,1457,慝,右,醢,佑,諾,惹,若,祐,匿,,,,,,,,,,,,,,,,,,,,,,,,,,,,,,,,,,,,,,,,,,,,,,,,,,,,,,,,,,,,,,,
243,𧘇,False,False,13,0,5074,1457,,,,,,,,,,,,,,,,,,,,,,,,,,,,,,,,,,,,,,,,,,,,,,,,,,,,,,,,,,,,,,,,,,,,,,,,
244,百,True,False,16,14,5088,1443,鏥,戞,弼,擾,優,栢,憂,佰,竡,宿,縮,陌,蓿,粨,,,,,,,,,,,,,,,,,,,,,,,,,,,,,,,,,,,,,,,,,,,,,,,,,,,,,,,,,,
245,兆,True,False,12,12,5100,1431,銚,誂,姚,逃,跳,桃,眺,挑,窕,兆,晁,佻,,,,,,,,,,,,,,,,,,,,,,,,,,,,,,,,,,,,,,,,,,,,,,,,,,,,,,,,,,,,
246,𠔉,True,False,4,4,5104,1427,圏,巻,券,𠔉,,,,,,,,,,,,,,,,,,,,,,,,,,,,,,,,,,,,,,,,,,,,,,,,,,,,,,,,,,,,,,,,,,,,
247,斉,True,True,5,5,5109,1422,剤,緕,済,斉,斎,,,,,,,,,,,,,,,,,,,,,,,,,,,,,,,,,,,,,,,,,,,,,,,,,,,,,,,,,,,,,,,,,,,
248,県,True,False,4,4,5113,1418,縣,懸,纛,県,,,,,,,,,,,,,,,,,,,,,,,,,,,,,,,,,,,,,,,,,,,,,,,,,,,,,,,,,,,,,,,,,,,,
249,監,True,False,10,10,5123,1408,襤,籃,繿,艦,鑑,濫,儖,監,檻,藍,,,,,,,,,,,,,,,,,,,,,,,,,,,,,,,,,,,,,,,,,,,,,,,,,,,,,,,,,,,,,,
250,啇,True,False,8,8,5131,1400,滴,鏑,啇,嫡,謫,適,敵,摘,,,,,,,,,,,,,,,,,,,,,,,,,,,,,,,,,,,,,,,,,,,,,,,,,,,,,,,,,,,,,,,,
251,円,True,False,1,1,5132,1399,円,,,,,,,,,,,,,,,,,,,,,,,,,,,,,,,,,,,,,,,,,,,,,,,,,,,,,,,,,,,,,,,,,,,,,,,
252,更,True,False,7,7,5139,1392,硬,峺,哽,便,梗,鞭,粳,,,,,,,,,,,,,,,,,,,,,,,,,,,,,,,,,,,,,,,,,,,,,,,,,,,,,,,,,,,,,,,,,
253,司,True,False,8,8,5147,1384,飼,詞,司,伺,覗,嗣,笥,祠,,,,,,,,,,,,,,,,,,,,,,,,,,,,,,,,,,,,,,,,,,,,,,,,,,,,,,,,,,,,,,,,
254,象,True,False,4,4,5151,1380,象,像,橡,豫,,,,,,,,,,,,,,,,,,,,,,,,,,,,,,,,,,,,,,,,,,,,,,,,,,,,,,,,,,,,,,,,,,,,
255,電,True,False,1,1,5152,1379,電,,,,,,,,,,,,,,,,,,,,,,,,,,,,,,,,,,,,,,,,,,,,,,,,,,,,,,,,,,,,,,,,,,,,,,,
256,風,True,True,12,12,5164,1367,飄,颪,風,飃,楓,颯,諷,嵐,瘋,飆,颱,颶,,,,,,,,,,,,,,,,,,,,,,,,,,,,,,,,,,,,,,,,,,,,,,,,,,,,,,,,,,,,
257,免,True,False,17,17,5181,1350,輓,毚,逸,悗,巉,兔,免,冤,晩,俛,寃,娩,菟,挽,勉,冕,讒,,,,,,,,,,,,,,,,,,,,,,,,,,,,,,,,,,,,,,,,,,,,,,,,,,,,,,,
258,与,True,False,2,2,5183,1348,写,与,,,,,,,,,,,,,,,,,,,,,,,,,,,,,,,,,,,,,,,,,,,,,,,,,,,,,,,,,,,,,,,,,,,,,,
259,⻞,False,False,25,21,5204,1327,饂,餽,饅,饌,饐,餬,餞,餝,餒,飮,餔,餃,餾,饒,餤,飫,飩,餘,饑,餉,飭,,,,,,,,,,,,,,,,,,,,,,,,,,,,,,,,,,,,,,,,,,,,,,,,,,,
260,臼,True,True,46,39,5243,1288,滔,臿,閻,舀,舂,寫,鑿,瀉,倪,冩,陷,韜,焰,睨,舁,舊,臼,艘,兒,啗,諛,潟,毀,猊,臽,蹈,餡,舅,鯢,插,歃,搜,燬,諂,稻,叟,霓,舄,嫂,,,,,,,,,,,,,,,,,,,,,,,,,,,,,,,,,
261,亥,True,False,10,9,5252,1279,駭,核,垓,該,刻,咳,孩,劾,亥,,,,,,,,,,,,,,,,,,,,,,,,,,,,,,,,,,,,,,,,,,,,,,,,,,,,,,,,,,,,,,,
262,友,True,False,10,3,5255,1276,髪,友,抜,,,,,,,,,,,,,,,,,,,,,,,,,,,,,,,,,,,,,,,,,,,,,,,,,,,,,,,,,,,,,,,,,,,,,
263,兼,True,False,11,11,5266,1265,賺,廉,歉,濂,簾,慊,謙,嫌,蒹,兼,鎌,,,,,,,,,,,,,,,,,,,,,,,,,,,,,,,,,,,,,,,,,,,,,,,,,,,,,,,,,,,,,
264,布,True,False,8,8,5274,1257,晞,欷,布,稀,希,唏,鯑,怖,,,,,,,,,,,,,,,,,,,,,,,,,,,,,,,,,,,,,,,,,,,,,,,,,,,,,,,,,,,,,,,,
265,朱,True,False,9,9,5283,1248,誅,珠,洙,茱,銖,殊,蛛,侏,株,,,,,,,,,,,,,,,,,,,,,,,,,,,,,,,,,,,,,,,,,,,,,,,,,,,,,,,,,,,,,,,
266,曷,True,False,9,9,5292,1239,蝎,遏,歇,竭,偈,蠍,羯,鞨,碣,,,,,,,,,,,,,,,,,,,,,,,,,,,,,,,,,,,,,,,,,,,,,,,,,,,,,,,,,,,,,,,
267,毛,True,True,18,17,5309,1222,毛,梶,耗,橇,麾,毳,竓,髦,尾,毟,毫,耄,毬,氈,旄,毯,粍,,,,,,,,,,,,,,,,,,,,,,,,,,,,,,,,,,,,,,,,,,,,,,,,,,,,,,,
268,缶,True,True,28,26,5335,1196,瑤,淘,罐,罌,遥,綯,瑶,缸,寶,遙,缶,萄,罍,陶,缺,掏,鷂,謠,罎,搖,謡,䍃,匋,窰,揺,徭,,,,,,,,,,,,,,,,,,,,,,,,,,,,,,,,,,,,,,,,,,,,,,
269,骨,True,True,16,14,5349,1182,榾,體,猾,骨,骼,磆,骭,髄,髀,鶻,髑,骰,骸,滑,,,,,,,,,,,,,,,,,,,,,,,,,,,,,,,,,,,,,,,,,,,,,,,,,,,,,,,,,,
270,昔,True,False,9,9,5358,1173,昔,惜,措,藉,借,錯,鵲,醋,籍,,,,,,,,,,,,,,,,,,,,,,,,,,,,,,,,,,,,,,,,,,,,,,,,,,,,,,,,,,,,,,,
271,尞,True,False,12,12,5370,1161,瞭,遼,寮,療,尞,鷯,撩,潦,繚,燎,僚,鐐,,,,,,,,,,,,,,,,,,,,,,,,,,,,,,,,,,,,,,,,,,,,,,,,,,,,,,,,,,,,
272,爰,True,False,7,7,5377,1154,爰,煖,媛,援,湲,暖,緩,,,,,,,,,,,,,,,,,,,,,,,,,,,,,,,,,,,,,,,,,,,,,,,,,,,,,,,,,,,,,,,,,
273,电,False,False,13,13,5390,1141,亀,淹,穐,縄,掩,俺,庵,罨,閹,菴,蝿,奄,竃,,,,,,,,,,,,,,,,,,,,,,,,,,,,,,,,,,,,,,,,,,,,,,,,,,,,,,,,,,,
274,鹿,True,True,19,14,5404,1127,麕,漉,鏖,麑,麁,麓,麈,麝,麋,麟,麒,轆,鹿,塵,,,,,,,,,,,,,,,,,,,,,,,,,,,,,,,,,,,,,,,,,,,,,,,,,,,,,,,,,,
275,丰,True,False,5,3,5407,1124,豐,艷,挈,,,,,,,,,,,,,,,,,,,,,,,,,,,,,,,,,,,,,,,,,,,,,,,,,,,,,,,,,,,,,,,,,,,,,
276,岡,True,False,6,6,5413,1118,崗,鋼,棡,綱,剛,岡,,,,,,,,,,,,,,,,,,,,,,,,,,,,,,,,,,,,,,,,,,,,,,,,,,,,,,,,,,,,,,,,,,
277,彑,True,True,20,20,5433,1098,互,剝,沍,椽,掾,祿,彜,彝,櫞,恆,喙,碌,彖,亙,彙,冱,蠡,彑,篆,剥,,,,,,,,,,,,,,,,,,,,,,,,,,,,,,,,,,,,,,,,,,,,,,,,,,,,
278,南,True,False,5,5,5438,1093,南,喃,献,遖,楠,,,,,,,,,,,,,,,,,,,,,,,,,,,,,,,,,,,,,,,,,,,,,,,,,,,,,,,,,,,,,,,,,,,
279,巛,True,True,35,27,5465,1066,逕,癰,巛,脛,鯔,災,勁,輕,錙,甾,拶,樔,緇,勦,頸,痙,莖,剿,廱,輜,徑,巡,巢,巠,經,雝,剄,,,,,,,,,,,,,,,,,,,,,,,,,,,,,,,,,,,,,,,,,,,,,
280,権,True,False,1,1,5466,1065,権,,,,,,,,,,,,,,,,,,,,,,,,,,,,,,,,,,,,,,,,,,,,,,,,,,,,,,,,,,,,,,,,,,,,,,,
281,倉,True,False,11,11,5477,1054,滄,蒼,槍,蹌,搶,愴,鎗,瘡,倉,艙,創,,,,,,,,,,,,,,,,,,,,,,,,,,,,,,,,,,,,,,,,,,,,,,,,,,,,,,,,,,,,,
282,貴,True,False,8,8,5485,1046,匱,櫃,饋,遺,貴,瞶,簣,潰,,,,,,,,,,,,,,,,,,,,,,,,,,,,,,,,,,,,,,,,,,,,,,,,,,,,,,,,,,,,,,,,
283,並,True,False,2,2,5487,1044,譜,椪,,,,,,,,,,,,,,,,,,,,,,,,,,,,,,,,,,,,,,,,,,,,,,,,,,,,,,,,,,,,,,,,,,,,,,
284,𠂤,True,False,6,6,5493,1038,追,埠,阜,縋,𠂤,槌,,,,,,,,,,,,,,,,,,,,,,,,,,,,,,,,,,,,,,,,,,,,,,,,,,,,,,,,,,,,,,,,,,
285,左,True,False,10,10,5503,1028,左,隨,楕,佐,髓,惰,墮,隋,膸,橢,,,,,,,,,,,,,,,,,,,,,,,,,,,,,,,,,,,,,,,,,,,,,,,,,,,,,,,,,,,,,,
286,并,True,False,13,12,5515,1016,屏,絣,併,迸,胼,并,駢,剏,餠,塀,垪,餅,,,,,,,,,,,,,,,,,,,,,,,,,,,,,,,,,,,,,,,,,,,,,,,,,,,,,,,,,,,,
287,万,True,False,6,6,5521,1010,杤,万,栃,蛎,励,砺,,,,,,,,,,,,,,,,,,,,,,,,,,,,,,,,,,,,,,,,,,,,,,,,,,,,,,,,,,,,,,,,,,
288,夜,True,False,5,5,5526,1005,夜,液,腋,鵺,掖,,,,,,,,,,,,,,,,,,,,,,,,,,,,,,,,,,,,,,,,,,,,,,,,,,,,,,,,,,,,,,,,,,,
289,龷,False,False,2,2,5528,1003,横,黄,,,,,,,,,,,,,,,,,,,,,,,,,,,,,,,,,,,,,,,,,,,,,,,,,,,,,,,,,,,,,,,,,,,,,,
290,升,True,False,2,0,5528,1003,,,,,,,,,,,,,,,,,,,,,,,,,,,,,,,,,,,,,,,,,,,,,,,,,,,,,,,,,,,,,,,,,,,,,,,,
291,臣,True,True,29,18,5546,985,臓,熈,臥,慳,宦,緊,鰹,蔵,臣,豎,鏗,賢,姫,腎,樫,臨,竪,堅,,,,,,,,,,,,,,,,,,,,,,,,,,,,,,,,,,,,,,,,,,,,,,,,,,,,,,
292,美,True,False,1,1,5547,984,美,,,,,,,,,,,,,,,,,,,,,,,,,,,,,,,,,,,,,,,,,,,,,,,,,,,,,,,,,,,,,,,,,,,,,,,
293,巨,True,False,9,9,5556,975,苣,鉅,秬,渠,炬,距,矩,拒,巨,,,,,,,,,,,,,,,,,,,,,,,,,,,,,,,,,,,,,,,,,,,,,,,,,,,,,,,,,,,,,,,
294,牙,True,True,10,10,5566,965,牙,冴,呀,訝,邪,谺,芽,穿,雅,鴉,,,,,,,,,,,,,,,,,,,,,,,,,,,,,,,,,,,,,,,,,,,,,,,,,,,,,,,,,,,,,,
295,片,True,True,6,6,5572,959,版,牘,片,牋,牒,牌,,,,,,,,,,,,,,,,,,,,,,,,,,,,,,,,,,,,,,,,,,,,,,,,,,,,,,,,,,,,,,,,,,
296,血,True,True,6,4,5576,955,恤,洫,血,衂,,,,,,,,,,,,,,,,,,,,,,,,,,,,,,,,,,,,,,,,,,,,,,,,,,,,,,,,,,,,,,,,,,,,
297,⺷,False,True,1,1,5577,954,羲,,,,,,,,,,,,,,,,,,,,,,,,,,,,,,,,,,,,,,,,,,,,,,,,,,,,,,,,,,,,,,,,,,,,,,,
298,乗,True,False,2,2,5579,952,乗,剰,,,,,,,,,,,,,,,,,,,,,,,,,,,,,,,,,,,,,,,,,,,,,,,,,,,,,,,,,,,,,,,,,,,,,,
299,午,True,False,8,8,5587,944,卸,許,忤,禦,杵,御,滸,啣,,,,,,,,,,,,,,,,,,,,,,,,,,,,,,,,,,,,,,,,,,,,,,,,,,,,,,,,,,,,,,,,
300,声,True,False,6,6,5593,938,声,磬,聲,殸,馨,謦,,,,,,,,,,,,,,,,,,,,,,,,,,,,,,,,,,,,,,,,,,,,,,,,,,,,,,,,,,,,,,,,,,
301,四,True,False,1,1,5594,937,𧶠,,,,,,,,,,,,,,,,,,,,,,,,,,,,,,,,,,,,,,,,,,,,,,,,,,,,,,,,,,,,,,,,,,,,,,,
302,亜,True,False,4,4,5598,933,悪,壷,亜,唖,,,,,,,,,,,,,,,,,,,,,,,,,,,,,,,,,,,,,,,,,,,,,,,,,,,,,,,,,,,,,,,,,,,,
303,赤,True,True,7,6,5604,927,赫,螫,赦,赭,赤,嚇,,,,,,,,,,,,,,,,,,,,,,,,,,,,,,,,,,,,,,,,,,,,,,,,,,,,,,,,,,,,,,,,,,
304,龍,True,True,12,12,5616,915,聾,籠,朧,蘢,寵,壟,瀧,襲,龕,瓏,龍,隴,,,,,,,,,,,,,,,,,,,,,,,,,,,,,,,,,,,,,,,,,,,,,,,,,,,,,,,,,,,,
305,垂,True,False,8,8,5624,907,陲,垂,唾,錘,捶,埵,睡,郵,,,,,,,,,,,,,,,,,,,,,,,,,,,,,,,,,,,,,,,,,,,,,,,,,,,,,,,,,,,,,,,,
306,母,True,True,6,6,5630,901,栂,苺,姆,袰,母,拇,,,,,,,,,,,,,,,,,,,,,,,,,,,,,,,,,,,,,,,,,,,,,,,,,,,,,,,,,,,,,,,,,,
307,帝,True,False,8,8,5638,893,啻,蒂,諦,締,啼,楴,蹄,帝,,,,,,,,,,,,,,,,,,,,,,,,,,,,,,,,,,,,,,,,,,,,,,,,,,,,,,,,,,,,,,,,
308,段,True,False,5,5,5643,888,緞,葮,椴,鍛,段,,,,,,,,,,,,,,,,,,,,,,,,,,,,,,,,,,,,,,,,,,,,,,,,,,,,,,,,,,,,,,,,,,,
309,𠂢,True,False,3,3,5646,885,脈,𠂢,派,,,,,,,,,,,,,,,,,,,,,,,,,,,,,,,,,,,,,,,,,,,,,,,,,,,,,,,,,,,,,,,,,,,,,
310,瓦,True,True,19,17,5663,868,甃,甓,瓲,瓸,甑,瓷,瓧,瓰,甅,瓮,瓱,甍,甄,瓩,甌,瓶,瓦,,,,,,,,,,,,,,,,,,,,,,,,,,,,,,,,,,,,,,,,,,,,,,,,,,,,,,,
311,睘,True,False,7,7,5670,861,寰,睘,還,圜,鬟,鐶,環,,,,,,,,,,,,,,,,,,,,,,,,,,,,,,,,,,,,,,,,,,,,,,,,,,,,,,,,,,,,,,,,,
312,郷,True,False,4,4,5674,857,嚮,饗,響,郷,,,,,,,,,,,,,,,,,,,,,,,,,,,,,,,,,,,,,,,,,,,,,,,,,,,,,,,,,,,,,,,,,,,,
313,追,True,False,1,1,5675,856,鎚,,,,,,,,,,,,,,,,,,,,,,,,,,,,,,,,,,,,,,,,,,,,,,,,,,,,,,,,,,,,,,,,,,,,,,,
314,存,True,False,4,4,5679,852,存,栫,拵,荐,,,,,,,,,,,,,,,,,,,,,,,,,,,,,,,,,,,,,,,,,,,,,,,,,,,,,,,,,,,,,,,,,,,,
315,末,True,False,6,6,5685,846,沫,抹,秣,茉,靺,末,,,,,,,,,,,,,,,,,,,,,,,,,,,,,,,,,,,,,,,,,,,,,,,,,,,,,,,,,,,,,,,,,,
316,師,True,False,4,4,5689,842,篩,獅,師,鰤,,,,,,,,,,,,,,,,,,,,,,,,,,,,,,,,,,,,,,,,,,,,,,,,,,,,,,,,,,,,,,,,,,,,
317,呉,True,False,7,7,5696,835,蜈,呉,虞,誤,茣,娯,麌,,,,,,,,,,,,,,,,,,,,,,,,,,,,,,,,,,,,,,,,,,,,,,,,,,,,,,,,,,,,,,,,,
318,号,True,False,3,3,5699,832,饕,号,號,,,,,,,,,,,,,,,,,,,,,,,,,,,,,,,,,,,,,,,,,,,,,,,,,,,,,,,,,,,,,,,,,,,,,
319,卅,True,False,1,1,5700,831,帯,,,,,,,,,,,,,,,,,,,,,,,,,,,,,,,,,,,,,,,,,,,,,,,,,,,,,,,,,,,,,,,,,,,,,,,
320,旡,True,True,14,14,5714,817,概,既,蠶,廐,朁,漑,厩,潛,旡,曁,僭,慨,簪,譖,,,,,,,,,,,,,,,,,,,,,,,,,,,,,,,,,,,,,,,,,,,,,,,,,,,,,,,,,,
321,之,True,False,5,5,5719,812,泛,芝,之,乏,貶,,,,,,,,,,,,,,,,,,,,,,,,,,,,,,,,,,,,,,,,,,,,,,,,,,,,,,,,,,,,,,,,,,,
322,両,True,False,1,1,5720,811,満,,,,,,,,,,,,,,,,,,,,,,,,,,,,,,,,,,,,,,,,,,,,,,,,,,,,,,,,,,,,,,,,,,,,,,,
323,尢,True,True,11,10,5730,801,尢,蹴,犹,就,鷲,尨,尤,疣,稽,肬,,,,,,,,,,,,,,,,,,,,,,,,,,,,,,,,,,,,,,,,,,,,,,,,,,,,,,,,,,,,,,
324,屰,True,False,13,13,5743,788,獗,遡,愬,逆,溯,朔,厥,蹶,闕,塑,槊,屰,蕨,,,,,,,,,,,,,,,,,,,,,,,,,,,,,,,,,,,,,,,,,,,,,,,,,,,,,,,,,,,
325,観,True,False,1,1,5744,787,観,,,,,,,,,,,,,,,,,,,,,,,,,,,,,,,,,,,,,,,,,,,,,,,,,,,,,,,,,,,,,,,,,,,,,,,
326,寅,True,False,2,2,5746,785,演,寅,,,,,,,,,,,,,,,,,,,,,,,,,,,,,,,,,,,,,,,,,,,,,,,,,,,,,,,,,,,,,,,,,,,,,,
327,㐮,True,False,6,6,5752,779,嬢,穣,㐮,壌,醸,譲,,,,,,,,,,,,,,,,,,,,,,,,,,,,,,,,,,,,,,,,,,,,,,,,,,,,,,,,,,,,,,,,,,
328,喜,True,False,8,8,5760,771,熹,鱚,喜,禧,嬉,僖,橲,憙,,,,,,,,,,,,,,,,,,,,,,,,,,,,,,,,,,,,,,,,,,,,,,,,,,,,,,,,,,,,,,,,
329,尓,True,False,7,7,5767,764,袮,迩,珎,寳,弥,称,祢,,,,,,,,,,,,,,,,,,,,,,,,,,,,,,,,,,,,,,,,,,,,,,,,,,,,,,,,,,,,,,,,,
330,尤,True,False,1,1,5768,763,厖,,,,,,,,,,,,,,,,,,,,,,,,,,,,,,,,,,,,,,,,,,,,,,,,,,,,,,,,,,,,,,,,,,,,,,,
331,巻,True,False,1,1,5769,762,倦,,,,,,,,,,,,,,,,,,,,,,,,,,,,,,,,,,,,,,,,,,,,,,,,,,,,,,,,,,,,,,,,,,,,,,,
332,為,True,False,2,2,5771,760,偽,為,,,,,,,,,,,,,,,,,,,,,,,,,,,,,,,,,,,,,,,,,,,,,,,,,,,,,,,,,,,,,,,,,,,,,,
333,断,True,False,1,1,5772,759,断,,,,,,,,,,,,,,,,,,,,,,,,,,,,,,,,,,,,,,,,,,,,,,,,,,,,,,,,,,,,,,,,,,,,,,,
334,乎,True,False,3,3,5775,756,乎,呼,罅,,,,,,,,,,,,,,,,,,,,,,,,,,,,,,,,,,,,,,,,,,,,,,,,,,,,,,,,,,,,,,,,,,,,,
335,瓜,True,True,11,10,5785,746,瓢,柧,孤,菰,狐,瓣,瓜,呱,弧,觚,,,,,,,,,,,,,,,,,,,,,,,,,,,,,,,,,,,,,,,,,,,,,,,,,,,,,,,,,,,,,,
336,久,True,False,7,7,5792,739,玖,柩,粂,畝,灸,疚,久,,,,,,,,,,,,,,,,,,,,,,,,,,,,,,,,,,,,,,,,,,,,,,,,,,,,,,,,,,,,,,,,,
337,奉,True,False,4,4,5796,735,棒,俸,捧,奉,,,,,,,,,,,,,,,,,,,,,,,,,,,,,,,,,,,,,,,,,,,,,,,,,,,,,,,,,,,,,,,,,,,,
338,妻,True,False,7,7,5803,728,妻,凄,棲,萋,悽,淒,褄,,,,,,,,,,,,,,,,,,,,,,,,,,,,,,,,,,,,,,,,,,,,,,,,,,,,,,,,,,,,,,,,,
339,収,True,False,1,1,5804,727,収,,,,,,,,,,,,,,,,,,,,,,,,,,,,,,,,,,,,,,,,,,,,,,,,,,,,,,,,,,,,,,,,,,,,,,,
340,菐,True,False,7,7,5811,720,菐,璞,樸,僕,蹼,濮,撲,,,,,,,,,,,,,,,,,,,,,,,,,,,,,,,,,,,,,,,,,,,,,,,,,,,,,,,,,,,,,,,,,
341,善,True,False,3,3,5814,717,繕,善,膳,,,,,,,,,,,,,,,,,,,,,,,,,,,,,,,,,,,,,,,,,,,,,,,,,,,,,,,,,,,,,,,,,,,,,
342,隊,True,False,2,2,5816,715,墜,隊,,,,,,,,,,,,,,,,,,,,,,,,,,,,,,,,,,,,,,,,,,,,,,,,,,,,,,,,,,,,,,,,,,,,,,
343,従,True,False,2,2,5818,713,従,縦,,,,,,,,,,,,,,,,,,,,,,,,,,,,,,,,,,,,,,,,,,,,,,,,,,,,,,,,,,,,,,,,,,,,,,
344,爿,True,True,23,23,5841,690,牀,裝,贓,牆,臧,弉,寐,奬,蔣,漿,寤,妝,臟,醬,將,獎,藏,莊,寢,壯,奘,爿,鏘,,,,,,,,,,,,,,,,,,,,,,,,,,,,,,,,,,,,,,,,,,,,,,,,,
345,肉,True,True,3,3,5844,687,腐,臠,肉,,,,,,,,,,,,,,,,,,,,,,,,,,,,,,,,,,,,,,,,,,,,,,,,,,,,,,,,,,,,,,,,,,,,,
346,鬲,True,True,6,6,5850,681,鬻,鬲,膈,獻,隔,融,,,,,,,,,,,,,,,,,,,,,,,,,,,,,,,,,,,,,,,,,,,,,,,,,,,,,,,,,,,,,,,,,,
347,滕,True,False,2,2,5852,679,籐,滕,,,,,,,,,,,,,,,,,,,,,,,,,,,,,,,,,,,,,,,,,,,,,,,,,,,,,,,,,,,,,,,,,,,,,,
348,曹,True,False,6,6,5858,673,遭,曹,漕,艚,槽,糟,,,,,,,,,,,,,,,,,,,,,,,,,,,,,,,,,,,,,,,,,,,,,,,,,,,,,,,,,,,,,,,,,,
349,敢,True,False,8,8,5866,665,敢,厳,巖,瞰,巌,橄,嚴,儼,,,,,,,,,,,,,,,,,,,,,,,,,,,,,,,,,,,,,,,,,,,,,,,,,,,,,,,,,,,,,,,,
350,展,True,False,3,3,5869,662,展,輾,碾,,,,,,,,,,,,,,,,,,,,,,,,,,,,,,,,,,,,,,,,,,,,,,,,,,,,,,,,,,,,,,,,,,,,,
351,夏,True,False,4,4,5873,658,厦,嗄,榎,廈,,,,,,,,,,,,,,,,,,,,,,,,,,,,,,,,,,,,,,,,,,,,,,,,,,,,,,,,,,,,,,,,,,,,
352,卬,True,False,3,3,5876,655,卬,仰,迎,,,,,,,,,,,,,,,,,,,,,,,,,,,,,,,,,,,,,,,,,,,,,,,,,,,,,,,,,,,,,,,,,,,,,
353,率,True,False,2,2,5878,653,率,蟀,,,,,,,,,,,,,,,,,,,,,,,,,,,,,,,,,,,,,,,,,,,,,,,,,,,,,,,,,,,,,,,,,,,,,,
354,豸,True,True,17,16,5894,637,貉,貎,墾,貅,霾,豹,豼,藐,貂,貌,懇,貍,豸,貊,豺,貘,,,,,,,,,,,,,,,,,,,,,,,,,,,,,,,,,,,,,,,,,,,,,,,,,,,,,,,,
355,華,True,False,5,5,5899,632,嘩,譁,樺,華,曄,,,,,,,,,,,,,,,,,,,,,,,,,,,,,,,,,,,,,,,,,,,,,,,,,,,,,,,,,,,,,,,,,,,
356,叚,True,False,10,10,5909,622,假,暇,葭,遐,瑕,叚,鍜,霞,鰕,蝦,,,,,,,,,,,,,,,,,,,,,,,,,,,,,,,,,,,,,,,,,,,,,,,,,,,,,,,,,,,,,,
357,⺗,False,True,4,4,5913,618,添,慕,忝,恭,,,,,,,,,,,,,,,,,,,,,,,,,,,,,,,,,,,,,,,,,,,,,,,,,,,,,,,,,,,,,,,,,,,,
358,叟,True,False,1,1,5914,617,溲,,,,,,,,,,,,,,,,,,,,,,,,,,,,,,,,,,,,,,,,,,,,,,,,,,,,,,,,,,,,,,,,,,,,,,,
359,旅,True,False,2,2,5916,615,膂,旅,,,,,,,,,,,,,,,,,,,,,,,,,,,,,,,,,,,,,,,,,,,,,,,,,,,,,,,,,,,,,,,,,,,,,,
360,恵,True,False,2,2,5918,613,穂,恵,,,,,,,,,,,,,,,,,,,,,,,,,,,,,,,,,,,,,,,,,,,,,,,,,,,,,,,,,,,,,,,,,,,,,,
361,亟,True,False,2,2,5920,611,極,亟,,,,,,,,,,,,,,,,,,,,,,,,,,,,,,,,,,,,,,,,,,,,,,,,,,,,,,,,,,,,,,,,,,,,,,
362,柬,True,False,10,10,5930,601,鶫,爛,襴,諫,柬,楝,闌,揀,瀾,鰊,,,,,,,,,,,,,,,,,,,,,,,,,,,,,,,,,,,,,,,,,,,,,,,,,,,,,,,,,,,,,,
363,弟,True,False,7,7,5937,594,俤,剃,鵜,悌,梯,睇,涕,,,,,,,,,,,,,,,,,,,,,,,,,,,,,,,,,,,,,,,,,,,,,,,,,,,,,,,,,,,,,,,,,
364,挙,True,False,1,1,5938,593,挙,,,,,,,,,,,,,,,,,,,,,,,,,,,,,,,,,,,,,,,,,,,,,,,,,,,,,,,,,,,,,,,,,,,,,,,
365,飛,True,True,2,2,5940,591,飜,飛,,,,,,,,,,,,,,,,,,,,,,,,,,,,,,,,,,,,,,,,,,,,,,,,,,,,,,,,,,,,,,,,,,,,,,
366,兪,True,False,13,13,5953,578,瑜,瘉,覦,偸,蝓,喩,踰,揄,楡,鍮,渝,逾,兪,,,,,,,,,,,,,,,,,,,,,,,,,,,,,,,,,,,,,,,,,,,,,,,,,,,,,,,,,,,
367,竜,True,False,4,4,5957,574,篭,竜,滝,槞,,,,,,,,,,,,,,,,,,,,,,,,,,,,,,,,,,,,,,,,,,,,,,,,,,,,,,,,,,,,,,,,,,,,
368,益,True,False,7,7,5964,567,益,謚,溢,隘,縊,鎰,鷁,,,,,,,,,,,,,,,,,,,,,,,,,,,,,,,,,,,,,,,,,,,,,,,,,,,,,,,,,,,,,,,,,
369,乞,True,False,5,5,5969,562,吃,屹,乾,訖,迄,,,,,,,,,,,,,,,,,,,,,,,,,,,,,,,,,,,,,,,,,,,,,,,,,,,,,,,,,,,,,,,,,,,
370,唐,True,False,4,4,5973,558,塘,溏,唐,糖,,,,,,,,,,,,,,,,,,,,,,,,,,,,,,,,,,,,,,,,,,,,,,,,,,,,,,,,,,,,,,,,,,,,
371,散,True,False,4,4,5977,554,撒,繖,霰,散,,,,,,,,,,,,,,,,,,,,,,,,,,,,,,,,,,,,,,,,,,,,,,,,,,,,,,,,,,,,,,,,,,,,
372,夸,True,False,9,9,5986,545,誇,胯,跨,刳,夸,匏,瓠,桍,袴,,,,,,,,,,,,,,,,,,,,,,,,,,,,,,,,,,,,,,,,,,,,,,,,,,,,,,,,,,,,,,,
373,興,True,False,1,1,5987,544,興,,,,,,,,,,,,,,,,,,,,,,,,,,,,,,,,,,,,,,,,,,,,,,,,,,,,,,,,,,,,,,,,,,,,,,,
374,舞,True,False,1,1,5988,543,舞,,,,,,,,,,,,,,,,,,,,,,,,,,,,,,,,,,,,,,,,,,,,,,,,,,,,,,,,,,,,,,,,,,,,,,,
375,婁,True,False,14,14,6002,529,螻,婁,簍,窶,數,僂,藪,髏,瘻,鏤,縷,褸,籔,樓,,,,,,,,,,,,,,,,,,,,,,,,,,,,,,,,,,,,,,,,,,,,,,,,,,,,,,,,,,
376,齊,True,True,14,14,6016,515,臍,濟,躋,霽,齏,齋,儕,擠,齊,韲,劑,齎,薺,纃,,,,,,,,,,,,,,,,,,,,,,,,,,,,,,,,,,,,,,,,,,,,,,,,,,,,,,,,,,
377,齒,True,True,14,13,6029,502,齣,齟,囓,齔,齠,齪,齒,齷,齲,齡,齧,齦,齬,,,,,,,,,,,,,,,,,,,,,,,,,,,,,,,,,,,,,,,,,,,,,,,,,,,,,,,,,,,
378,夾,True,False,1,1,6030,501,侠,,,,,,,,,,,,,,,,,,,,,,,,,,,,,,,,,,,,,,,,,,,,,,,,,,,,,,,,,,,,,,,,,,,,,,,
379,咢,True,False,11,11,6041,490,齶,萼,鶚,愕,顎,鄂,諤,咢,鍔,鰐,蕚,,,,,,,,,,,,,,,,,,,,,,,,,,,,,,,,,,,,,,,,,,,,,,,,,,,,,,,,,,,,,
380,㔾,False,True,3,1,6042,489,犯,,,,,,,,,,,,,,,,,,,,,,,,,,,,,,,,,,,,,,,,,,,,,,,,,,,,,,,,,,,,,,,,,,,,,,,
381,印,True,False,1,1,6043,488,印,,,,,,,,,,,,,,,,,,,,,,,,,,,,,,,,,,,,,,,,,,,,,,,,,,,,,,,,,,,,,,,,,,,,,,,
382,継,True,False,1,1,6044,487,継,,,,,,,,,,,,,,,,,,,,,,,,,,,,,,,,,,,,,,,,,,,,,,,,,,,,,,,,,,,,,,,,,,,,,,,
383,丑,True,False,7,7,6051,480,狃,忸,鈕,丑,羞,衄,紐,,,,,,,,,,,,,,,,,,,,,,,,,,,,,,,,,,,,,,,,,,,,,,,,,,,,,,,,,,,,,,,,,
384,菫,True,False,2,2,6053,478,菫,懃,,,,,,,,,,,,,,,,,,,,,,,,,,,,,,,,,,,,,,,,,,,,,,,,,,,,,,,,,,,,,,,,,,,,,,
385,遣,True,False,3,3,6056,475,遣,譴,鑓,,,,,,,,,,,,,,,,,,,,,,,,,,,,,,,,,,,,,,,,,,,,,,,,,,,,,,,,,,,,,,,,,,,,,
386,衆,True,False,1,1,6057,474,衆,,,,,,,,,,,,,,,,,,,,,,,,,,,,,,,,,,,,,,,,,,,,,,,,,,,,,,,,,,,,,,,,,,,,,,,
387,候,True,False,1,1,6058,473,候,,,,,,,,,,,,,,,,,,,,,,,,,,,,,,,,,,,,,,,,,,,,,,,,,,,,,,,,,,,,,,,,,,,,,,,
388,奥,True,False,1,1,6059,472,襖,,,,,,,,,,,,,,,,,,,,,,,,,,,,,,,,,,,,,,,,,,,,,,,,,,,,,,,,,,,,,,,,,,,,,,,
389,勤,True,False,1,1,6060,471,勤,,,,,,,,,,,,,,,,,,,,,,,,,,,,,,,,,,,,,,,,,,,,,,,,,,,,,,,,,,,,,,,,,,,,,,,
390,單,True,False,1,1,6061,470,簞,,,,,,,,,,,,,,,,,,,,,,,,,,,,,,,,,,,,,,,,,,,,,,,,,,,,,,,,,,,,,,,,,,,,,,,
391,翏,True,False,13,13,6074,457,勠,樛,廖,謬,醪,鏐,摎,膠,蓼,翏,戮,繆,寥,,,,,,,,,,,,,,,,,,,,,,,,,,,,,,,,,,,,,,,,,,,,,,,,,,,,,,,,,,,
392,侯,True,False,4,4,6078,453,喉,侯,篌,猴,,,,,,,,,,,,,,,,,,,,,,,,,,,,,,,,,,,,,,,,,,,,,,,,,,,,,,,,,,,,,,,,,,,,
393,眞,True,False,7,7,6085,446,槇,鎭,嗔,瞋,眞,鷆,愼,,,,,,,,,,,,,,,,,,,,,,,,,,,,,,,,,,,,,,,,,,,,,,,,,,,,,,,,,,,,,,,,,
394,賓,True,False,8,8,6093,438,檳,濱,賓,殯,鬢,擯,嬪,繽,,,,,,,,,,,,,,,,,,,,,,,,,,,,,,,,,,,,,,,,,,,,,,,,,,,,,,,,,,,,,,,,
395,丩,True,False,3,3,6096,435,丩,叫,糾,,,,,,,,,,,,,,,,,,,,,,,,,,,,,,,,,,,,,,,,,,,,,,,,,,,,,,,,,,,,,,,,,,,,,
396,厷,True,False,2,2,6098,433,厷,雄,,,,,,,,,,,,,,,,,,,,,,,,,,,,,,,,,,,,,,,,,,,,,,,,,,,,,,,,,,,,,,,,,,,,,,
397,CDP-8BD0,False,False,11,11,6109,422,慱,團,囀,蓴,傳,轉,甎,磚,專,摶,槫,,,,,,,,,,,,,,,,,,,,,,,,,,,,,,,,,,,,,,,,,,,,,,,,,,,,,,,,,,,,,
398,匃,True,False,1,1,6110,421,匃,,,,,,,,,,,,,,,,,,,,,,,,,,,,,,,,,,,,,,,,,,,,,,,,,,,,,,,,,,,,,,,,,,,,,,,
399,覧,True,False,1,1,6111,420,覧,,,,,,,,,,,,,,,,,,,,,,,,,,,,,,,,,,,,,,,,,,,,,,,,,,,,,,,,,,,,,,,,,,,,,,,
400,那,True,False,3,3,6114,417,那,娜,梛,,,,,,,,,,,,,,,,,,,,,,,,,,,,,,,,,,,,,,,,,,,,,,,,,,,,,,,,,,,,,,,,,,,,,
401,麗,True,False,4,4,6118,413,儷,麗,驪,灑,,,,,,,,,,,,,,,,,,,,,,,,,,,,,,,,,,,,,,,,,,,,,,,,,,,,,,,,,,,,,,,,,,,,
402,憲,True,False,1,1,6119,412,憲,,,,,,,,,,,,,,,,,,,,,,,,,,,,,,,,,,,,,,,,,,,,,,,,,,,,,,,,,,,,,,,,,,,,,,,
403,遂,True,False,3,3,6122,409,遂,邃,燧,,,,,,,,,,,,,,,,,,,,,,,,,,,,,,,,,,,,,,,,,,,,,,,,,,,,,,,,,,,,,,,,,,,,,
404,衰,True,False,4,4,6126,405,簑,衰,蓑,榱,,,,,,,,,,,,,,,,,,,,,,,,,,,,,,,,,,,,,,,,,,,,,,,,,,,,,,,,,,,,,,,,,,,,
405,壽,True,False,10,10,6136,395,儔,鑄,籌,濤,壽,疇,躊,禱,檮,擣,,,,,,,,,,,,,,,,,,,,,,,,,,,,,,,,,,,,,,,,,,,,,,,,,,,,,,,,,,,,,,
406,襄,True,False,10,10,6146,385,攘,孃,釀,禳,穰,襄,壤,讓,驤,曩,,,,,,,,,,,,,,,,,,,,,,,,,,,,,,,,,,,,,,,,,,,,,,,,,,,,,,,,,,,,,,
407,詹,True,False,11,11,6157,374,憺,擔,檐,詹,膽,簷,蟾,瞻,譫,澹,贍,,,,,,,,,,,,,,,,,,,,,,,,,,,,,,,,,,,,,,,,,,,,,,,,,,,,,,,,,,,,,
408,隆,True,False,1,1,6158,373,窿,,,,,,,,,,,,,,,,,,,,,,,,,,,,,,,,,,,,,,,,,,,,,,,,,,,,,,,,,,,,,,,,,,,,,,,
409,爾,True,False,7,7,6165,366,濔,瀰,禰,璽,彌,邇,爾,,,,,,,,,,,,,,,,,,,,,,,,,,,,,,,,,,,,,,,,,,,,,,,,,,,,,,,,,,,,,,,,,
410,於,True,False,5,5,6170,361,閼,於,淤,鯲,唹,,,,,,,,,,,,,,,,,,,,,,,,,,,,,,,,,,,,,,,,,,,,,,,,,,,,,,,,,,,,,,,,,,,
411,𦥑,True,False,21,11,6181,350,臾,腴,攪,黌,學,𦥑,𦥯,盥,鷽,萸,覺,,,,,,,,,,,,,,,,,,,,,,,,,,,,,,,,,,,,,,,,,,,,,,,,,,,,,,,,,,,,,
412,雍,True,False,4,4,6185,346,雍,壅,甕,擁,,,,,,,,,,,,,,,,,,,,,,,,,,,,,,,,,,,,,,,,,,,,,,,,,,,,,,,,,,,,,,,,,,,,
413,抑,True,False,1,1,6186,345,抑,,,,,,,,,,,,,,,,,,,,,,,,,,,,,,,,,,,,,,,,,,,,,,,,,,,,,,,,,,,,,,,,,,,,,,,
414,汚,True,False,1,1,6187,344,汚,,,,,,,,,,,,,,,,,,,,,,,,,,,,,,,,,,,,,,,,,,,,,,,,,,,,,,,,,,,,,,,,,,,,,,,
415,虐,True,False,3,3,6190,341,瘧,虐,謔,,,,,,,,,,,,,,,,,,,,,,,,,,,,,,,,,,,,,,,,,,,,,,,,,,,,,,,,,,,,,,,,,,,,,
416,堇,False,False,4,4,6194,337,覲,瑾,饉,槿,,,,,,,,,,,,,,,,,,,,,,,,,,,,,,,,,,,,,,,,,,,,,,,,,,,,,,,,,,,,,,,,,,,,
417,后,True,False,4,4,6198,333,逅,詬,后,垢,,,,,,,,,,,,,,,,,,,,,,,,,,,,,,,,,,,,,,,,,,,,,,,,,,,,,,,,,,,,,,,,,,,,
418,勧,True,False,1,1,6199,332,勧,,,,,,,,,,,,,,,,,,,,,,,,,,,,,,,,,,,,,,,,,,,,,,,,,,,,,,,,,,,,,,,,,,,,,,,
419,爪,True,True,4,4,6203,328,爪,爬,抓,笊,,,,,,,,,,,,,,,,,,,,,,,,,,,,,,,,,,,,,,,,,,,,,,,,,,,,,,,,,,,,,,,,,,,,
420,寒,True,False,1,1,6204,327,寒,,,,,,,,,,,,,,,,,,,,,,,,,,,,,,,,,,,,,,,,,,,,,,,,,,,,,,,,,,,,,,,,,,,,,,,
421,與,True,False,8,8,6212,319,歟,與,舉,譽,襷,嶼,擧,欅,,,,,,,,,,,,,,,,,,,,,,,,,,,,,,,,,,,,,,,,,,,,,,,,,,,,,,,,,,,,,,,,
422,渋,True,False,1,1,6213,318,渋,,,,,,,,,,,,,,,,,,,,,,,,,,,,,,,,,,,,,,,,,,,,,,,,,,,,,,,,,,,,,,,,,,,,,,,
423,歓,True,False,1,1,6214,317,歓,,,,,,,,,,,,,,,,,,,,,,,,,,,,,,,,,,,,,,,,,,,,,,,,,,,,,,,,,,,,,,,,,,,,,,,
424,慶,True,False,1,1,6215,316,慶,,,,,,,,,,,,,,,,,,,,,,,,,,,,,,,,,,,,,,,,,,,,,,,,,,,,,,,,,,,,,,,,,,,,,,,
425,誉,True,False,1,1,6216,315,誉,,,,,,,,,,,,,,,,,,,,,,,,,,,,,,,,,,,,,,,,,,,,,,,,,,,,,,,,,,,,,,,,,,,,,,,
426,丹,True,False,3,3,6219,312,栴,旃,丹,,,,,,,,,,,,,,,,,,,,,,,,,,,,,,,,,,,,,,,,,,,,,,,,,,,,,,,,,,,,,,,,,,,,,
427,塁,True,False,1,1,6220,311,塁,,,,,,,,,,,,,,,,,,,,,,,,,,,,,,,,,,,,,,,,,,,,,,,,,,,,,,,,,,,,,,,,,,,,,,,
428,眉,True,False,3,3,6223,308,媚,眉,嵋,,,,,,,,,,,,,,,,,,,,,,,,,,,,,,,,,,,,,,,,,,,,,,,,,,,,,,,,,,,,,,,,,,,,,
429,亞,True,False,8,8,6231,300,壺,惡,亞,鐚,堊,椏,壼,錏,,,,,,,,,,,,,,,,,,,,,,,,,,,,,,,,,,,,,,,,,,,,,,,,,,,,,,,,,,,,,,,,
430,卷,True,False,6,6,6237,294,捲,蜷,惓,圈,綣,卷,,,,,,,,,,,,,,,,,,,,,,,,,,,,,,,,,,,,,,,,,,,,,,,,,,,,,,,,,,,,,,,,,,
431,會,True,False,7,7,6244,287,膾,檜,獪,會,薈,鱠,繪,,,,,,,,,,,,,,,,,,,,,,,,,,,,,,,,,,,,,,,,,,,,,,,,,,,,,,,,,,,,,,,,,
432,蒙,True,False,7,7,6251,280,曚,艨,濛,朦,矇,檬,蒙,,,,,,,,,,,,,,,,,,,,,,,,,,,,,,,,,,,,,,,,,,,,,,,,,,,,,,,,,,,,,,,,,
433,幻,True,False,1,1,6252,279,幻,,,,,,,,,,,,,,,,,,,,,,,,,,,,,,,,,,,,,,,,,,,,,,,,,,,,,,,,,,,,,,,,,,,,,,,
434,獣,True,False,1,1,6253,278,獣,,,,,,,,,,,,,,,,,,,,,,,,,,,,,,,,,,,,,,,,,,,,,,,,,,,,,,,,,,,,,,,,,,,,,,,
435,朕,True,False,1,1,6254,277,謄,,,,,,,,,,,,,,,,,,,,,,,,,,,,,,,,,,,,,,,,,,,,,,,,,,,,,,,,,,,,,,,,,,,,,,,
436,薦,True,False,1,1,6255,276,薦,,,,,,,,,,,,,,,,,,,,,,,,,,,,,,,,,,,,,,,,,,,,,,,,,,,,,,,,,,,,,,,,,,,,,,,
437,摂,True,False,1,1,6256,275,摂,,,,,,,,,,,,,,,,,,,,,,,,,,,,,,,,,,,,,,,,,,,,,,,,,,,,,,,,,,,,,,,,,,,,,,,
438,粛,True,False,2,2,6258,273,粛,繍,,,,,,,,,,,,,,,,,,,,,,,,,,,,,,,,,,,,,,,,,,,,,,,,,,,,,,,,,,,,,,,,,,,,,,
439,兔,True,False,1,1,6259,272,纔,,,,,,,,,,,,,,,,,,,,,,,,,,,,,,,,,,,,,,,,,,,,,,,,,,,,,,,,,,,,,,,,,,,,,,,
440,叉,True,False,2,2,6261,270,騷,蚤,,,,,,,,,,,,,,,,,,,,,,,,,,,,,,,,,,,,,,,,,,,,,,,,,,,,,,,,,,,,,,,,,,,,,,
441,奧,True,False,6,6,6267,264,燠,奧,礇,澳,墺,懊,,,,,,,,,,,,,,,,,,,,,,,,,,,,,,,,,,,,,,,,,,,,,,,,,,,,,,,,,,,,,,,,,,
442,肅,True,False,6,6,6273,258,嘯,肅,瀟,蕭,繡,簫,,,,,,,,,,,,,,,,,,,,,,,,,,,,,,,,,,,,,,,,,,,,,,,,,,,,,,,,,,,,,,,,,,
443,鬥,True,True,6,5,6278,253,鬧,鬨,鬥,鬪,鬩,,,,,,,,,,,,,,,,,,,,,,,,,,,,,,,,,,,,,,,,,,,,,,,,,,,,,,,,,,,,,,,,,,,
444,黽,True,True,6,6,6284,247,繩,蠅,黽,鼇,竈,鼈,,,,,,,,,,,,,,,,,,,,,,,,,,,,,,,,,,,,,,,,,,,,,,,,,,,,,,,,,,,,,,,,,,
445,嘉,True,False,1,1,6285,246,嘉,,,,,,,,,,,,,,,,,,,,,,,,,,,,,,,,,,,,,,,,,,,,,,,,,,,,,,,,,,,,,,,,,,,,,,,
446,畏,True,False,3,3,6288,243,隈,畏,猥,,,,,,,,,,,,,,,,,,,,,,,,,,,,,,,,,,,,,,,,,,,,,,,,,,,,,,,,,,,,,,,,,,,,,
447,拳,True,False,1,1,6289,242,拳,,,,,,,,,,,,,,,,,,,,,,,,,,,,,,,,,,,,,,,,,,,,,,,,,,,,,,,,,,,,,,,,,,,,,,,
448,潔,True,False,1,1,6290,241,潔,,,,,,,,,,,,,,,,,,,,,,,,,,,,,,,,,,,,,,,,,,,,,,,,,,,,,,,,,,,,,,,,,,,,,,,
449,絜,True,False,1,1,6291,240,絜,,,,,,,,,,,,,,,,,,,,,,,,,,,,,,,,,,,,,,,,,,,,,,,,,,,,,,,,,,,,,,,,,,,,,,,
450,繊,True,False,1,1,6292,239,繊,,,,,,,,,,,,,,,,,,,,,,,,,,,,,,,,,,,,,,,,,,,,,,,,,,,,,,,,,,,,,,,,,,,,,,,
451,桼,True,False,2,2,6294,237,桼,漆,,,,,,,,,,,,,,,,,,,,,,,,,,,,,,,,,,,,,,,,,,,,,,,,,,,,,,,,,,,,,,,,,,,,,,
452,塞,True,False,1,1,6295,236,塞,,,,,,,,,,,,,,,,,,,,,,,,,,,,,,,,,,,,,,,,,,,,,,,,,,,,,,,,,,,,,,,,,,,,,,,
453,膝,True,False,1,1,6296,235,膝,,,,,,,,,,,,,,,,,,,,,,,,,,,,,,,,,,,,,,,,,,,,,,,,,,,,,,,,,,,,,,,,,,,,,,,
454,淵,True,False,1,1,6297,234,淵,,,,,,,,,,,,,,,,,,,,,,,,,,,,,,,,,,,,,,,,,,,,,,,,,,,,,,,,,,,,,,,,,,,,,,,
455,駦,False,False,1,1,6298,233,騰,,,,,,,,,,,,,,,,,,,,,,,,,,,,,,,,,,,,,,,,,,,,,,,,,,,,,,,,,,,,,,,,,,,,,,,
456,鬱,True,False,1,1,6299,232,鬱,,,,,,,,,,,,,,,,,,,,,,,,,,,,,,,,,,,,,,,,,,,,,,,,,,,,,,,,,,,,,,,,,,,,,,,
457,丱,True,False,3,3,6302,229,聯,丱,關,,,,,,,,,,,,,,,,,,,,,,,,,,,,,,,,,,,,,,,,,,,,,,,,,,,,,,,,,,,,,,,,,,,,,
458,兩,True,False,9,9,6311,220,裲,兩,蹣,懣,輛,滿,倆,魎,瞞,,,,,,,,,,,,,,,,,,,,,,,,,,,,,,,,,,,,,,,,,,,,,,,,,,,,,,,,,,,,,,,
459,匆,True,False,5,5,6316,215,偬,怱,葱,匆,愡,,,,,,,,,,,,,,,,,,,,,,,,,,,,,,,,,,,,,,,,,,,,,,,,,,,,,,,,,,,,,,,,,,,
460,黍,True,True,5,3,6319,212,黍,黏,黐,,,,,,,,,,,,,,,,,,,,,,,,,,,,,,,,,,,,,,,,,,,,,,,,,,,,,,,,,,,,,,,,,,,,,
461,朽,True,False,1,1,6320,211,朽,,,,,,,,,,,,,,,,,,,,,,,,,,,,,,,,,,,,,,,,,,,,,,,,,,,,,,,,,,,,,,,,,,,,,,,
462,僅,True,False,1,1,6321,210,僅,,,,,,,,,,,,,,,,,,,,,,,,,,,,,,,,,,,,,,,,,,,,,,,,,,,,,,,,,,,,,,,,,,,,,,,
463,帥,True,False,1,1,6322,209,帥,,,,,,,,,,,,,,,,,,,,,,,,,,,,,,,,,,,,,,,,,,,,,,,,,,,,,,,,,,,,,,,,,,,,,,,
464,謹,True,False,1,1,6323,208,謹,,,,,,,,,,,,,,,,,,,,,,,,,,,,,,,,,,,,,,,,,,,,,,,,,,,,,,,,,,,,,,,,,,,,,,,
465,凹,True,False,1,1,6324,207,凹,,,,,,,,,,,,,,,,,,,,,,,,,,,,,,,,,,,,,,,,,,,,,,,,,,,,,,,,,,,,,,,,,,,,,,,
466,寡,True,False,1,1,6325,206,寡,,,,,,,,,,,,,,,,,,,,,,,,,,,,,,,,,,,,,,,,,,,,,,,,,,,,,,,,,,,,,,,,,,,,,,,
467,凸,True,False,1,1,6326,205,凸,,,,,,,,,,,,,,,,,,,,,,,,,,,,,,,,,,,,,,,,,,,,,,,,,,,,,,,,,,,,,,,,,,,,,,,
468,曳,True,False,3,3,6329,202,曵,絏,洩,,,,,,,,,,,,,,,,,,,,,,,,,,,,,,,,,,,,,,,,,,,,,,,,,,,,,,,,,,,,,,,,,,,,,
469,覽,True,False,4,4,6333,198,欖,攬,覽,纜,,,,,,,,,,,,,,,,,,,,,,,,,,,,,,,,,,,,,,,,,,,,,,,,,,,,,,,,,,,,,,,,,,,,
470,鹵,True,True,5,4,6337,194,鹸,鹵,滷,鹹,,,,,,,,,,,,,,,,,,,,,,,,,,,,,,,,,,,,,,,,,,,,,,,,,,,,,,,,,,,,,,,,,,,,
471,CDP-8DDC,False,False,1,1,6338,193,繭,,,,,,,,,,,,,,,,,,,,,,,,,,,,,,,,,,,,,,,,,,,,,,,,,,,,,,,,,,,,,,,,,,,,,,,
472,囟,True,False,8,5,6343,188,腦,瑙,碯,囟,惱,,,,,,,,,,,,,,,,,,,,,,,,,,,,,,,,,,,,,,,,,,,,,,,,,,,,,,,,,,,,,,,,,,,
473,屬,True,False,3,3,6346,185,囑,屬,矚,,,,,,,,,,,,,,,,,,,,,,,,,,,,,,,,,,,,,,,,,,,,,,,,,,,,,,,,,,,,,,,,,,,,,
474,帶,True,False,3,3,6349,182,蔕,帶,滯,,,,,,,,,,,,,,,,,,,,,,,,,,,,,,,,,,,,,,,,,,,,,,,,,,,,,,,,,,,,,,,,,,,,,
475,焉,True,False,3,3,6352,179,篶,嫣,焉,,,,,,,,,,,,,,,,,,,,,,,,,,,,,,,,,,,,,,,,,,,,,,,,,,,,,,,,,,,,,,,,,,,,,
476,爲,True,False,3,3,6355,176,爲,譌,僞,,,,,,,,,,,,,,,,,,,,,,,,,,,,,,,,,,,,,,,,,,,,,,,,,,,,,,,,,,,,,,,,,,,,,
477,犀,True,False,3,3,6358,173,犀,穉,遲,,,,,,,,,,,,,,,,,,,,,,,,,,,,,,,,,,,,,,,,,,,,,,,,,,,,,,,,,,,,,,,,,,,,,
478,甹,True,False,4,4,6362,169,甹,騁,娉,聘,,,,,,,,,,,,,,,,,,,,,,,,,,,,,,,,,,,,,,,,,,,,,,,,,,,,,,,,,,,,,,,,,,,,
479,畢,True,False,3,3,6365,166,蹕,篳,畢,,,,,,,,,,,,,,,,,,,,,,,,,,,,,,,,,,,,,,,,,,,,,,,,,,,,,,,,,,,,,,,,,,,,,
480,睿,True,False,3,3,6368,163,叡,濬,睿,,,,,,,,,,,,,,,,,,,,,,,,,,,,,,,,,,,,,,,,,,,,,,,,,,,,,,,,,,,,,,,,,,,,,
481,雋,True,False,3,3,6371,160,儁,雋,鐫,,,,,,,,,,,,,,,,,,,,,,,,,,,,,,,,,,,,,,,,,,,,,,,,,,,,,,,,,,,,,,,,,,,,,
482,黹,True,True,3,3,6374,157,黹,黼,黻,,,,,,,,,,,,,,,,,,,,,,,,,,,,,,,,,,,,,,,,,,,,,,,,,,,,,,,,,,,,,,,,,,,,,
483,鼠,True,True,3,3,6377,154,鼬,鼠,竄,,,,,,,,,,,,,,,,,,,,,,,,,,,,,,,,,,,,,,,,,,,,,,,,,,,,,,,,,,,,,,,,,,,,,
484,龜,True,True,3,3,6380,151,龜,鬮,龝,,,,,,,,,,,,,,,,,,,,,,,,,,,,,,,,,,,,,,,,,,,,,,,,,,,,,,,,,,,,,,,,,,,,,
485,龠,True,True,3,3,6383,148,鑰,龠,籥,,,,,,,,,,,,,,,,,,,,,,,,,,,,,,,,,,,,,,,,,,,,,,,,,,,,,,,,,,,,,,,,,,,,,
486,𣬉,False,False,3,3,6386,145,篦,貔,蓖,,,,,,,,,,,,,,,,,,,,,,,,,,,,,,,,,,,,,,,,,,,,,,,,,,,,,,,,,,,,,,,,,,,,,
487,㡭,False,False,2,2,6388,143,繼,斷,,,,,,,,,,,,,,,,,,,,,,,,,,,,,,,,,,,,,,,,,,,,,,,,,,,,,,,,,,,,,,,,,,,,,,
488,丣,True,False,4,4,6392,139,澑,丣,璢,畱,,,,,,,,,,,,,,,,,,,,,,,,,,,,,,,,,,,,,,,,,,,,,,,,,,,,,,,,,,,,,,,,,,,,
489,兎,True,False,2,2,6394,137,莵,兎,,,,,,,,,,,,,,,,,,,,,,,,,,,,,,,,,,,,,,,,,,,,,,,,,,,,,,,,,,,,,,,,,,,,,,
490,兮,True,False,3,3,6397,134,盻,諡,兮,,,,,,,,,,,,,,,,,,,,,,,,,,,,,,,,,,,,,,,,,,,,,,,,,,,,,,,,,,,,,,,,,,,,,
491,函,True,False,1,1,6398,133,涵,,,,,,,,,,,,,,,,,,,,,,,,,,,,,,,,,,,,,,,,,,,,,,,,,,,,,,,,,,,,,,,,,,,,,,,
492,夐,True,False,2,2,6400,131,夐,瓊,,,,,,,,,,,,,,,,,,,,,,,,,,,,,,,,,,,,,,,,,,,,,,,,,,,,,,,,,,,,,,,,,,,,,,
493,宏,True,False,2,2,6402,129,宏,浤,,,,,,,,,,,,,,,,,,,,,,,,,,,,,,,,,,,,,,,,,,,,,,,,,,,,,,,,,,,,,,,,,,,,,,
494,巵,True,False,2,2,6404,127,巵,梔,,,,,,,,,,,,,,,,,,,,,,,,,,,,,,,,,,,,,,,,,,,,,,,,,,,,,,,,,,,,,,,,,,,,,,
495,惠,True,False,2,2,6406,125,惠,穗,,,,,,,,,,,,,,,,,,,,,,,,,,,,,,,,,,,,,,,,,,,,,,,,,,,,,,,,,,,,,,,,,,,,,,
496,曾,True,False,1,1,6407,124,曾,,,,,,,,,,,,,,,,,,,,,,,,,,,,,,,,,,,,,,,,,,,,,,,,,,,,,,,,,,,,,,,,,,,,,,,
497,梁,True,False,2,2,6409,122,簗,梁,,,,,,,,,,,,,,,,,,,,,,,,,,,,,,,,,,,,,,,,,,,,,,,,,,,,,,,,,,,,,,,,,,,,,,
498,殄,True,False,2,2,6411,120,殄,餮,,,,,,,,,,,,,,,,,,,,,,,,,,,,,,,,,,,,,,,,,,,,,,,,,,,,,,,,,,,,,,,,,,,,,,
499,殷,True,False,2,2,6413,118,殷,慇,,,,,,,,,,,,,,,,,,,,,,,,,,,,,,,,,,,,,,,,,,,,,,,,,,,,,,,,,,,,,,,,,,,,,,
500,皐,True,False,1,1,6414,117,槹,,,,,,,,,,,,,,,,,,,,,,,,,,,,,,,,,,,,,,,,,,,,,,,,,,,,,,,,,,,,,,,,,,,,,,,
501,縢,True,False,2,2,6416,115,籘,縢,,,,,,,,,,,,,,,,,,,,,,,,,,,,,,,,,,,,,,,,,,,,,,,,,,,,,,,,,,,,,,,,,,,,,,
502,翰,True,False,2,2,6418,113,翰,瀚,,,,,,,,,,,,,,,,,,,,,,,,,,,,,,,,,,,,,,,,,,,,,,,,,,,,,,,,,,,,,,,,,,,,,,
503,聚,True,False,2,2,6420,111,聚,驟,,,,,,,,,,,,,,,,,,,,,,,,,,,,,,,,,,,,,,,,,,,,,,,,,,,,,,,,,,,,,,,,,,,,,,
504,聽,True,False,2,2,6422,109,廳,聽,,,,,,,,,,,,,,,,,,,,,,,,,,,,,,,,,,,,,,,,,,,,,,,,,,,,,,,,,,,,,,,,,,,,,,
505,薛,True,False,2,2,6424,107,蘖,薛,,,,,,,,,,,,,,,,,,,,,,,,,,,,,,,,,,,,,,,,,,,,,,,,,,,,,,,,,,,,,,,,,,,,,,
506,雩,True,False,1,1,6425,106,樗,,,,,,,,,,,,,,,,,,,,,,,,,,,,,,,,,,,,,,,,,,,,,,,,,,,,,,,,,,,,,,,,,,,,,,,
507,黎,True,False,2,2,6427,104,黎,藜,,,,,,,,,,,,,,,,,,,,,,,,,,,,,,,,,,,,,,,,,,,,,,,,,,,,,,,,,,,,,,,,,,,,,,
508,⺄,False,True,1,0,6427,104,,,,,,,,,,,,,,,,,,,,,,,,,,,,,,,,,,,,,,,,,,,,,,,,,,,,,,,,,,,,,,,,,,,,,,,,
509,⺶,False,True,1,1,6428,103,羚,,,,,,,,,,,,,,,,,,,,,,,,,,,,,,,,,,,,,,,,,,,,,,,,,,,,,,,,,,,,,,,,,,,,,,,
510,㕡,False,False,1,1,6429,102,壑,,,,,,,,,,,,,,,,,,,,,,,,,,,,,,,,,,,,,,,,,,,,,,,,,,,,,,,,,,,,,,,,,,,,,,,
511,㠯,True,False,1,1,6430,101,㠯,,,,,,,,,,,,,,,,,,,,,,,,,,,,,,,,,,,,,,,,,,,,,,,,,,,,,,,,,,,,,,,,,,,,,,,
512,䖝,True,False,2,2,6432,99,䖝,虱,,,,,,,,,,,,,,,,,,,,,,,,,,,,,,,,,,,,,,,,,,,,,,,,,,,,,,,,,,,,,,,,,,,,,,
513,丐,True,False,1,1,6433,98,丐,,,,,,,,,,,,,,,,,,,,,,,,,,,,,,,,,,,,,,,,,,,,,,,,,,,,,,,,,,,,,,,,,,,,,,,
514,亊,True,False,1,1,6434,97,亊,,,,,,,,,,,,,,,,,,,,,,,,,,,,,,,,,,,,,,,,,,,,,,,,,,,,,,,,,,,,,,,,,,,,,,,
515,佩,True,False,1,1,6435,96,佩,,,,,,,,,,,,,,,,,,,,,,,,,,,,,,,,,,,,,,,,,,,,,,,,,,,,,,,,,,,,,,,,,,,,,,,
516,兜,True,False,1,1,6436,95,兜,,,,,,,,,,,,,,,,,,,,,,,,,,,,,,,,,,,,,,,,,,,,,,,,,,,,,,,,,,,,,,,,,,,,,,,
517,冎,True,False,1,1,6437,94,冎,,,,,,,,,,,,,,,,,,,,,,,,,,,,,,,,,,,,,,,,,,,,,,,,,,,,,,,,,,,,,,,,,,,,,,,
518,卍,True,False,1,1,6438,93,卍,,,,,,,,,,,,,,,,,,,,,,,,,,,,,,,,,,,,,,,,,,,,,,,,,,,,,,,,,,,,,,,,,,,,,,,
519,卮,True,False,1,1,6439,92,卮,,,,,,,,,,,,,,,,,,,,,,,,,,,,,,,,,,,,,,,,,,,,,,,,,,,,,,,,,,,,,,,,,,,,,,,
520,卿,True,False,1,1,6440,91,卿,,,,,,,,,,,,,,,,,,,,,,,,,,,,,,,,,,,,,,,,,,,,,,,,,,,,,,,,,,,,,,,,,,,,,,,
521,叢,True,False,1,1,6441,90,叢,,,,,,,,,,,,,,,,,,,,,,,,,,,,,,,,,,,,,,,,,,,,,,,,,,,,,,,,,,,,,,,,,,,,,,,
522,嚏,True,False,1,1,6442,89,嚏,,,,,,,,,,,,,,,,,,,,,,,,,,,,,,,,,,,,,,,,,,,,,,,,,,,,,,,,,,,,,,,,,,,,,,,
523,嚔,True,False,1,1,6443,88,嚔,,,,,,,,,,,,,,,,,,,,,,,,,,,,,,,,,,,,,,,,,,,,,,,,,,,,,,,,,,,,,,,,,,,,,,,
524,嚢,True,False,1,1,6444,87,嚢,,,,,,,,,,,,,,,,,,,,,,,,,,,,,,,,,,,,,,,,,,,,,,,,,,,,,,,,,,,,,,,,,,,,,,,
525,壞,True,False,1,1,6445,86,壞,,,,,,,,,,,,,,,,,,,,,,,,,,,,,,,,,,,,,,,,,,,,,,,,,,,,,,,,,,,,,,,,,,,,,,,
526,壥,True,False,1,1,6446,85,壥,,,,,,,,,,,,,,,,,,,,,,,,,,,,,,,,,,,,,,,,,,,,,,,,,,,,,,,,,,,,,,,,,,,,,,,
527,寨,True,False,1,1,6447,84,寨,,,,,,,,,,,,,,,,,,,,,,,,,,,,,,,,,,,,,,,,,,,,,,,,,,,,,,,,,,,,,,,,,,,,,,,
528,對,True,False,1,1,6448,83,對,,,,,,,,,,,,,,,,,,,,,,,,,,,,,,,,,,,,,,,,,,,,,,,,,,,,,,,,,,,,,,,,,,,,,,,
529,崋,True,False,1,1,6449,82,崋,,,,,,,,,,,,,,,,,,,,,,,,,,,,,,,,,,,,,,,,,,,,,,,,,,,,,,,,,,,,,,,,,,,,,,,
530,巸,True,False,2,2,6451,80,巸,煕,,,,,,,,,,,,,,,,,,,,,,,,,,,,,,,,,,,,,,,,,,,,,,,,,,,,,,,,,,,,,,,,,,,,,,
531,彐,True,True,1,1,6452,79,彐,,,,,,,,,,,,,,,,,,,,,,,,,,,,,,,,,,,,,,,,,,,,,,,,,,,,,,,,,,,,,,,,,,,,,,,
532,愨,True,False,1,1,6453,78,愨,,,,,,,,,,,,,,,,,,,,,,,,,,,,,,,,,,,,,,,,,,,,,,,,,,,,,,,,,,,,,,,,,,,,,,,
533,懷,True,False,1,1,6454,77,懷,,,,,,,,,,,,,,,,,,,,,,,,,,,,,,,,,,,,,,,,,,,,,,,,,,,,,,,,,,,,,,,,,,,,,,,
534,捷,True,False,1,1,6455,76,捷,,,,,,,,,,,,,,,,,,,,,,,,,,,,,,,,,,,,,,,,,,,,,,,,,,,,,,,,,,,,,,,,,,,,,,,
535,搴,True,False,1,1,6456,75,搴,,,,,,,,,,,,,,,,,,,,,,,,,,,,,,,,,,,,,,,,,,,,,,,,,,,,,,,,,,,,,,,,,,,,,,,
536,收,True,False,1,1,6457,74,收,,,,,,,,,,,,,,,,,,,,,,,,,,,,,,,,,,,,,,,,,,,,,,,,,,,,,,,,,,,,,,,,,,,,,,,
537,攷,True,False,1,1,6458,73,攷,,,,,,,,,,,,,,,,,,,,,,,,,,,,,,,,,,,,,,,,,,,,,,,,,,,,,,,,,,,,,,,,,,,,,,,
538,斡,True,False,1,1,6459,72,斡,,,,,,,,,,,,,,,,,,,,,,,,,,,,,,,,,,,,,,,,,,,,,,,,,,,,,,,,,,,,,,,,,,,,,,,
539,无,True,True,1,1,6460,71,无,,,,,,,,,,,,,,,,,,,,,,,,,,,,,,,,,,,,,,,,,,,,,,,,,,,,,,,,,,,,,,,,,,,,,,,
540,昂,True,False,1,1,6461,70,昂,,,,,,,,,,,,,,,,,,,,,,,,,,,,,,,,,,,,,,,,,,,,,,,,,,,,,,,,,,,,,,,,,,,,,,,
541,暸,True,False,1,1,6462,69,暸,,,,,,,,,,,,,,,,,,,,,,,,,,,,,,,,,,,,,,,,,,,,,,,,,,,,,,,,,,,,,,,,,,,,,,,
542,曰,True,True,1,1,6463,68,曰,,,,,,,,,,,,,,,,,,,,,,,,,,,,,,,,,,,,,,,,,,,,,,,,,,,,,,,,,,,,,,,,,,,,,,,
543,歸,True,False,1,1,6464,67,歸,,,,,,,,,,,,,,,,,,,,,,,,,,,,,,,,,,,,,,,,,,,,,,,,,,,,,,,,,,,,,,,,,,,,,,,
544,殼,True,False,1,1,6465,66,殼,,,,,,,,,,,,,,,,,,,,,,,,,,,,,,,,,,,,,,,,,,,,,,,,,,,,,,,,,,,,,,,,,,,,,,,
545,潅,True,False,1,1,6466,65,潅,,,,,,,,,,,,,,,,,,,,,,,,,,,,,,,,,,,,,,,,,,,,,,,,,,,,,,,,,,,,,,,,,,,,,,,
546,熙,True,False,1,1,6467,64,熙,,,,,,,,,,,,,,,,,,,,,,,,,,,,,,,,,,,,,,,,,,,,,,,,,,,,,,,,,,,,,,,,,,,,,,,
547,爨,True,False,1,1,6468,63,爨,,,,,,,,,,,,,,,,,,,,,,,,,,,,,,,,,,,,,,,,,,,,,,,,,,,,,,,,,,,,,,,,,,,,,,,
548,犭,True,True,1,1,6469,62,犭,,,,,,,,,,,,,,,,,,,,,,,,,,,,,,,,,,,,,,,,,,,,,,,,,,,,,,,,,,,,,,,,,,,,,,,
549,獵,True,False,1,1,6470,61,獵,,,,,,,,,,,,,,,,,,,,,,,,,,,,,,,,,,,,,,,,,,,,,,,,,,,,,,,,,,,,,,,,,,,,,,,
550,獸,True,False,1,1,6471,60,獸,,,,,,,,,,,,,,,,,,,,,,,,,,,,,,,,,,,,,,,,,,,,,,,,,,,,,,,,,,,,,,,,,,,,,,,
551,珮,True,False,1,1,6472,59,珮,,,,,,,,,,,,,,,,,,,,,,,,,,,,,,,,,,,,,,,,,,,,,,,,,,,,,,,,,,,,,,,,,,,,,,,
552,畛,True,False,1,1,6473,58,畛,,,,,,,,,,,,,,,,,,,,,,,,,,,,,,,,,,,,,,,,,,,,,,,,,,,,,,,,,,,,,,,,,,,,,,,
553,疂,True,False,1,1,6474,57,疂,,,,,,,,,,,,,,,,,,,,,,,,,,,,,,,,,,,,,,,,,,,,,,,,,,,,,,,,,,,,,,,,,,,,,,,
554,疉,True,False,1,1,6475,56,疉,,,,,,,,,,,,,,,,,,,,,,,,,,,,,,,,,,,,,,,,,,,,,,,,,,,,,,,,,,,,,,,,,,,,,,,
555,疌,True,False,2,2,6477,54,疌,睫,,,,,,,,,,,,,,,,,,,,,,,,,,,,,,,,,,,,,,,,,,,,,,,,,,,,,,,,,,,,,,,,,,,,,,
556,疹,True,False,1,1,6478,53,疹,,,,,,,,,,,,,,,,,,,,,,,,,,,,,,,,,,,,,,,,,,,,,,,,,,,,,,,,,,,,,,,,,,,,,,,
557,眔,True,False,2,2,6480,51,鰥,眔,,,,,,,,,,,,,,,,,,,,,,,,,,,,,,,,,,,,,,,,,,,,,,,,,,,,,,,,,,,,,,,,,,,,,,
558,眷,True,False,1,1,6481,50,眷,,,,,,,,,,,,,,,,,,,,,,,,,,,,,,,,,,,,,,,,,,,,,,,,,,,,,,,,,,,,,,,,,,,,,,,
559,禝,True,False,1,1,6482,49,禝,,,,,,,,,,,,,,,,,,,,,,,,,,,,,,,,,,,,,,,,,,,,,,,,,,,,,,,,,,,,,,,,,,,,,,,
560,稷,True,False,1,1,6483,48,稷,,,,,,,,,,,,,,,,,,,,,,,,,,,,,,,,,,,,,,,,,,,,,,,,,,,,,,,,,,,,,,,,,,,,,,,
561,窗,True,False,1,1,6484,47,窗,,,,,,,,,,,,,,,,,,,,,,,,,,,,,,,,,,,,,,,,,,,,,,,,,,,,,,,,,,,,,,,,,,,,,,,
562,竊,True,False,1,1,6485,46,竊,,,,,,,,,,,,,,,,,,,,,,,,,,,,,,,,,,,,,,,,,,,,,,,,,,,,,,,,,,,,,,,,,,,,,,,
563,箆,True,False,1,1,6486,45,箆,,,,,,,,,,,,,,,,,,,,,,,,,,,,,,,,,,,,,,,,,,,,,,,,,,,,,,,,,,,,,,,,,,,,,,,
564,粤,True,False,1,1,6487,44,粤,,,,,,,,,,,,,,,,,,,,,,,,,,,,,,,,,,,,,,,,,,,,,,,,,,,,,,,,,,,,,,,,,,,,,,,
565,粱,True,False,1,1,6488,43,粱,,,,,,,,,,,,,,,,,,,,,,,,,,,,,,,,,,,,,,,,,,,,,,,,,,,,,,,,,,,,,,,,,,,,,,,
566,紘,True,False,1,1,6489,42,紘,,,,,,,,,,,,,,,,,,,,,,,,,,,,,,,,,,,,,,,,,,,,,,,,,,,,,,,,,,,,,,,,,,,,,,,
567,絳,True,False,1,1,6490,41,絳,,,,,,,,,,,,,,,,,,,,,,,,,,,,,,,,,,,,,,,,,,,,,,,,,,,,,,,,,,,,,,,,,,,,,,,
568,總,True,False,1,1,6491,40,總,,,,,,,,,,,,,,,,,,,,,,,,,,,,,,,,,,,,,,,,,,,,,,,,,,,,,,,,,,,,,,,,,,,,,,,
569,繫,True,False,1,1,6492,39,繫,,,,,,,,,,,,,,,,,,,,,,,,,,,,,,,,,,,,,,,,,,,,,,,,,,,,,,,,,,,,,,,,,,,,,,,
570,耜,True,False,1,1,6493,38,耜,,,,,,,,,,,,,,,,,,,,,,,,,,,,,,,,,,,,,,,,,,,,,,,,,,,,,,,,,,,,,,,,,,,,,,,
571,聰,True,False,1,1,6494,37,聰,,,,,,,,,,,,,,,,,,,,,,,,,,,,,,,,,,,,,,,,,,,,,,,,,,,,,,,,,,,,,,,,,,,,,,,
572,肱,True,False,1,1,6495,36,肱,,,,,,,,,,,,,,,,,,,,,,,,,,,,,,,,,,,,,,,,,,,,,,,,,,,,,,,,,,,,,,,,,,,,,,,
573,臘,True,False,1,1,6496,35,臘,,,,,,,,,,,,,,,,,,,,,,,,,,,,,,,,,,,,,,,,,,,,,,,,,,,,,,,,,,,,,,,,,,,,,,,
574,艸,True,True,1,1,6497,34,艸,,,,,,,,,,,,,,,,,,,,,,,,,,,,,,,,,,,,,,,,,,,,,,,,,,,,,,,,,,,,,,,,,,,,,,,
575,虧,True,False,1,1,6498,33,虧,,,,,,,,,,,,,,,,,,,,,,,,,,,,,,,,,,,,,,,,,,,,,,,,,,,,,,,,,,,,,,,,,,,,,,,
576,蠹,True,False,1,1,6499,32,蠹,,,,,,,,,,,,,,,,,,,,,,,,,,,,,,,,,,,,,,,,,,,,,,,,,,,,,,,,,,,,,,,,,,,,,,,
577,衞,True,False,1,1,6500,31,衞,,,,,,,,,,,,,,,,,,,,,,,,,,,,,,,,,,,,,,,,,,,,,,,,,,,,,,,,,,,,,,,,,,,,,,,
578,袗,True,False,1,1,6501,30,袗,,,,,,,,,,,,,,,,,,,,,,,,,,,,,,,,,,,,,,,,,,,,,,,,,,,,,,,,,,,,,,,,,,,,,,,
579,襃,True,False,1,1,6502,29,襃,,,,,,,,,,,,,,,,,,,,,,,,,,,,,,,,,,,,,,,,,,,,,,,,,,,,,,,,,,,,,,,,,,,,,,,
580,謇,True,False,1,1,6503,28,謇,,,,,,,,,,,,,,,,,,,,,,,,,,,,,,,,,,,,,,,,,,,,,,,,,,,,,,,,,,,,,,,,,,,,,,,
581,謖,True,False,1,1,6504,27,謖,,,,,,,,,,,,,,,,,,,,,,,,,,,,,,,,,,,,,,,,,,,,,,,,,,,,,,,,,,,,,,,,,,,,,,,
582,豢,True,False,1,1,6505,26,豢,,,,,,,,,,,,,,,,,,,,,,,,,,,,,,,,,,,,,,,,,,,,,,,,,,,,,,,,,,,,,,,,,,,,,,,
583,賽,True,False,1,1,6506,25,賽,,,,,,,,,,,,,,,,,,,,,,,,,,,,,,,,,,,,,,,,,,,,,,,,,,,,,,,,,,,,,,,,,,,,,,,
584,赧,True,False,1,1,6507,24,赧,,,,,,,,,,,,,,,,,,,,,,,,,,,,,,,,,,,,,,,,,,,,,,,,,,,,,,,,,,,,,,,,,,,,,,,
585,赳,True,False,1,1,6508,23,赳,,,,,,,,,,,,,,,,,,,,,,,,,,,,,,,,,,,,,,,,,,,,,,,,,,,,,,,,,,,,,,,,,,,,,,,
586,趁,True,False,1,1,6509,22,趁,,,,,,,,,,,,,,,,,,,,,,,,,,,,,,,,,,,,,,,,,,,,,,,,,,,,,,,,,,,,,,,,,,,,,,,
587,蹇,True,False,1,1,6510,21,蹇,,,,,,,,,,,,,,,,,,,,,,,,,,,,,,,,,,,,,,,,,,,,,,,,,,,,,,,,,,,,,,,,,,,,,,,
588,軣,True,False,1,1,6511,20,軣,,,,,,,,,,,,,,,,,,,,,,,,,,,,,,,,,,,,,,,,,,,,,,,,,,,,,,,,,,,,,,,,,,,,,,,
589,軫,True,False,1,1,6512,19,軫,,,,,,,,,,,,,,,,,,,,,,,,,,,,,,,,,,,,,,,,,,,,,,,,,,,,,,,,,,,,,,,,,,,,,,,
590,輒,True,False,1,1,6513,18,輒,,,,,,,,,,,,,,,,,,,,,,,,,,,,,,,,,,,,,,,,,,,,,,,,,,,,,,,,,,,,,,,,,,,,,,,
591,輿,True,False,1,1,6514,17,輿,,,,,,,,,,,,,,,,,,,,,,,,,,,,,,,,,,,,,,,,,,,,,,,,,,,,,,,,,,,,,,,,,,,,,,,
592,轂,True,False,1,1,6515,16,轂,,,,,,,,,,,,,,,,,,,,,,,,,,,,,,,,,,,,,,,,,,,,,,,,,,,,,,,,,,,,,,,,,,,,,,,
593,釁,True,False,1,1,6516,15,釁,,,,,,,,,,,,,,,,,,,,,,,,,,,,,,,,,,,,,,,,,,,,,,,,,,,,,,,,,,,,,,,,,,,,,,,
594,鑁,True,False,1,1,6517,14,鑁,,,,,,,,,,,,,,,,,,,,,,,,,,,,,,,,,,,,,,,,,,,,,,,,,,,,,,,,,,,,,,,,,,,,,,,
595,鑒,True,False,1,1,6518,13,鑒,,,,,,,,,,,,,,,,,,,,,,,,,,,,,,,,,,,,,,,,,,,,,,,,,,,,,,,,,,,,,,,,,,,,,,,
596,鑞,True,False,1,1,6519,12,鑞,,,,,,,,,,,,,,,,,,,,,,,,,,,,,,,,,,,,,,,,,,,,,,,,,,,,,,,,,,,,,,,,,,,,,,,
597,阝,True,False,1,1,6520,11,阝,,,,,,,,,,,,,,,,,,,,,,,,,,,,,,,,,,,,,,,,,,,,,,,,,,,,,,,,,,,,,,,,,,,,,,,
598,陋,True,False,1,1,6521,10,陋,,,,,,,,,,,,,,,,,,,,,,,,,,,,,,,,,,,,,,,,,,,,,,,,,,,,,,,,,,,,,,,,,,,,,,,
599,頤,True,False,1,1,6522,9,頤,,,,,,,,,,,,,,,,,,,,,,,,,,,,,,,,,,,,,,,,,,,,,,,,,,,,,,,,,,,,,,,,,,,,,,,
600,騫,True,False,1,1,6523,8,騫,,,,,,,,,,,,,,,,,,,,,,,,,,,,,,,,,,,,,,,,,,,,,,,,,,,,,,,,,,,,,,,,,,,,,,,
601,鬣,True,False,1,1,6524,7,鬣,,,,,,,,,,,,,,,,,,,,,,,,,,,,,,,,,,,,,,,,,,,,,,,,,,,,,,,,,,,,,,,,,,,,,,,
602,鬯,True,True,1,1,6525,6,鬯,,,,,,,,,,,,,,,,,,,,,,,,,,,,,,,,,,,,,,,,,,,,,,,,,,,,,,,,,,,,,,,,,,,,,,,
603,鳳,True,False,1,1,6526,5,鳳,,,,,,,,,,,,,,,,,,,,,,,,,,,,,,,,,,,,,,,,,,,,,,,,,,,,,,,,,,,,,,,,,,,,,,,
604,鹽,True,False,1,1,6527,4,鹽,,,,,,,,,,,,,,,,,,,,,,,,,,,,,,,,,,,,,,,,,,,,,,,,,,,,,,,,,,,,,,,,,,,,,,,
605,黴,True,False,1,1,6528,3,黴,,,,,,,,,,,,,,,,,,,,,,,,,,,,,,,,,,,,,,,,,,,,,,,,,,,,,,,,,,,,,,,,,,,,,,,
606,鼎,True,True,1,1,6529,2,鼎,,,,,,,,,,,,,,,,,,,,,,,,,,,,,,,,,,,,,,,,,,,,,,,,,,,,,,,,,,,,,,,,,,,,,,,
607,𠆢,True,True,1,1,6530,1,𠆢,,,,,,,,,,,,,,,,,,,,,,,,,,,,,,,,,,,,,,,,,,,,,,,,,,,,,,,,,,,,,,,,,,,,,,,
608,𦣝,True,False,1,1,6531,0,𦣝,,,,,,,,,,,,,,,,,,,,,,,,,,,,,,,,,,,,,,,,,,,,,,,,,,,,,,,,,,,,,,,,,,,,,,,
