,30. ⼝,4. ⼃,9. ⼈,75. ⽊,1. ⼀,72. ⽇,12. ⼋,85. ⽔,140. ⾋,24. ⼗,32. ⼟,8. ⼇,86. ⽕,109. ⽬,61. ⼼,64. ⼿,167. ⾦,3. ⼂,2. ⼁,14. ⼍,37. ⼤,20. ⼓,102. ⽥,120. ⽷,149. ⾔,142. ⾍,27. ⼚,13. ⼌,38. ⼥,96. ⽟,46. ⼭,74. ⽉,118. ⽵,40. ⼧,18. ⼑,154. ⾙,28. ⼛,29. ⼜,7. ⼆,130. ⾁,25. ⼘,195. ⿂,145. ⾐,196. ⿃,115. ⽲,42. ⼩,112. ⽯,21. ⼔,162. ⾡,56. ⼷,117. ⽴,6. ⼅,94. ⽝,104. ⽧,119. ⽶,157. ⾜,62. ⼽,53. ⼴,172. ⾫,159. ⾞,41. ⼨,10. ⼉,66. ⽁,122. ⽹,113. ⽰,163. ⾢,187. ⾺,19. ⼒,33. ⼠,50. ⼱,106. ⽩,170. ⾩,31. ⼞,44. ⼫,55. ⼶,34. ⼡,16. ⼏,146. ⾑,181. ⾴,169. ⾨,108. ⽫,164. ⾣,77. ⽌,184. ⾷,22. ⼕,48. ⼯,57. ⼸,173. ⾬,17. ⼐,60. ⼻,36. ⼣,51. ⼲,128. ⽿,87. ⽖,123. ⽺,15. ⼎,5. ⼄,26. ⼙,70. ⽅,39. ⼦,59. ⼺,93. ⽜,124. ⽻,134. ⾅,177. ⾰,76. ⽋,116. ⽳,166. ⾥,69. ⽄,79. ⽎,152. ⾗,47. ⼮,141. ⾌,49. ⼰,101. ⽤,137. ⾈,151. ⾖,52. ⼳,81. ⽐,99. ⽢,78. ⽍,125. ⽼,147. ⾒,111. ⽮,190. ⾽,138. ⾉,131. ⾂,160. ⾟,188. ⾻,11. ⼊,175. ⾮,211. ⿒,103. ⽦,90. ⽙,121. ⽸,148. ⾓,98. ⽡,82. ⽑,45. ⼬,114. ⽱,133. ⾄,83. ⽒,165. ⾤,198. ⿅,129. ⾀,168. ⾧,180. ⾳,194. ⿁,132. ⾃,150. ⾕,153. ⾘,182. ⾵,203. ⿊,135. ⾆,156. ⾛,144. ⾏,67. ⽂,158. ⾝,107. ⽪,126. ⽽,178. ⾱,54. ⼵,88. ⽗,127. ⽾,100. ⽣,212. ⿓,174. ⾭,43. ⼪,95. ⽞,161. ⾠,89. ⽘,105. ⽨,110. ⽭,210. ⿑,73. ⽈,189. ⾼,68. ⽃,179. ⾲,199. ⿆,208. ⿏,136. ⾇,63. ⼾,65. ⽀,71. ⽆,84. ⽓,143. ⾎,80. ⽏,97. ⽠,91. ⽚,209. ⿐,58. ⼹,193. ⿀,200. ⿇,92. ⽛,155. ⾚,205. ⿌,207. ⿎,171. ⾪,191. ⾾,23. ⼖,35. ⼢,176. ⾯,186. ⾹,197. ⿄,214. ⿕,201. ⿈,213. ⿔,139. ⾊,185. ⾸,202. ⿉,206. ⿍,204. ⿋,183. ⾶,192. ⾿
30. ⼝,1839,329,213,152,277,102,161,63,102,147,73,197,77,76,52,43,33,84,211,90,85,82,48,37,194,152,54,130,39,22,31,47,25,52,57,55,39,26,46,15,51,9,44,15,19,50,79,29,23,41,52,64,20,13,11,71,40,18,36,12,31,17,31,27,16,21,16,21,69,15,6,8,48,42,21,37,25,16,20,21,8,12,17,10,22,34,9,7,13,6,13,9,15,9,15,12,12,13,8,21,13,17,4,8,4,17,5,8,10,5,6,6,8,4,8,5,51,8,6,8,5,8,7,12,3,7,2,23,5,8,4,7,7,2,3,5,2,2,4,3,5,3,3,1,1,3,5,0,6,22,2,12,4,22,2,4,3,2,4,2,11,4,2,1,0,1,2,3,3,2,1,8,4,1,0,15,2,1,0,1,1,1,4,2,0,0,1,1,0,1,0,6,3,3,2,1,4,0,1,2,0,0,0,2,3,0,0,1,1,1,0,0,0,0
4. ⼃,329,1620,163,240,220,148,320,93,93,220,103,104,97,77,64,47,39,234,133,73,70,201,97,54,35,53,96,107,32,26,32,25,34,38,45,45,81,65,44,28,37,17,16,18,130,86,15,31,21,147,21,63,20,16,51,17,146,16,14,14,13,87,113,19,12,8,10,14,38,28,22,15,21,30,114,28,108,17,13,7,10,13,28,12,26,21,28,9,52,12,12,9,15,16,28,8,10,15,21,14,16,6,9,21,10,11,7,21,4,53,3,13,19,28,3,10,10,10,9,12,10,4,0,4,7,7,7,2,4,1,10,2,0,5,6,2,3,2,31,16,3,1,31,2,6,7,11,23,6,2,5,12,1,0,2,1,0,3,3,0,0,13,2,12,1,0,0,11,0,5,1,8,17,0,5,2,5,10,2,0,1,1,0,14,1,2,4,11,2,4,2,6,2,10,2,2,0,0,1,2,0,1,3,1,3,0,1,1,1,5,0,1,2,0
9. ⼈,213,163,1143,75,182,78,36,36,78,65,41,70,43,37,40,31,14,44,47,27,82,38,22,23,24,12,32,42,10,14,23,25,18,22,26,20,23,21,48,20,62,8,16,12,10,19,10,34,4,25,10,10,11,10,6,9,18,15,132,4,21,7,27,7,1,2,8,9,16,3,9,8,26,8,15,11,4,6,9,7,14,2,22,3,6,18,3,7,23,69,10,6,6,2,5,7,4,16,8,7,13,1,13,7,6,6,1,8,0,1,2,6,1,6,7,2,0,7,2,0,2,2,5,14,1,2,2,1,1,11,8,15,34,1,3,0,1,0,1,7,3,1,0,1,4,1,1,1,0,1,1,0,3,4,1,19,1,2,1,1,2,1,2,0,1,1,1,0,1,1,0,0,1,1,2,0,1,6,4,0,1,0,2,1,0,1,0,0,0,0,0,0,0,1,0,0,0,0,0,0,0,0,0,1,3,0,0,0,0,0,0,0,0,0
75. ⽊,152,240,75,1071,65,88,60,37,44,64,19,52,34,38,26,11,6,33,25,31,23,25,32,9,11,8,33,27,22,8,7,15,11,17,31,19,23,14,15,1,20,8,11,5,128,13,6,15,4,9,18,13,3,7,6,4,7,17,13,3,11,11,11,5,7,4,0,7,8,4,21,2,16,5,10,14,12,10,11,10,5,4,11,0,9,13,1,6,6,4,9,8,4,11,4,6,5,3,4,7,7,5,4,3,3,2,1,3,11,5,5,6,1,3,3,1,3,10,6,10,1,2,5,2,1,5,3,5,1,2,2,0,3,2,1,2,1,4,1,3,4,2,1,2,0,1,1,5,1,2,1,1,0,0,0,2,0,2,0,0,0,1,1,12,0,1,0,1,0,1,4,1,8,0,0,5,4,0,4,0,4,0,1,1,0,0,1,1,1,0,1,0,11,0,0,0,0,2,0,0,0,0,3,0,0,0,1,0,0,5,0,0,0,1
1. ⼀,277,220,182,65,883,101,123,46,47,49,57,42,44,29,42,33,17,81,76,54,47,36,57,17,22,20,52,49,13,10,22,58,14,38,31,18,7,12,32,13,43,9,20,4,10,26,9,11,12,71,4,70,10,11,6,8,62,14,3,10,28,8,6,12,8,7,10,10,11,3,3,14,15,2,17,15,5,60,7,5,26,60,16,6,2,21,7,6,10,5,36,1,2,2,5,4,2,6,0,3,5,2,5,4,6,5,1,4,9,2,4,13,47,1,0,2,3,6,4,1,34,1,4,1,0,0,0,0,0,14,15,5,1,2,1,2,1,1,2,0,1,15,0,4,3,0,0,1,3,0,0,1,1,0,0,0,3,0,0,0,0,0,0,1,3,1,0,0,0,0,4,1,1,2,1,0,0,15,0,0,1,0,0,1,0,1,1,0,1,0,1,6,0,0,0,0,0,0,0,0,1,1,0,2,0,2,0,0,1,0,0,0,0,0
72. ⽇,102,148,78,88,101,871,65,54,62,87,62,70,48,19,36,26,12,27,86,38,60,82,68,22,20,16,37,21,10,18,8,21,11,22,5,11,10,18,26,18,15,17,15,4,11,28,6,40,9,12,46,3,15,6,9,4,11,9,2,6,6,17,9,17,6,3,4,4,1,15,105,10,8,6,32,15,3,13,6,15,5,4,0,1,3,0,3,6,0,7,4,8,4,3,3,5,3,2,6,2,5,2,10,1,4,2,2,41,4,2,3,4,0,0,0,5,8,11,14,0,3,34,1,1,2,1,0,0,2,0,1,0,7,0,1,1,3,1,0,15,0,4,1,0,1,2,26,2,0,0,6,0,6,0,0,0,1,1,0,0,1,1,1,3,6,0,1,1,0,5,0,0,0,0,2,0,1,0,0,1,0,0,0,7,0,0,0,0,0,0,1,0,0,0,1,0,0,0,0,0,1,1,3,0,0,0,1,1,0,0,0,0,0,0
12. ⼋,161,320,36,60,123,65,780,49,23,66,54,51,33,250,22,24,20,53,38,107,29,29,41,16,20,9,36,40,16,10,12,10,11,74,40,221,61,9,31,10,18,4,8,10,11,33,7,28,15,14,9,9,11,5,8,9,8,21,5,3,11,77,7,13,5,3,6,6,18,3,11,10,6,19,13,13,8,26,69,2,11,24,7,5,15,12,7,2,6,2,3,3,3,0,4,15,8,2,6,1,9,2,8,22,0,4,42,4,11,4,2,2,11,6,2,2,1,4,6,32,2,1,2,0,3,5,2,0,0,1,0,0,1,1,3,0,2,0,2,2,2,0,2,3,1,3,3,23,3,0,3,1,1,0,0,0,2,1,3,0,0,0,1,0,1,0,0,11,2,1,8,4,3,1,2,0,2,0,0,1,0,0,0,14,1,0,0,0,1,0,1,6,1,1,0,1,0,0,2,1,0,0,0,0,0,3,0,0,0,0,0,3,0,0
85. ⽔,63,93,36,37,46,54,49,761,26,34,19,31,13,14,10,4,3,38,16,27,22,23,14,4,4,1,17,17,6,7,4,20,5,13,16,10,14,11,11,3,15,3,3,1,7,18,2,7,2,5,6,13,1,0,7,1,5,9,9,3,8,5,5,5,6,1,0,2,7,4,10,0,6,7,5,4,4,5,3,6,12,1,8,1,5,5,9,7,7,2,3,6,0,9,6,11,2,4,4,5,2,1,2,5,1,3,1,2,6,2,4,3,2,3,7,0,2,3,3,2,1,3,0,0,0,2,1,1,1,3,0,0,1,1,1,0,0,1,2,2,1,1,4,2,2,1,0,0,0,2,0,0,0,3,0,2,1,0,4,2,0,1,0,0,0,2,2,0,1,2,2,2,0,2,0,0,0,0,0,0,0,0,0,2,1,1,0,0,0,0,0,0,0,0,0,0,0,10,0,0,0,1,0,1,0,0,0,0,0,5,0,0,0,0
140. ⾋,102,93,78,44,47,62,23,26,747,37,24,39,18,10,13,4,5,25,20,29,47,33,25,5,9,7,23,18,5,2,1,12,0,9,10,4,13,11,15,6,6,4,3,2,12,5,3,15,1,9,13,10,6,1,9,3,9,4,28,2,10,10,9,12,3,2,3,7,4,7,5,2,7,3,5,8,2,3,4,3,7,1,3,2,7,3,1,2,8,2,8,3,2,3,1,3,3,3,6,3,3,0,2,2,3,4,0,2,2,2,7,4,1,2,7,1,1,7,2,0,3,6,4,2,0,2,5,4,0,0,3,0,1,6,2,0,1,0,8,8,1,0,2,0,3,1,0,1,0,1,2,0,0,0,1,0,0,0,2,0,1,1,0,2,1,1,1,0,6,1,0,1,1,1,0,3,1,2,0,0,1,0,0,0,0,0,2,1,0,0,0,0,0,1,0,0,0,0,0,1,0,0,0,0,0,0,0,0,0,1,0,0,0,0
24. ⼗,147,220,65,64,49,87,66,34,37,646,52,75,36,45,26,19,18,39,18,17,15,9,25,15,19,10,29,49,10,10,10,20,16,5,16,13,10,21,17,14,14,4,9,7,8,5,8,11,11,17,45,2,2,7,12,7,17,15,6,6,13,15,4,23,3,2,7,11,4,7,3,6,10,31,113,1,2,16,4,2,1,7,5,4,11,1,0,2,0,6,2,90,5,1,1,4,18,6,2,5,3,0,6,4,35,4,1,16,5,1,0,3,0,2,2,1,11,3,1,54,2,1,1,0,1,1,0,35,3,5,0,0,0,1,0,0,5,0,0,1,0,0,2,1,0,1,1,0,4,0,0,0,0,3,0,1,0,1,2,0,1,0,0,3,0,0,0,0,2,4,0,0,1,0,1,0,2,0,0,0,0,1,13,0,0,1,0,1,2,4,2,0,0,0,0,0,3,0,0,0,0,0,0,0,2,0,0,1,0,0,0,0,2,0
32. ⼟,73,103,41,19,57,62,54,19,24,52,598,34,21,18,9,14,6,29,15,20,8,11,12,10,6,9,23,21,5,3,7,9,4,9,6,7,46,19,9,4,13,4,13,3,5,5,3,16,7,14,4,2,4,1,3,3,13,11,2,5,21,12,14,17,1,2,2,3,10,2,0,9,12,9,3,8,3,6,1,5,7,2,3,1,2,9,1,1,4,5,1,23,1,2,5,4,13,3,10,5,2,2,1,2,2,1,5,8,2,2,5,0,1,2,1,1,1,0,2,3,1,48,2,1,1,2,5,1,0,1,4,1,2,1,0,1,1,1,2,0,28,0,2,1,1,1,1,1,0,1,1,0,1,0,13,2,0,0,1,0,0,0,0,0,0,1,0,0,0,0,0,0,0,0,0,1,0,4,0,0,0,0,0,0,0,1,0,0,0,0,0,0,0,0,7,2,0,0,0,0,0,0,0,0,0,0,0,0,0,0,0,0,0,0
8. ⼇,197,104,70,52,42,70,51,31,39,75,34,572,21,17,21,15,11,27,13,43,7,10,16,14,12,9,7,42,13,9,4,21,8,8,24,10,33,4,24,13,9,6,59,4,9,21,5,0,8,4,154,18,3,4,4,5,1,2,8,3,1,11,29,9,4,8,4,4,2,20,8,5,18,19,2,2,13,6,4,6,1,5,2,2,22,0,3,4,10,4,7,0,1,1,2,10,6,0,73,24,5,3,3,0,0,0,2,14,3,1,4,13,1,0,1,4,0,19,0,2,2,0,2,6,1,1,1,35,1,0,4,0,3,2,0,0,2,4,0,11,0,1,2,0,0,1,20,2,1,0,0,1,2,1,0,1,24,0,0,1,0,0,18,0,3,16,1,3,19,0,0,0,1,19,0,15,0,2,0,0,0,1,0,0,0,0,2,1,0,0,0,0,0,0,0,1,0,0,1,0,0,0,0,0,0,0,0,0,0,1,0,0,0,0
86. ⽕,77,97,43,34,44,48,33,13,18,36,21,21,535,10,9,3,1,30,17,29,23,102,90,4,6,5,23,11,6,5,5,16,2,10,6,7,10,12,5,3,8,81,1,83,14,11,3,16,2,9,4,10,9,3,6,2,6,10,12,1,3,2,6,8,4,0,65,7,5,2,3,2,3,2,4,7,3,8,2,3,11,3,4,2,7,3,3,1,1,2,6,5,3,6,9,3,6,3,4,3,3,3,3,9,3,1,2,27,1,1,2,4,4,5,2,1,2,6,3,2,1,2,0,0,0,0,2,0,1,1,1,0,0,0,1,1,1,1,0,0,1,1,3,1,5,0,2,0,1,1,0,0,17,0,0,1,1,0,0,0,0,0,3,0,0,0,1,1,0,0,2,1,2,0,0,0,0,0,0,0,2,0,0,0,0,0,0,0,0,0,0,0,0,1,0,0,0,1,0,0,0,0,0,0,0,0,0,0,0,0,0,0,0,0
109. ⽬,76,77,37,38,29,19,250,14,10,45,18,17,10,481,16,9,6,20,15,33,17,7,10,13,5,3,19,9,11,7,4,4,8,20,17,221,6,9,10,1,23,0,2,4,5,30,4,20,6,14,7,5,4,3,1,2,8,4,12,0,2,37,4,18,3,0,0,2,15,2,1,1,2,3,12,10,4,2,69,1,3,0,10,1,5,6,2,2,2,2,4,3,2,3,1,1,2,2,2,0,5,2,0,3,0,1,3,2,2,0,1,2,1,0,1,0,3,2,0,0,3,3,36,0,2,1,7,0,0,2,0,0,1,1,2,0,0,0,2,0,0,1,0,0,1,2,1,0,24,0,0,1,1,1,0,1,2,0,1,0,0,0,1,0,0,0,1,0,1,1,2,0,0,1,0,0,0,0,0,0,1,0,1,0,0,1,0,0,1,4,0,0,0,0,0,0,1,0,0,0,2,1,0,0,0,0,0,0,5,0,1,0,0,0
61. ⼼,52,64,40,26,42,36,22,10,13,26,9,21,9,16,476,3,2,17,13,24,10,17,13,5,5,3,15,8,3,5,4,9,0,13,12,5,12,6,13,2,1,2,2,0,11,5,0,3,0,7,7,8,2,2,5,0,7,8,7,3,5,2,3,18,3,1,1,3,7,1,4,2,4,2,2,11,3,2,2,2,8,0,0,0,5,4,2,2,3,4,2,4,9,8,1,0,1,2,0,3,2,3,1,0,0,3,1,2,3,2,0,2,3,1,4,0,1,1,0,1,0,0,0,0,0,3,1,0,0,1,3,0,0,0,0,1,0,0,1,1,0,1,3,0,0,1,6,1,3,1,1,0,0,3,0,1,2,1,0,2,0,0,0,0,2,0,1,0,1,0,0,0,1,0,0,0,0,2,0,0,1,0,0,1,1,1,0,0,0,0,0,0,0,0,0,0,0,1,0,0,0,0,0,0,0,0,0,0,0,0,0,0,0,0
64. ⼿,43,47,31,11,33,26,24,4,4,19,14,15,3,9,3,475,0,13,12,16,21,10,5,1,3,1,6,7,3,2,7,10,4,7,11,4,8,17,6,0,8,0,2,1,0,6,1,6,1,4,4,12,3,0,2,1,3,3,8,2,5,3,2,3,2,2,0,3,5,3,4,0,3,5,1,4,6,1,0,3,0,1,1,0,2,5,3,1,3,0,2,4,6,5,2,3,3,4,0,1,1,1,5,7,0,1,2,1,9,4,2,1,1,3,2,1,0,2,2,3,0,1,3,2,0,0,1,1,0,1,1,0,3,0,3,0,0,0,0,1,2,1,1,0,0,0,0,0,0,0,1,0,0,1,0,0,0,0,1,1,0,1,0,0,0,0,0,0,0,1,2,2,1,1,0,0,1,0,0,0,0,0,1,0,0,0,1,0,0,0,0,0,1,0,0,0,0,0,0,0,0,0,0,0,0,0,0,0,0,0,0,0,0,0
167. ⾦,33,39,14,6,17,12,20,3,5,18,6,11,1,6,2,0,462,10,5,5,7,6,7,2,1,0,7,7,1,3,3,5,0,5,5,3,4,10,5,0,3,0,0,0,2,6,1,4,0,7,2,2,0,0,1,0,6,4,5,2,3,3,1,5,0,0,0,2,1,1,4,0,1,2,2,2,2,1,0,0,3,0,2,0,3,1,1,0,1,1,2,1,1,1,0,1,1,5,2,1,1,1,1,1,0,1,0,2,3,2,0,3,2,1,1,0,3,2,1,2,0,0,0,1,0,1,3,0,0,2,0,0,1,1,0,0,0,0,1,0,0,0,1,1,1,0,1,0,0,1,0,0,0,1,0,1,0,0,0,0,0,1,1,0,0,0,1,0,1,0,0,1,0,0,0,1,0,0,0,0,0,0,0,0,0,0,0,0,0,0,0,0,0,0,0,0,0,0,0,0,0,0,0,0,1,0,0,0,0,0,0,0,0,0
3. ⼂,84,234,44,33,81,27,53,38,25,39,29,27,30,20,17,13,10,434,14,7,41,34,13,13,14,9,49,8,7,21,6,12,12,2,14,16,7,5,11,8,13,4,7,6,9,10,2,5,3,173,8,22,38,1,3,6,146,1,3,4,14,7,3,4,1,0,4,1,1,3,3,0,9,2,4,0,14,4,0,5,3,3,9,4,8,11,0,0,1,2,4,7,2,1,16,5,16,2,7,4,3,2,2,0,4,1,0,5,5,0,1,5,3,0,32,1,2,6,4,3,4,0,0,0,1,0,6,2,0,0,10,0,0,6,0,2,19,2,1,0,0,0,0,1,0,1,6,3,3,0,1,1,4,1,1,1,2,0,0,0,0,0,0,0,0,0,0,9,0,0,1,0,0,0,1,0,13,10,0,0,0,0,0,0,0,0,0,0,1,0,0,1,0,0,0,0,0,0,0,0,0,1,0,1,0,0,0,0,1,0,0,2,0,0
2. ⼁,211,133,47,25,76,86,38,16,20,18,15,13,17,15,13,12,5,14,430,16,18,23,29,12,6,151,6,18,18,2,9,8,12,8,6,11,8,13,7,6,6,1,9,2,4,5,2,3,5,4,1,4,7,5,7,2,4,3,2,1,1,4,17,11,7,2,4,0,2,4,1,1,1,4,8,11,13,2,0,3,7,0,4,2,5,2,27,1,6,3,3,1,3,2,1,2,3,3,2,2,3,2,0,11,0,3,1,0,2,0,1,3,3,1,2,2,0,4,0,2,1,1,1,4,1,1,0,0,2,2,1,0,1,0,0,4,0,0,2,1,1,0,3,0,29,2,0,0,0,0,0,12,0,1,1,0,1,0,0,1,0,7,1,0,0,0,1,0,1,1,0,0,0,0,3,0,2,0,0,2,0,0,0,1,0,0,0,0,0,0,1,1,0,0,1,1,0,0,0,0,0,0,0,0,0,0,0,0,0,0,0,0,0,0
14. ⼍,90,73,27,31,54,38,107,27,29,17,20,43,29,33,24,16,5,7,16,401,7,6,12,11,10,10,1,3,12,5,4,13,3,221,5,15,15,17,23,6,17,1,2,8,3,13,7,14,4,1,13,17,2,1,5,3,1,0,3,16,4,8,3,14,9,0,3,7,22,22,7,3,0,2,3,11,6,2,1,0,5,2,1,2,0,7,2,1,2,0,17,1,3,10,1,2,2,8,10,7,3,4,1,11,1,1,42,0,0,5,17,1,0,0,0,2,6,2,0,0,3,0,6,0,1,0,1,3,0,0,0,0,9,4,3,0,1,1,0,2,8,0,3,0,0,1,0,0,3,8,0,0,0,1,0,0,0,1,2,0,0,0,0,0,1,1,0,0,1,1,5,0,0,0,0,0,0,0,0,1,3,0,0,0,0,0,0,0,0,0,1,0,0,1,0,1,0,0,0,0,0,0,0,0,0,1,0,0,0,0,0,0,0,1
37. ⼤,85,70,82,23,47,60,29,22,47,15,8,7,23,17,10,21,7,41,18,7,394,9,11,5,8,9,7,24,6,1,5,11,8,5,9,8,17,2,18,4,6,3,4,5,8,13,4,8,4,0,1,16,42,6,10,7,0,2,8,4,4,3,1,3,4,3,4,1,1,4,1,2,7,0,6,2,3,9,3,3,1,6,0,1,5,0,6,1,0,1,2,1,1,8,3,2,0,1,5,0,4,0,1,2,3,3,2,3,0,2,0,0,1,5,0,0,1,5,1,0,2,1,3,44,1,1,0,0,0,1,0,0,6,5,1,0,0,0,0,0,1,0,6,1,1,2,0,2,2,1,1,1,3,0,0,1,0,1,0,0,0,0,0,0,0,0,0,0,0,0,4,3,0,0,1,0,0,0,2,0,0,1,0,0,1,0,0,1,0,0,0,1,0,0,0,0,0,0,0,1,0,1,0,0,0,0,0,0,0,0,0,1,0,0
20. ⼓,82,201,38,25,36,82,29,23,33,9,11,10,102,7,17,10,6,34,23,6,9,371,86,7,21,19,11,7,4,4,2,6,5,4,13,3,6,5,10,7,4,82,3,1,9,3,3,20,3,8,4,6,2,4,7,3,8,4,1,1,2,3,5,12,2,1,2,2,2,2,2,4,2,5,2,6,0,4,0,1,6,3,3,3,1,0,1,3,11,2,4,1,0,4,6,4,1,5,3,0,3,9,0,11,4,2,0,1,0,0,4,1,2,25,5,1,3,0,5,0,3,1,0,0,1,0,1,0,1,0,1,1,0,0,5,20,0,0,6,0,0,1,0,1,0,1,1,0,0,0,1,0,0,0,1,1,0,0,2,0,0,0,1,0,0,0,3,0,0,0,0,0,0,0,1,0,2,0,2,0,1,0,0,0,0,0,0,1,0,0,0,0,0,0,0,0,0,1,1,0,1,1,0,0,0,0,4,4,0,2,0,0,0,0
102. ⽥,48,97,22,32,57,68,41,14,25,25,12,16,90,10,13,5,7,13,29,12,11,86,366,9,2,6,11,24,10,4,4,12,2,7,14,5,28,4,4,7,3,82,5,3,8,10,4,6,3,4,1,3,6,5,21,3,4,3,1,3,5,3,2,3,4,0,3,12,3,4,3,3,1,1,7,7,0,4,3,0,15,3,1,3,1,1,3,5,2,1,2,2,0,0,4,4,0,1,5,0,3,0,2,2,0,0,0,1,0,0,0,8,19,1,2,2,1,3,2,0,0,1,0,0,0,0,1,0,1,1,1,0,1,0,1,0,1,0,0,16,0,0,18,0,2,0,0,23,4,0,0,0,0,0,0,1,0,0,0,0,0,1,1,1,1,0,1,0,2,0,0,0,0,0,2,0,1,0,0,0,1,0,0,0,0,0,0,0,1,4,1,0,1,0,0,0,0,1,0,0,0,0,0,0,0,0,0,0,0,0,0,0,1,0
120. ⽷,37,54,23,9,17,22,16,4,5,15,10,14,4,13,5,1,2,13,12,11,5,7,9,352,11,4,7,10,5,0,4,7,2,7,5,7,12,11,11,2,4,1,0,1,1,8,0,3,2,8,3,3,0,1,5,0,8,3,5,4,3,3,6,11,2,0,1,0,5,3,4,0,1,0,4,5,3,1,2,1,3,0,1,0,1,3,3,2,1,4,0,2,1,4,2,1,2,1,1,2,1,0,1,0,0,0,0,2,0,3,2,2,0,1,1,0,0,2,2,1,0,1,1,0,0,0,3,2,0,0,3,0,2,0,1,0,0,0,1,0,1,2,1,0,2,0,1,0,0,0,0,0,0,0,0,1,3,0,0,1,1,0,2,0,0,0,0,0,1,1,0,0,0,2,0,1,0,2,0,0,0,0,0,0,0,0,0,0,0,0,1,0,1,0,0,1,0,0,0,0,0,1,0,0,0,0,0,1,0,0,0,0,0,0
149. ⾔,194,35,24,11,22,20,20,4,9,19,6,12,6,5,5,3,1,14,6,10,8,21,2,11,333,3,5,7,0,3,3,7,1,6,4,4,3,6,6,3,4,0,1,1,1,2,0,9,1,7,6,7,3,0,1,0,6,0,5,1,4,2,2,6,0,0,0,0,6,1,1,0,0,2,3,1,3,1,0,0,3,0,2,0,1,3,2,1,0,0,0,5,1,3,3,1,2,1,2,1,3,1,1,3,1,1,0,0,2,2,0,1,1,1,1,0,1,1,2,1,0,3,0,0,0,0,0,2,0,1,2,0,1,0,2,0,0,0,0,0,0,1,0,0,0,0,2,0,0,0,0,1,0,1,0,0,0,1,0,0,1,1,0,1,0,0,1,0,0,0,0,1,1,0,0,0,0,1,0,0,0,0,0,1,0,0,1,0,0,0,0,0,0,1,0,0,0,0,0,0,0,0,0,0,0,0,0,0,0,0,0,0,0,0
142. ⾍,152,53,12,8,20,16,9,1,7,10,9,9,5,3,3,1,0,9,151,10,9,19,6,4,3,327,3,16,1,2,1,7,0,4,3,0,6,4,4,0,5,0,1,0,2,5,2,2,0,2,1,3,3,1,2,1,2,0,2,0,0,2,2,10,2,1,2,0,2,1,1,0,1,5,3,3,13,2,0,0,1,0,3,1,1,2,4,1,3,0,1,1,1,1,1,1,2,2,2,2,0,2,0,1,0,1,0,0,2,0,1,0,0,1,2,0,0,1,0,1,0,1,1,1,0,1,0,0,1,2,1,1,1,0,0,4,0,0,2,5,1,0,2,0,0,0,0,0,0,0,0,12,0,1,0,0,1,0,0,1,0,2,1,0,0,0,1,0,1,1,0,0,0,0,0,0,2,0,0,1,0,0,0,1,0,0,0,0,0,0,0,1,0,0,1,1,0,0,0,0,0,0,0,0,0,0,0,0,0,0,0,0,0,0
27. ⼚,54,96,32,33,52,37,36,17,23,29,23,7,23,19,15,6,7,49,6,1,7,11,11,7,5,3,313,6,4,2,6,6,2,1,3,11,8,18,4,7,13,4,3,4,8,11,6,22,6,42,8,2,6,1,9,5,42,119,7,5,14,3,8,5,0,3,1,2,2,4,7,3,3,0,4,3,2,0,3,0,1,0,8,2,0,0,1,2,4,1,1,1,7,0,1,0,0,10,0,2,7,1,1,1,2,4,0,11,2,2,0,1,3,2,7,0,2,6,20,3,0,0,0,0,0,2,6,0,0,0,1,0,0,4,0,1,1,1,4,4,0,1,0,19,0,0,0,2,2,0,0,0,1,0,1,0,2,3,0,0,0,1,0,1,2,0,0,1,0,20,0,2,0,0,0,0,0,0,0,0,1,0,0,2,0,0,0,0,1,0,0,0,11,0,0,0,0,4,0,0,0,1,0,1,0,0,0,0,0,0,0,0,0,0
13. ⼌,130,107,42,27,49,21,40,17,18,49,21,42,11,9,8,7,7,8,18,3,24,7,24,10,7,16,6,303,5,3,19,7,7,3,3,3,10,3,3,6,3,1,8,1,5,35,3,2,10,0,3,4,4,2,14,2,0,1,4,4,0,2,14,5,2,1,2,1,12,5,0,3,0,2,29,0,0,0,0,0,0,0,1,1,4,0,3,11,11,0,1,5,0,4,0,1,1,0,1,1,3,1,1,1,2,0,2,2,0,0,0,0,1,1,1,0,0,0,0,1,1,0,1,1,1,1,0,1,0,15,0,1,0,0,0,0,0,0,0,33,0,0,7,0,0,1,0,3,0,0,0,0,1,0,0,0,0,0,0,18,0,0,0,1,0,0,6,0,0,0,7,0,3,0,0,15,0,0,0,0,0,1,0,0,0,0,0,0,0,0,0,6,0,0,0,1,0,0,0,0,0,0,0,0,3,0,0,0,0,1,0,3,0,0
38. ⼥,39,32,10,22,13,10,16,6,5,10,5,13,6,11,3,3,1,7,18,12,6,4,10,5,0,1,4,5,300,2,2,6,2,11,1,8,4,14,3,1,2,2,3,1,8,4,1,2,1,5,5,2,0,3,4,0,5,0,0,0,0,1,6,0,1,1,2,4,4,4,0,1,3,2,1,0,1,3,1,2,1,0,1,1,6,0,3,3,0,0,1,2,2,5,1,3,0,1,1,2,0,0,0,1,1,1,1,0,0,0,1,0,0,1,0,0,0,0,1,1,0,1,0,2,0,1,1,1,1,0,1,0,1,1,0,0,0,0,0,0,1,1,0,0,0,0,0,2,1,0,0,0,0,0,0,0,0,0,1,1,0,0,0,0,1,0,0,0,0,1,0,0,0,0,0,0,0,1,0,0,0,0,1,0,0,0,1,0,0,1,0,0,0,0,0,0,0,0,0,0,0,0,0,0,0,0,0,0,0,0,0,0,0,0
96. ⽟,22,26,14,8,10,18,10,7,2,10,3,9,5,7,5,2,3,21,2,5,1,4,4,0,3,2,2,3,2,272,5,5,4,3,2,4,3,1,3,0,0,1,0,0,1,3,1,2,2,2,3,1,2,1,0,0,1,2,0,1,2,2,3,3,0,2,2,1,4,2,14,1,3,1,3,2,2,1,0,3,0,1,0,0,5,1,0,0,1,4,0,0,5,1,1,0,0,0,0,0,1,0,0,1,0,0,0,1,0,0,1,2,1,0,0,0,1,0,2,0,0,0,1,0,0,2,0,1,0,5,1,0,0,0,3,0,0,0,0,1,0,0,0,1,0,0,0,1,0,0,0,0,0,0,0,0,1,0,1,1,0,0,0,0,0,1,0,0,0,0,1,0,0,0,0,0,0,0,0,0,0,0,0,0,0,0,0,0,0,0,0,0,0,0,0,0,0,0,6,0,0,0,0,0,0,0,1,0,0,0,0,0,0,0
46. ⼭,31,32,23,7,22,8,12,4,1,10,7,4,5,4,4,7,3,6,9,4,5,2,4,4,3,1,6,19,2,5,271,5,0,4,4,2,4,2,1,1,3,0,0,5,1,1,2,3,2,4,3,6,2,2,1,0,3,0,5,2,1,3,8,0,2,0,0,0,0,0,2,1,0,6,3,5,2,0,2,1,0,0,0,0,1,2,1,0,14,6,0,2,2,5,3,1,2,0,0,0,0,0,1,1,0,1,1,2,2,0,0,0,0,0,0,0,11,1,2,1,0,0,1,1,0,0,0,0,0,0,0,0,1,0,4,0,0,0,0,1,0,2,0,0,0,0,0,2,0,1,0,1,2,0,0,0,0,0,0,7,0,0,0,0,1,0,0,0,0,0,0,1,0,0,0,1,0,0,0,0,0,0,1,0,0,0,0,0,0,0,0,0,0,0,0,0,0,0,0,0,0,0,0,0,0,0,0,1,0,0,0,0,0,0
74. ⽉,47,25,25,15,58,21,10,20,12,20,9,21,16,4,9,10,5,12,8,13,11,6,12,7,7,7,6,7,6,5,5,265,7,9,13,2,9,3,8,12,3,3,1,4,2,18,4,5,5,0,13,3,13,5,3,2,0,1,1,2,8,1,7,5,6,1,0,6,1,0,0,10,1,1,1,1,4,4,0,4,1,3,1,1,4,7,1,3,8,3,0,1,1,2,1,1,0,2,0,0,0,0,1,0,3,0,1,1,0,1,2,0,0,0,0,0,1,1,0,2,0,0,1,0,0,2,0,0,16,13,0,1,2,7,7,0,0,0,6,0,0,0,0,0,0,0,0,1,0,0,0,0,1,0,1,0,0,0,0,0,0,0,0,1,0,12,17,0,0,0,1,0,0,0,0,0,0,0,0,0,0,0,0,0,0,0,0,0,0,0,0,0,0,0,0,0,0,0,0,0,0,1,0,0,0,0,0,0,0,0,0,0,0,0
118. ⽵,25,34,18,11,14,11,11,5,0,16,4,8,2,8,0,4,0,12,12,3,8,5,2,2,1,0,2,7,2,4,0,7,264,2,6,3,3,2,3,0,3,0,2,0,1,0,0,3,0,6,3,2,0,0,0,0,6,1,1,1,4,2,3,0,0,0,1,2,2,3,2,0,2,1,6,1,2,2,1,1,1,0,2,0,4,6,1,0,1,0,0,2,0,2,0,0,1,5,2,0,1,0,0,0,0,1,1,0,0,0,1,0,0,0,1,0,0,0,3,5,0,1,1,3,0,2,1,0,0,1,2,0,0,0,0,0,0,0,0,1,0,0,0,0,2,0,0,0,0,0,0,0,0,1,0,0,0,0,1,0,0,1,0,1,1,2,0,0,0,0,0,0,0,0,0,0,0,2,0,0,0,0,0,1,0,0,0,0,0,0,0,0,0,0,0,0,0,0,0,0,0,0,0,0,1,0,0,0,0,0,0,0,0,0
40. ⼧,52,38,22,17,38,22,74,13,9,5,9,8,10,20,13,7,5,2,8,221,5,4,7,7,6,4,1,3,11,3,4,9,2,261,3,15,10,4,15,4,12,1,0,3,2,12,4,11,2,0,5,14,2,0,5,2,0,0,3,1,2,3,2,9,9,0,2,1,1,0,6,3,0,2,1,4,0,0,1,0,5,0,0,1,0,7,2,0,1,0,10,0,2,0,1,1,1,8,2,1,2,2,1,3,1,0,42,0,0,0,5,0,0,0,0,1,1,1,0,0,1,0,2,0,1,0,1,3,0,0,0,0,9,4,2,0,0,0,0,2,5,0,3,0,0,1,0,0,2,8,0,0,0,1,0,0,0,1,0,0,0,0,0,0,1,1,0,0,0,1,0,0,0,0,0,0,0,0,0,1,0,0,0,0,0,0,0,0,0,0,0,0,0,1,0,1,0,0,0,0,0,0,0,0,0,0,0,0,0,0,0,0,0,0
18. ⼑,57,45,26,31,31,5,40,16,10,16,6,24,6,17,12,11,5,14,6,5,9,13,14,5,4,3,3,3,1,2,4,13,6,3,258,16,5,0,18,1,4,3,3,0,10,2,1,1,3,0,6,1,1,4,4,1,0,2,0,1,0,0,0,1,2,1,0,1,0,5,0,0,0,2,2,0,0,2,7,0,2,1,4,1,0,1,1,3,3,0,6,5,0,0,0,1,0,4,0,0,2,10,1,1,2,0,1,0,0,0,1,2,1,0,0,0,1,0,0,0,6,0,0,0,1,0,0,3,0,0,2,3,0,0,0,6,1,0,0,0,3,0,0,0,1,1,1,0,1,0,1,0,0,1,1,0,1,0,0,0,0,0,0,0,0,0,0,0,0,0,0,0,0,15,0,0,0,2,0,0,0,0,0,0,1,1,0,0,0,0,1,0,0,0,0,0,0,0,0,0,0,0,0,0,0,0,0,0,0,0,0,0,0,0
154. ⾙,55,45,20,19,18,11,221,10,4,13,7,10,7,221,5,4,3,16,11,15,8,3,5,7,4,0,11,3,8,4,2,2,3,15,16,257,4,3,7,1,15,0,1,2,4,18,3,9,2,12,4,5,2,3,1,2,6,2,3,0,1,1,2,11,2,0,0,2,14,1,1,1,2,1,5,2,3,2,69,0,2,0,7,1,4,5,1,0,2,0,2,1,1,0,0,0,1,2,1,0,5,1,0,0,0,1,1,1,2,0,0,2,1,0,1,0,1,1,0,0,2,1,1,0,2,0,2,0,0,0,0,0,1,1,2,0,0,0,2,0,0,0,0,0,1,2,1,0,0,0,0,0,1,0,0,0,2,0,1,0,0,0,1,0,0,0,0,0,0,1,0,0,0,1,0,0,0,0,0,0,0,0,0,0,0,0,0,0,1,0,0,0,0,0,0,0,0,0,0,0,0,0,0,0,0,0,0,0,0,0,0,0,0,0
28. ⼛,39,81,23,23,7,10,61,14,13,10,46,33,10,6,12,8,4,7,8,15,17,6,28,12,3,6,8,10,4,3,4,9,3,10,5,4,255,4,24,7,5,2,1,3,5,1,2,8,1,0,6,0,4,0,1,0,0,7,1,3,0,16,5,6,1,0,3,1,4,1,1,3,0,5,6,12,1,4,2,1,5,3,2,2,1,0,7,7,5,1,1,0,1,3,0,1,4,5,2,2,28,6,3,0,0,1,4,0,0,0,0,12,0,1,0,1,0,1,0,0,1,1,0,6,19,3,0,4,0,1,0,1,2,0,1,1,1,1,0,7,28,0,1,0,1,21,0,23,0,0,0,1,0,0,0,0,0,0,1,0,0,0,0,1,0,0,0,0,1,0,0,0,0,0,0,0,1,0,0,0,0,0,0,0,0,0,1,11,0,0,0,0,1,0,0,0,0,1,0,0,0,0,0,0,0,0,0,0,0,1,0,0,0,0
29. ⼜,26,65,21,14,12,18,9,11,11,21,19,4,12,9,6,17,10,5,13,17,2,5,4,11,6,4,18,3,14,1,2,3,2,4,0,3,4,243,5,5,17,3,0,0,3,9,2,1,2,0,3,1,1,5,2,1,0,5,9,7,0,0,5,12,0,0,5,1,12,2,2,2,0,5,0,1,53,2,1,0,3,2,0,3,4,0,5,1,1,3,4,1,15,12,1,0,1,3,0,1,2,0,2,10,1,0,0,0,0,53,1,0,0,0,0,7,4,0,0,0,1,0,0,2,2,0,10,1,1,0,0,0,0,2,0,0,0,0,0,2,0,0,0,0,0,2,0,0,0,1,0,0,0,0,1,0,0,0,0,0,0,0,0,0,0,0,0,0,0,0,0,4,0,0,2,1,0,0,0,0,0,0,13,0,0,0,0,0,1,0,0,0,0,0,1,0,3,0,0,0,0,0,1,0,0,0,0,0,0,0,0,0,0,0
7. ⼆,46,44,48,15,32,26,31,11,15,17,9,24,5,10,13,6,5,11,7,23,18,10,4,11,6,4,4,3,3,3,1,8,3,15,18,7,24,5,240,10,5,1,6,2,2,2,0,1,3,4,1,7,1,1,1,4,0,1,1,1,2,1,2,5,1,4,1,3,4,2,4,4,4,6,6,1,0,1,3,0,2,1,3,0,8,0,0,9,2,1,0,0,0,1,0,3,2,7,0,0,0,4,1,1,0,11,1,0,0,0,1,0,1,5,0,0,1,0,0,0,0,0,0,1,0,0,0,0,0,0,2,2,0,1,1,0,1,0,0,0,0,0,0,0,0,0,1,1,0,0,0,0,0,0,0,1,5,0,0,0,0,0,0,2,0,0,0,0,0,0,0,4,0,19,0,0,0,2,0,0,0,0,0,0,0,0,0,1,0,0,0,0,0,0,0,0,0,1,0,0,0,0,0,0,0,0,0,0,0,0,0,0,0,0
130. ⾁,15,28,20,1,13,18,10,3,6,14,4,13,3,1,2,0,0,8,6,6,4,7,7,2,3,0,7,6,1,0,1,12,0,4,1,1,7,5,10,236,2,0,0,1,0,2,0,5,0,4,4,0,0,0,1,0,3,3,1,0,4,1,1,0,0,0,1,4,1,1,1,0,2,2,2,1,3,1,0,0,2,0,1,0,1,4,0,2,4,0,2,2,0,0,1,0,1,4,3,0,2,0,1,1,0,0,2,1,0,2,2,3,2,1,2,0,1,1,0,1,0,0,0,0,0,3,3,1,0,1,1,0,1,1,0,0,0,0,1,0,2,1,1,0,1,1,1,0,0,0,0,0,0,0,0,0,0,0,0,1,0,1,0,0,1,1,0,1,0,2,0,0,0,1,0,1,0,0,0,0,0,0,1,0,0,0,0,0,0,0,0,1,0,0,0,0,0,0,0,0,0,0,0,0,0,0,0,0,0,0,0,0,0,0
25. ⼘,51,37,62,20,43,15,18,15,6,14,13,9,8,23,1,8,3,13,6,17,6,4,3,4,4,5,13,3,2,0,3,3,3,12,4,15,5,17,5,2,219,1,2,1,7,21,6,22,2,12,1,0,0,4,7,3,6,1,1,1,0,1,7,3,3,0,0,0,1,3,0,2,5,1,0,1,2,1,5,1,1,1,95,1,0,0,0,3,17,6,5,4,2,0,0,2,0,6,1,0,2,0,0,0,1,0,1,1,0,0,0,2,0,0,1,0,0,0,0,0,0,0,1,6,1,1,1,0,0,0,0,17,35,0,0,2,0,0,0,2,1,0,1,0,0,1,0,0,0,1,0,1,1,0,1,0,2,0,0,0,0,7,0,0,0,0,0,0,0,0,0,0,0,0,0,1,0,0,1,0,0,0,0,0,0,0,0,0,0,0,0,0,0,0,0,0,0,0,0,0,0,0,0,5,0,0,0,0,0,1,0,0,0,0
195. ⿂,9,17,8,8,9,17,4,3,4,4,4,6,81,0,2,0,0,4,1,1,3,82,82,1,0,0,4,1,2,1,0,3,0,1,3,0,2,3,1,0,1,216,0,0,4,3,1,3,0,2,1,0,0,1,1,0,2,1,0,0,2,1,1,2,2,0,0,0,2,2,1,0,1,0,1,2,0,3,0,0,3,2,0,1,0,0,1,1,0,1,1,1,0,0,4,2,0,1,3,0,2,0,0,1,0,0,0,1,0,0,0,1,2,1,2,1,1,0,1,0,0,1,0,0,0,0,1,0,0,0,1,0,0,0,0,0,0,0,0,0,0,0,0,0,0,0,0,0,0,0,0,0,0,0,0,1,0,0,0,0,0,0,1,0,0,0,1,0,0,0,0,0,0,0,0,0,0,0,0,0,1,0,0,0,0,0,0,0,0,0,0,0,0,0,0,0,0,1,0,0,0,0,0,0,0,0,0,0,0,0,0,0,0,0
145. ⾐,44,16,16,11,20,15,8,3,3,9,13,59,1,2,2,2,0,7,9,2,4,3,5,0,1,1,3,8,3,0,0,1,2,0,3,1,1,0,6,0,2,0,209,0,1,4,0,1,1,3,3,1,2,0,1,0,2,0,1,2,1,2,0,5,2,0,1,1,5,1,2,0,3,3,1,1,0,1,1,1,2,1,0,0,0,0,1,1,0,1,1,0,0,0,0,0,1,0,0,0,2,1,1,1,0,0,0,2,0,0,0,0,1,1,1,0,0,0,0,0,1,0,1,0,0,1,1,1,0,2,1,0,0,2,0,0,0,0,0,0,0,0,0,0,0,0,0,0,0,1,0,0,0,0,0,1,0,0,1,1,0,0,0,0,0,1,0,0,0,1,0,0,1,0,0,0,0,0,0,0,0,0,0,0,0,0,1,0,0,0,0,0,0,0,0,0,0,0,0,0,0,0,0,0,0,0,0,0,0,0,0,0,0,0
196. ⿃,15,18,12,5,4,4,10,1,2,7,3,4,83,4,0,1,0,6,2,8,5,1,3,1,1,0,4,1,1,0,5,4,0,3,0,2,3,0,2,1,1,0,0,197,0,2,0,3,0,4,0,5,0,0,1,1,2,2,4,1,0,0,1,0,0,0,0,0,0,0,0,0,0,0,1,1,3,0,0,0,1,0,1,0,2,2,2,0,0,1,2,1,1,2,0,1,2,2,0,1,0,2,1,1,0,0,1,0,0,0,0,0,0,0,0,0,0,1,0,0,0,0,0,0,0,0,0,0,1,1,0,0,0,0,1,1,0,0,0,0,1,1,1,0,0,0,0,0,0,0,0,0,0,0,0,1,0,0,0,0,0,0,1,0,0,0,0,1,0,0,1,0,2,0,0,0,0,0,0,0,0,0,0,0,0,0,0,0,0,0,0,0,0,1,0,0,0,0,0,0,0,0,0,0,0,0,0,0,0,0,0,0,0,0
115. ⽲,19,130,10,128,10,11,11,7,12,8,5,9,14,5,11,0,2,9,4,3,8,9,8,1,1,2,8,5,8,1,1,2,1,2,10,4,5,3,2,0,7,4,1,0,196,5,0,6,2,3,0,2,1,4,0,0,3,2,2,1,0,2,0,0,0,0,0,0,3,1,1,0,8,1,0,4,3,1,2,0,0,1,6,0,1,2,0,1,1,0,1,2,0,5,2,1,0,0,0,2,1,4,0,1,1,0,0,1,0,2,1,0,0,0,0,0,0,0,2,1,0,0,0,1,0,0,0,0,0,0,0,0,0,0,0,0,1,0,0,1,1,0,0,1,0,0,0,2,0,1,0,0,0,0,0,0,0,0,0,0,0,0,0,0,0,0,0,1,0,0,0,0,0,0,0,2,3,0,0,0,0,0,0,0,0,0,0,0,0,0,0,0,0,0,0,0,0,0,0,0,0,0,3,0,0,0,1,0,0,5,0,0,0,0
42. ⼩,50,86,19,13,26,28,33,18,5,5,5,21,11,30,5,6,6,10,5,13,13,3,10,8,2,5,11,35,4,3,1,18,0,12,2,18,1,9,2,2,21,3,4,2,5,188,3,2,4,5,0,0,0,1,0,2,5,1,2,1,0,3,14,0,2,0,1,2,0,6,5,4,0,1,1,0,0,0,5,0,0,0,10,1,1,0,1,1,0,1,2,0,0,0,0,1,0,0,0,0,3,0,1,0,1,0,0,3,0,0,0,0,0,0,0,0,0,0,0,2,2,0,0,0,1,0,0,0,0,0,0,0,0,0,0,0,0,1,0,0,0,0,0,0,0,1,0,0,0,0,0,0,2,0,1,0,1,0,0,0,0,0,0,0,0,0,0,3,0,0,0,0,0,2,0,0,1,0,0,0,0,0,0,0,0,0,0,0,0,0,1,0,0,0,0,1,0,0,0,0,0,0,0,0,0,0,0,0,0,0,0,0,0,0
112. ⽯,79,15,10,6,9,6,7,2,3,8,3,5,3,4,0,1,1,2,2,7,4,3,4,0,0,2,6,3,1,1,2,4,0,4,1,3,2,2,0,0,6,1,0,0,0,3,188,4,0,2,2,2,0,0,1,1,2,3,3,0,2,2,0,0,0,0,1,0,1,0,2,0,0,1,1,0,2,0,1,0,0,0,1,0,1,2,0,0,0,0,2,1,0,0,2,0,1,1,1,0,0,0,0,0,0,0,0,0,1,2,0,2,0,1,0,1,2,3,1,2,0,0,1,1,0,0,0,0,1,0,0,0,3,0,0,0,0,0,0,1,0,1,1,0,0,0,0,0,0,1,0,0,0,0,0,0,0,0,2,0,0,0,0,0,0,0,0,0,1,0,1,1,0,0,0,0,0,0,0,0,1,0,0,0,0,0,0,0,0,0,0,0,1,0,0,0,0,0,0,0,0,0,0,0,0,0,0,0,0,0,0,0,0,0
21. ⼔,29,31,34,15,11,40,28,7,15,11,16,0,16,20,3,6,4,5,3,14,8,20,6,3,9,2,22,2,2,2,3,5,3,11,1,9,8,1,1,5,22,3,1,3,6,2,4,182,0,0,0,0,0,3,4,0,0,22,1,1,1,3,1,4,1,0,3,0,1,0,10,3,2,7,1,0,1,0,7,0,0,0,15,0,0,0,0,1,3,0,6,0,0,0,0,1,0,0,0,0,2,1,0,1,1,0,0,0,0,1,0,0,0,0,1,1,0,0,54,1,5,10,0,7,1,0,0,0,0,0,0,1,7,0,1,2,0,1,0,0,1,0,0,19,1,1,0,0,0,0,2,0,0,0,0,0,0,1,0,0,0,0,0,0,0,0,0,1,0,0,0,0,0,0,1,0,0,0,0,0,1,0,0,2,0,0,0,0,0,0,0,0,0,0,0,0,0,0,0,0,0,0,0,0,0,0,0,0,0,0,0,0,0,2
162. ⾡,23,21,4,4,12,9,15,2,1,11,7,8,2,6,0,1,0,3,5,4,4,3,3,2,1,0,6,10,1,2,2,5,0,2,3,2,1,2,3,0,2,0,1,0,2,4,0,0,175,0,1,2,1,0,1,0,0,1,2,2,1,1,2,2,0,0,0,1,1,1,3,0,1,3,2,2,0,5,0,0,0,3,0,0,0,1,0,0,2,0,1,3,0,1,2,1,2,1,4,2,0,3,0,0,0,0,2,0,2,0,5,1,2,2,2,0,1,0,0,0,0,0,0,0,0,1,0,1,0,2,0,0,0,0,2,1,0,0,2,2,0,0,0,0,0,0,0,0,3,1,0,0,0,0,0,0,0,0,0,0,1,0,0,0,0,0,0,0,0,0,1,0,0,0,0,0,0,0,0,0,0,0,0,0,0,0,0,0,0,0,0,0,0,0,0,0,0,1,0,0,0,0,0,0,0,0,0,0,1,0,0,0,0,0
56. ⼷,41,147,25,9,71,12,14,5,9,17,14,4,9,14,7,4,7,173,4,1,0,8,4,8,7,2,42,0,5,2,4,0,6,0,0,12,0,0,4,4,12,2,3,4,3,5,2,0,0,174,6,22,0,0,0,3,146,0,2,3,0,1,0,3,0,0,0,0,0,2,1,0,5,0,3,0,0,0,0,2,2,0,8,3,1,5,0,0,0,0,4,0,1,0,11,0,0,0,0,0,1,2,2,0,1,0,0,1,0,0,0,0,2,0,0,1,2,6,0,1,4,0,0,0,0,0,6,0,0,0,10,0,0,4,0,0,0,0,0,0,0,0,0,0,0,0,6,0,2,0,0,0,1,0,1,0,2,0,0,0,0,0,0,0,0,0,0,0,0,0,0,0,0,0,0,0,0,10,0,0,0,0,0,0,0,0,0,0,1,0,0,0,0,0,0,0,0,0,0,0,0,0,0,1,0,0,0,0,1,0,0,0,0,0
117. ⽴,52,21,10,18,4,46,9,6,13,45,4,154,4,7,7,4,2,8,1,13,1,4,1,3,6,1,8,3,5,3,3,13,3,5,6,4,6,3,1,4,1,1,3,0,0,0,2,0,1,6,174,3,0,2,1,1,6,0,0,0,0,7,0,0,0,3,0,0,0,2,1,4,0,19,0,1,2,0,2,2,0,0,0,0,0,0,0,2,0,0,1,0,2,1,0,0,0,0,8,0,6,0,2,0,0,0,0,12,3,1,1,0,0,0,0,1,0,0,0,0,1,0,2,1,0,1,1,35,0,0,0,0,0,0,0,0,1,1,0,1,0,0,0,0,0,0,26,0,0,0,0,1,1,1,0,0,2,0,0,1,0,0,0,0,2,16,1,0,0,0,0,0,0,0,0,0,0,0,0,0,0,0,0,0,0,0,0,1,0,0,0,0,0,0,0,0,0,0,0,0,0,0,0,0,0,0,0,0,0,0,0,0,0,0
6. ⼅,64,63,10,13,70,3,9,13,10,2,2,18,10,5,8,12,2,22,4,17,16,6,3,3,7,3,2,4,2,1,6,3,2,14,1,5,0,1,7,0,0,0,1,5,2,0,2,0,2,22,3,171,3,2,1,2,22,2,1,1,0,0,3,7,0,1,1,2,0,0,0,3,0,0,0,1,0,1,3,1,6,1,0,1,0,0,3,1,1,0,0,0,1,8,11,1,0,0,0,1,0,2,0,0,2,2,1,2,0,0,1,0,1,0,0,2,0,0,0,0,0,0,0,0,0,0,0,0,0,0,0,0,0,0,1,0,0,0,0,0,0,0,0,0,0,0,0,0,0,1,1,0,0,1,0,0,0,0,0,0,0,0,0,0,0,0,3,0,0,0,0,0,17,0,0,0,0,0,0,0,0,0,0,0,0,0,0,0,0,0,0,0,0,10,0,0,0,0,0,0,0,0,0,0,0,0,0,0,0,0,0,0,0,0
94. ⽝,20,20,11,3,10,15,11,1,6,2,4,3,9,4,2,3,0,38,7,2,42,2,6,0,3,3,6,4,0,2,2,13,0,2,1,2,4,1,1,0,0,0,2,0,1,0,0,0,1,0,0,3,168,0,0,1,0,0,1,0,2,1,1,2,1,0,0,0,0,1,1,0,0,0,0,1,1,3,1,1,2,3,0,0,0,0,1,0,1,0,0,1,0,0,0,0,0,1,0,1,1,0,0,1,0,1,0,4,0,0,0,1,1,0,1,0,0,0,0,0,0,2,0,1,1,2,0,0,1,0,0,0,0,2,0,0,0,0,1,0,0,0,0,0,0,1,0,2,1,0,0,1,3,0,0,0,0,0,0,1,0,0,1,0,1,0,1,1,0,0,0,0,0,0,0,0,0,0,0,1,0,0,0,0,0,0,0,1,0,0,0,1,0,0,0,0,0,0,0,0,0,1,0,0,0,0,0,0,0,0,0,1,0,0
104. ⽧,13,16,10,7,11,6,5,0,1,7,1,4,3,3,2,0,0,1,5,1,6,4,5,1,0,1,1,2,3,1,2,5,0,0,4,3,0,5,1,0,4,1,0,0,4,1,0,3,0,0,2,2,0,164,0,0,0,0,2,0,1,0,0,0,0,1,0,2,1,0,0,1,2,2,0,1,5,0,2,1,1,0,3,1,0,1,2,1,0,0,0,0,0,0,3,0,0,0,0,0,1,0,0,1,0,0,0,0,0,4,0,2,1,1,1,1,1,1,0,1,0,0,0,4,0,1,0,1,0,2,0,0,1,0,0,0,0,0,0,1,0,0,0,0,0,0,0,0,0,0,0,1,0,0,0,0,0,0,1,0,0,0,0,0,0,0,0,1,1,0,0,1,0,0,0,0,0,0,0,0,0,0,0,0,0,0,0,0,0,0,0,0,0,0,0,0,0,0,0,0,0,0,0,0,0,0,0,0,0,0,0,0,0,0
119. ⽶,11,51,6,6,6,9,8,7,9,12,3,4,6,1,5,2,1,3,7,5,10,7,21,5,1,2,9,14,4,0,1,3,0,5,4,1,1,2,1,1,7,1,1,1,0,0,1,4,1,0,1,1,0,0,162,0,0,6,2,0,0,1,2,1,1,1,0,0,0,1,2,1,1,3,4,1,0,1,1,0,0,0,3,0,1,0,2,1,4,0,8,1,0,0,0,0,1,1,2,0,0,0,3,0,1,1,1,2,1,0,1,0,0,0,1,0,0,0,3,1,0,0,0,0,0,1,0,0,0,1,0,3,0,0,0,0,0,1,0,2,0,0,31,2,3,0,0,0,0,0,0,0,0,0,0,0,0,0,0,2,0,0,0,0,0,0,1,0,0,0,0,0,1,0,0,0,1,0,1,0,6,0,0,0,2,0,0,0,0,0,2,1,1,0,0,0,0,1,0,0,0,0,0,0,0,0,0,0,0,0,0,0,1,0
157. ⾜,71,17,9,4,8,4,9,1,3,7,3,5,2,2,0,1,0,6,2,3,7,3,3,0,0,1,5,2,0,0,0,2,0,2,1,2,0,1,4,0,3,0,0,1,0,2,1,0,0,3,1,2,1,0,0,160,3,2,3,0,2,0,0,1,1,1,0,2,1,1,0,0,0,3,1,4,1,2,0,2,0,2,2,0,1,3,0,1,2,1,0,0,1,2,1,1,0,1,0,0,0,0,1,1,0,1,0,2,1,0,0,0,0,0,1,0,0,1,0,0,0,1,0,1,0,2,0,1,0,2,0,1,0,0,0,0,0,0,1,0,0,0,0,0,0,0,0,0,0,0,0,0,0,0,1,0,0,0,1,0,0,0,0,0,0,0,0,1,0,0,0,0,1,1,0,0,0,0,0,0,0,0,1,0,0,0,0,0,0,0,0,0,0,0,0,0,0,0,0,0,0,0,0,0,0,0,0,0,0,0,0,0,0,0
62. ⼽,40,146,18,7,62,11,8,5,9,17,13,1,6,8,7,3,6,146,4,1,0,8,4,8,6,2,42,0,5,1,3,0,6,0,0,6,0,0,0,3,6,2,2,2,3,5,2,0,0,146,6,22,0,0,0,3,155,0,2,2,0,1,0,3,0,0,0,0,0,2,1,0,5,0,3,0,0,0,0,2,2,0,2,3,1,0,0,0,0,0,4,0,1,0,11,0,0,0,0,0,1,2,2,0,1,0,0,0,0,0,0,0,2,0,0,1,2,6,0,1,4,0,0,0,0,0,6,0,0,0,10,0,0,4,0,0,0,0,0,0,0,0,0,0,0,0,6,0,2,0,0,0,0,0,1,0,0,0,0,0,0,0,0,0,0,0,0,0,0,0,0,0,0,0,0,0,0,10,0,0,0,0,0,0,0,0,0,0,1,0,0,0,0,0,0,0,0,0,0,0,0,0,0,1,0,0,0,0,1,0,0,0,0,0
53. ⼴,18,16,15,17,14,9,21,9,4,15,11,2,10,4,8,3,4,1,3,0,2,4,3,3,0,0,119,1,0,2,0,1,1,0,2,2,7,5,1,3,1,1,0,2,2,1,3,22,1,0,0,2,0,0,6,2,0,150,5,2,7,2,1,2,0,3,1,0,2,2,2,0,2,0,0,2,2,0,0,0,1,0,0,0,0,0,1,0,0,0,1,0,2,0,1,0,0,0,0,1,1,1,1,1,0,0,0,3,1,2,0,1,1,1,3,0,1,1,20,2,0,0,0,0,0,1,0,0,0,0,1,0,0,0,0,1,0,1,0,0,0,1,0,19,0,0,0,1,1,0,0,0,0,0,0,0,0,2,0,0,0,1,0,0,0,0,0,0,0,0,0,2,0,0,0,0,0,0,0,0,1,0,0,1,0,0,0,0,0,0,0,0,11,0,0,0,0,4,0,0,0,0,0,0,0,0,0,0,0,0,0,0,0,0
172. ⾫,36,14,132,13,3,2,5,9,28,6,2,8,12,12,7,8,5,3,2,3,8,1,1,5,5,2,7,4,0,0,5,1,1,3,0,3,1,9,1,1,1,0,1,4,2,2,3,1,2,2,0,1,1,2,2,3,2,5,146,0,1,3,0,5,0,2,2,2,1,1,0,0,0,0,0,0,0,0,2,3,0,0,1,0,1,0,0,2,4,1,0,0,0,0,0,2,1,0,0,0,0,0,10,1,0,2,0,0,0,0,0,2,1,0,0,0,0,0,0,0,0,0,3,2,0,0,0,0,0,1,0,0,0,0,1,0,1,0,1,2,0,0,0,0,0,0,0,0,0,0,0,0,0,0,0,1,0,2,0,0,0,0,0,0,0,0,0,0,0,0,0,0,0,0,0,0,0,0,0,0,0,0,0,0,0,0,0,0,0,0,0,0,0,1,0,0,0,0,0,0,0,0,0,0,0,0,0,0,0,0,0,0,0,0
159. ⾞,12,14,4,3,10,6,3,3,2,6,5,3,1,0,3,2,2,4,1,16,4,1,3,4,1,0,5,4,0,1,2,2,1,1,1,0,3,7,1,0,1,0,2,1,1,1,0,1,2,3,0,1,0,0,0,0,2,2,0,145,2,0,1,0,0,0,0,0,1,0,1,1,0,1,2,2,4,0,0,0,1,0,1,0,0,2,0,2,0,0,0,1,3,0,0,1,2,2,0,0,1,0,0,1,0,1,0,0,9,4,0,2,1,0,1,0,0,1,1,0,0,0,0,0,0,0,0,0,0,1,1,0,0,0,0,0,0,0,0,0,1,0,0,1,0,0,0,0,0,0,0,0,0,0,0,0,0,0,2,1,0,0,1,0,0,0,0,0,0,0,0,0,0,0,0,0,0,0,0,0,0,0,0,0,0,0,0,0,0,0,0,0,0,0,0,0,0,0,0,0,0,0,0,0,0,0,0,0,0,0,0,0,0,0
41. ⼨,31,13,21,11,28,6,11,8,10,13,21,1,3,2,5,5,3,14,1,4,4,2,5,3,4,0,14,0,0,2,1,8,4,2,0,1,0,0,2,4,0,2,1,0,0,0,2,1,1,0,0,0,2,1,0,2,0,7,1,2,140,0,0,4,6,0,0,0,12,1,0,2,2,4,0,0,0,10,0,1,0,10,0,0,0,13,0,0,0,2,0,0,0,7,0,0,0,0,0,0,0,1,0,0,0,0,0,0,0,0,0,0,0,0,12,0,5,0,1,0,0,0,0,0,0,3,0,0,0,0,0,0,0,11,0,0,1,0,0,0,0,0,0,1,0,0,0,0,1,0,0,0,0,0,0,0,1,3,0,1,0,0,0,1,0,0,0,0,0,6,1,0,0,0,0,0,0,0,0,0,0,0,0,0,0,0,0,0,0,0,0,0,0,0,0,0,0,0,1,0,0,0,0,0,0,0,0,0,1,0,0,0,0,0
10. ⼉,17,87,7,11,8,17,77,5,10,15,12,11,2,37,2,3,3,7,4,8,3,3,3,3,2,2,3,2,1,2,3,1,2,3,0,1,16,0,1,1,1,1,2,0,2,3,2,3,1,1,7,0,1,0,1,0,1,2,3,0,0,137,0,6,1,0,1,1,1,0,6,0,0,0,0,17,0,1,0,0,0,1,0,0,11,1,0,1,2,0,0,1,0,1,0,6,2,0,0,0,0,0,0,11,0,0,2,0,0,0,0,0,0,0,0,0,1,1,1,11,0,1,36,0,0,5,5,0,0,1,0,0,0,0,0,0,0,0,0,0,0,0,0,1,0,0,4,2,0,0,3,0,0,0,0,0,0,0,1,0,0,0,0,0,0,0,0,0,0,0,2,0,0,0,0,0,1,0,0,0,0,0,0,14,0,0,0,0,0,0,0,0,0,0,0,0,0,0,1,1,0,1,0,0,0,0,0,0,0,0,0,0,0,0
66. ⽁,31,113,27,11,6,9,7,5,9,4,14,29,6,4,3,2,1,3,17,3,1,5,2,6,2,2,8,14,6,3,8,7,3,2,0,2,5,5,2,1,7,1,0,1,0,14,0,1,2,0,0,3,1,0,2,0,0,1,0,1,0,0,137,0,0,0,1,2,0,2,6,0,0,0,1,0,0,1,0,0,0,0,2,0,0,1,0,2,0,7,1,0,8,0,0,0,0,0,18,6,2,1,0,0,0,0,1,2,0,0,0,0,0,1,1,0,0,0,0,0,1,1,0,0,0,0,0,0,0,0,0,0,0,0,0,0,0,0,0,0,2,1,0,0,0,0,0,0,0,0,0,0,1,0,0,0,0,0,0,0,0,0,2,0,0,0,0,0,0,0,0,0,3,0,0,1,0,0,0,0,0,0,0,0,0,0,0,0,0,0,0,0,0,0,2,2,0,0,0,0,0,0,0,0,0,0,0,0,0,0,0,0,0,0
122. ⽹,27,19,7,5,12,17,13,5,12,23,17,9,8,18,18,3,5,4,11,14,3,12,3,11,6,10,5,5,0,3,0,5,0,9,1,11,6,12,5,0,3,2,5,0,0,0,0,4,2,3,0,7,2,0,1,1,3,2,5,0,4,6,0,135,0,0,3,0,10,2,0,0,1,3,0,0,0,0,0,0,6,0,1,1,4,0,0,0,0,1,3,10,5,2,0,0,0,0,1,0,2,1,0,0,3,0,1,1,0,0,0,0,0,0,0,0,0,0,0,0,1,3,5,0,2,3,5,0,1,0,1,0,0,0,0,1,1,0,0,0,0,1,1,0,0,2,0,1,0,0,0,0,1,0,0,0,0,0,0,0,0,0,0,0,0,0,0,0,0,0,1,0,0,0,1,0,0,0,0,0,0,0,0,0,0,1,0,0,1,0,0,0,0,0,0,0,0,0,0,0,0,0,0,0,0,0,0,0,0,0,0,0,0,0
113. ⽰,16,12,1,7,8,6,5,6,3,3,1,4,4,3,3,2,0,1,7,9,4,2,4,2,0,2,0,2,1,0,2,6,0,9,2,2,1,0,1,0,3,2,2,0,0,2,0,1,0,0,0,0,1,0,1,1,0,0,0,0,6,1,0,0,131,1,1,0,4,0,0,1,2,4,1,1,2,12,1,0,0,0,2,0,0,1,0,0,1,1,0,1,0,0,1,1,1,1,0,0,0,0,0,0,0,1,0,0,1,0,0,0,0,1,0,0,1,0,0,1,0,0,1,0,0,0,0,0,0,0,0,0,0,0,0,0,0,0,0,0,0,2,0,0,0,0,0,0,0,0,0,2,0,0,0,0,1,0,0,0,0,0,0,0,0,0,0,0,0,0,1,0,0,1,0,0,0,0,0,0,0,0,0,0,0,0,0,1,0,0,0,0,0,0,0,0,0,2,0,0,0,0,0,0,0,0,0,0,0,0,0,0,0,0
163. ⾢,21,8,2,4,7,3,3,1,2,2,2,8,0,0,1,2,0,0,2,0,3,1,0,0,0,1,3,1,1,2,0,1,0,0,1,0,0,0,4,0,0,0,0,0,0,0,0,0,0,0,3,1,0,1,1,1,0,3,2,0,0,0,0,0,1,130,0,0,1,0,0,0,1,1,0,0,0,3,0,0,0,3,0,1,0,0,0,0,2,0,1,0,4,1,0,0,0,0,0,4,0,0,0,0,0,0,0,0,1,0,0,2,0,0,0,0,0,0,0,1,0,1,0,0,0,9,0,0,0,0,0,0,0,0,0,0,0,0,2,0,0,1,0,0,0,0,1,0,0,1,0,0,0,0,0,0,0,0,0,0,0,0,2,0,0,0,0,0,0,0,0,0,0,0,0,0,0,0,0,0,1,1,0,0,0,0,0,0,0,0,0,0,0,1,0,0,0,0,0,0,0,0,0,0,0,0,0,0,0,0,0,0,0,0
187. ⾺,16,10,8,0,10,4,6,0,3,7,2,4,65,0,1,0,0,4,4,3,4,2,3,1,0,2,1,2,2,2,0,0,1,2,0,0,3,5,1,1,0,0,1,0,0,1,1,3,0,0,0,1,0,0,0,0,0,1,2,0,0,1,1,3,1,0,130,1,0,0,0,1,1,1,1,2,0,2,0,1,1,0,0,0,2,0,0,0,0,0,0,3,1,0,0,0,1,0,0,0,1,0,0,0,2,0,0,0,1,0,0,2,1,0,0,0,0,0,1,1,0,0,0,0,0,0,0,0,0,0,0,0,0,0,0,0,0,0,0,0,0,0,0,1,0,0,0,0,0,0,0,0,0,0,0,0,1,0,0,0,0,0,1,0,0,0,0,0,0,0,1,0,0,0,0,0,0,0,0,0,0,0,0,0,0,0,0,0,0,0,0,0,0,0,0,0,0,0,0,0,0,0,0,0,0,0,0,0,0,0,0,0,0,0
19. ⼒,21,14,9,7,10,4,6,2,7,11,3,4,7,2,3,3,2,1,0,7,1,2,12,0,0,0,2,1,4,1,0,6,2,1,1,2,1,1,3,4,0,0,1,0,0,2,0,0,1,0,0,2,0,2,0,2,0,0,2,0,0,1,2,0,0,0,1,129,1,0,0,0,0,0,0,0,0,0,0,0,0,0,0,1,1,2,0,1,0,0,0,0,0,0,0,0,2,0,0,2,1,0,1,1,1,0,1,6,0,0,0,2,1,0,0,0,0,4,0,1,0,0,0,0,0,0,0,0,0,0,0,0,0,0,0,0,0,0,0,1,0,0,0,0,0,0,0,0,0,0,0,0,1,0,0,0,0,0,0,0,0,0,1,1,1,0,0,0,0,0,0,0,2,0,0,0,0,0,0,0,0,0,0,0,0,0,0,0,0,0,0,0,0,0,0,0,0,0,0,0,0,0,0,0,0,0,0,0,0,0,0,0,0,0
33. ⼠,69,38,16,8,11,1,18,7,4,4,10,2,5,15,7,5,1,1,2,22,1,2,3,5,6,2,2,12,4,4,0,1,2,1,0,14,4,12,4,1,1,2,5,0,3,0,1,1,1,0,0,0,0,1,0,1,0,2,1,1,12,1,0,10,4,1,0,1,128,0,0,0,0,1,1,1,10,1,3,0,0,1,0,1,0,10,0,2,1,0,1,0,2,3,0,1,0,0,0,0,6,1,0,0,0,2,1,2,0,9,0,0,0,0,1,1,14,0,0,0,1,0,1,0,1,0,0,0,0,0,0,0,1,8,0,0,0,0,0,0,3,0,0,0,0,1,0,0,0,0,0,0,2,0,0,0,0,0,1,0,0,6,0,0,0,0,0,0,0,0,0,0,0,0,0,0,0,0,0,0,0,0,3,0,0,0,0,0,1,0,0,0,0,0,0,0,4,1,0,0,0,0,1,0,0,0,0,0,0,0,0,0,0,0
50. ⼱,15,28,3,4,3,15,3,4,7,7,2,20,2,2,1,3,1,3,4,22,4,2,4,3,1,1,4,5,4,2,0,0,3,0,5,1,1,2,2,1,3,2,1,0,1,6,0,0,1,2,2,0,1,0,1,1,2,2,1,0,1,0,2,2,0,0,0,0,0,127,5,0,1,2,2,0,4,0,0,1,0,0,1,1,2,0,0,1,0,1,0,0,0,0,0,0,0,0,1,0,0,3,0,0,0,1,0,1,0,0,0,1,0,0,0,0,0,0,0,0,0,0,0,0,0,0,0,0,0,0,0,0,0,0,0,0,0,0,0,0,1,1,1,0,0,1,1,0,0,0,0,0,0,0,0,1,0,0,0,0,1,0,0,0,0,0,0,0,0,0,0,0,0,0,0,0,0,0,0,0,0,0,0,0,0,0,0,0,0,0,0,0,0,0,0,0,0,0,1,0,0,0,0,0,0,0,0,0,0,0,0,0,0,0
106. ⽩,6,22,9,21,3,105,11,10,5,3,0,8,3,1,4,4,4,3,1,7,1,2,3,4,1,1,7,0,0,14,2,0,2,6,0,1,1,2,4,1,0,1,2,0,1,5,2,10,3,1,1,0,1,0,2,0,1,2,0,1,0,6,6,0,0,0,0,0,0,5,127,3,0,0,0,0,2,1,1,0,0,0,0,0,0,0,1,0,0,2,0,0,0,0,0,3,0,0,6,0,1,1,5,0,0,0,1,0,1,1,0,0,0,0,0,1,1,8,6,0,0,0,0,0,0,0,0,0,0,0,0,0,0,0,0,0,1,0,0,0,0,0,0,0,0,0,0,1,0,0,3,0,0,0,0,0,0,0,0,0,0,0,1,0,0,0,0,0,0,0,0,0,0,0,0,0,0,0,0,0,0,0,0,2,0,0,0,0,0,0,0,0,0,0,0,0,0,0,0,0,0,0,0,0,0,0,0,0,0,0,0,0,0,0
170. ⾩,8,15,8,2,14,10,10,0,2,6,9,5,2,1,2,0,0,0,1,3,2,4,3,0,0,0,3,3,1,1,1,10,0,3,0,1,3,2,4,0,2,0,0,0,0,4,0,3,0,0,4,3,0,1,1,0,0,0,0,1,2,0,0,0,1,0,1,0,0,0,3,126,0,0,1,5,0,0,0,0,1,0,2,0,0,5,0,0,0,0,1,0,1,2,0,0,0,1,1,0,0,0,0,1,0,0,1,0,0,0,3,0,0,0,0,0,0,1,2,0,0,0,0,0,0,1,0,0,0,1,0,0,0,0,1,0,0,0,0,1,0,0,0,0,0,0,0,1,0,0,0,0,0,0,0,0,0,0,1,0,0,0,0,0,4,1,0,0,0,0,0,0,0,0,0,0,0,0,0,0,1,0,0,0,0,0,0,0,0,0,0,1,0,0,0,0,0,0,0,0,0,0,0,0,0,0,0,0,0,0,0,0,0,0
31. ⼞,48,21,26,16,15,8,6,6,7,10,12,18,3,2,4,3,1,9,1,0,7,2,1,1,0,1,3,0,3,3,0,1,2,0,0,2,0,0,4,2,5,1,3,0,8,0,0,2,1,5,0,0,0,2,1,0,5,2,0,0,2,0,0,1,2,1,1,0,0,1,0,0,124,0,1,0,0,0,1,0,11,0,0,1,2,7,0,0,0,1,0,1,0,0,1,3,0,1,1,0,0,0,0,0,0,0,0,0,0,0,1,0,0,1,1,1,0,0,1,0,0,0,0,0,0,0,1,0,0,0,0,0,0,1,0,0,0,1,0,0,0,0,0,1,0,0,0,0,0,0,0,0,0,0,0,0,0,0,0,0,1,1,0,0,0,0,0,0,0,0,0,0,0,0,0,0,0,0,0,0,0,0,0,0,1,0,0,0,0,0,0,0,0,0,0,0,0,0,0,0,0,0,0,5,0,0,0,0,0,0,0,0,0,0
44. ⼫,42,30,8,5,2,6,19,7,3,31,9,19,2,3,2,5,2,2,4,2,0,5,1,0,2,5,0,2,2,1,6,1,1,2,2,1,5,5,6,2,1,0,3,0,1,1,1,7,3,0,19,0,0,2,3,3,0,0,0,1,4,0,0,3,4,1,1,0,1,2,0,0,0,122,3,1,4,0,0,1,0,0,1,0,0,0,0,2,8,2,1,2,0,0,3,2,1,0,0,2,0,3,0,0,0,0,2,0,0,4,0,0,0,0,0,0,0,0,1,0,1,1,0,0,0,0,0,19,0,0,0,1,0,0,0,0,1,2,0,2,5,0,1,0,0,0,0,0,0,0,0,0,0,0,0,0,0,0,0,0,0,0,0,0,0,0,0,0,0,0,0,0,0,0,0,0,0,0,0,0,0,0,1,0,0,0,0,0,0,0,0,0,0,0,0,0,0,0,0,0,0,0,0,0,0,0,0,0,0,0,0,0,0,0
55. ⼶,21,114,15,10,17,32,13,5,5,113,3,2,4,12,2,1,2,4,8,3,6,2,7,4,3,3,4,29,1,3,3,1,6,1,2,5,6,0,6,2,0,1,1,1,0,1,1,1,2,3,0,0,0,0,4,1,3,0,0,2,0,0,1,0,1,0,1,0,1,2,0,1,1,3,121,0,0,2,0,0,0,2,0,0,0,0,0,0,0,0,1,1,1,0,0,0,0,0,0,0,1,0,1,1,0,0,1,0,0,0,0,4,0,0,0,1,7,1,0,0,1,0,0,0,1,0,0,0,1,0,0,0,0,1,0,0,0,0,0,0,0,0,1,0,0,1,0,0,4,0,0,0,0,0,0,0,0,1,0,0,0,0,0,3,0,0,0,0,0,4,0,0,0,0,2,0,0,0,0,0,0,1,0,0,0,0,0,0,0,4,2,0,0,0,0,0,0,0,0,0,0,0,0,0,3,0,0,1,0,0,0,0,2,0
34. ⼡,37,28,11,14,15,15,13,4,8,1,8,2,7,10,11,4,2,0,11,11,2,6,7,5,1,3,3,0,0,2,5,1,1,4,0,2,12,1,1,1,1,2,1,1,4,0,0,0,2,0,1,1,1,1,1,4,0,2,0,2,0,17,0,0,1,0,2,0,1,0,0,5,0,1,0,120,3,3,1,2,0,2,1,0,0,0,0,2,1,4,0,0,0,4,0,4,0,0,0,0,0,0,0,0,0,0,1,0,0,0,0,0,1,1,0,0,1,1,0,0,0,0,0,0,0,0,0,0,1,0,0,0,0,0,0,0,0,0,0,0,0,0,0,0,0,0,0,0,5,0,1,0,0,0,0,0,0,0,1,0,0,0,0,0,3,0,0,0,0,0,0,0,0,0,0,0,0,0,8,0,0,0,1,0,0,0,0,0,0,0,0,0,0,0,0,0,1,0,0,0,4,1,1,0,0,0,0,0,0,0,0,0,0,0
16. ⼏,25,108,4,12,5,3,8,4,2,2,3,13,3,4,3,6,2,14,13,6,3,0,0,3,3,13,2,0,1,2,2,4,2,0,0,3,1,53,0,3,2,0,0,3,3,0,2,1,0,0,2,0,1,5,0,1,0,2,0,4,0,0,0,0,2,0,0,0,10,4,2,0,0,4,0,3,115,4,2,0,1,2,1,1,7,6,4,0,0,1,1,0,1,0,1,0,0,0,0,0,0,0,1,3,1,0,0,0,0,53,1,0,1,0,0,7,1,0,0,0,1,0,0,2,0,0,0,0,1,0,0,0,0,0,0,0,0,0,0,0,0,0,0,0,0,0,0,0,0,0,0,12,0,0,0,0,0,0,0,0,0,0,0,0,0,0,0,0,0,0,0,4,0,0,0,0,0,0,0,0,0,0,0,0,0,0,0,0,0,0,0,0,0,0,0,0,0,0,0,0,0,0,1,0,0,0,0,0,0,0,0,0,0,0
146. ⾑,16,17,6,10,60,13,26,5,3,16,6,6,8,2,2,1,1,4,2,2,9,4,4,1,1,2,0,0,3,1,0,4,2,0,2,2,4,2,1,1,1,3,1,0,1,0,0,0,5,0,0,1,3,0,1,2,0,0,0,0,10,1,1,0,12,3,2,0,1,0,1,0,0,0,2,3,4,110,0,0,2,60,0,0,1,0,0,0,0,1,1,0,0,1,0,0,1,1,1,2,1,1,1,1,3,0,0,1,0,2,1,2,1,4,0,0,1,1,0,1,0,1,0,1,0,0,0,0,0,0,0,0,1,2,0,0,1,0,0,0,0,0,0,0,0,0,0,1,0,0,0,2,0,0,0,0,0,0,0,0,0,1,0,0,1,0,0,0,0,0,0,1,0,0,0,0,0,0,0,0,0,0,0,0,0,0,0,1,0,0,0,0,0,0,0,0,0,0,0,0,0,0,0,0,0,0,0,0,0,0,0,0,0,0
181. ⾴,20,13,9,11,7,6,69,3,4,4,1,4,2,69,2,0,0,0,0,1,3,0,3,2,0,0,3,0,1,0,2,0,1,1,7,69,2,1,3,0,5,0,1,0,2,5,1,7,0,0,2,3,1,2,1,0,0,0,2,0,0,0,0,0,1,0,0,0,3,0,1,0,1,0,0,1,2,0,109,0,1,0,4,0,1,2,0,0,2,0,0,0,1,0,0,0,0,1,0,0,4,0,0,0,0,0,0,0,0,0,0,2,1,0,0,0,1,1,0,0,0,0,0,0,1,0,0,0,0,0,0,0,1,0,0,0,0,0,2,0,0,0,0,0,0,1,0,0,0,0,0,0,0,0,0,0,1,0,1,0,0,0,1,0,0,0,0,0,0,0,0,0,0,0,0,0,0,0,0,0,0,0,0,0,0,0,0,0,0,0,0,0,0,0,0,0,0,0,0,0,0,0,0,0,0,0,0,0,0,0,0,0,0,0
169. ⾨,21,7,7,10,5,15,2,6,3,2,5,6,3,1,2,3,0,5,3,0,3,1,0,1,0,0,0,0,2,3,1,4,1,0,0,0,1,0,0,0,1,0,1,0,0,0,0,0,0,2,2,1,1,1,0,2,2,0,3,0,1,0,0,0,0,0,1,0,0,1,0,0,0,1,0,2,0,0,0,106,1,0,0,0,0,0,0,0,1,0,0,1,1,0,1,1,0,0,1,0,0,0,0,1,0,1,0,0,0,0,0,0,0,0,0,0,1,1,0,0,0,1,0,0,0,0,0,1,0,0,0,0,0,0,0,0,0,0,1,0,0,0,0,0,0,0,1,0,0,0,0,0,0,2,0,0,2,0,0,0,0,0,0,0,0,0,0,0,0,0,0,0,0,0,0,0,0,0,0,0,0,0,0,0,0,0,0,0,0,0,0,0,0,0,0,0,0,0,0,0,0,0,0,0,0,0,0,0,0,0,0,0,0,0
108. ⽫,8,10,14,5,26,5,11,12,7,1,7,1,11,3,8,0,3,3,7,5,1,6,15,3,3,1,1,0,1,0,0,1,1,5,2,2,5,3,2,2,1,3,2,1,0,0,0,0,0,2,0,6,2,1,0,0,2,1,0,1,0,0,0,6,0,0,1,0,0,0,0,1,11,0,0,0,1,2,1,1,104,2,0,1,0,0,0,0,0,0,0,1,1,0,1,0,0,0,0,2,0,0,0,1,0,2,0,0,0,1,0,1,13,0,0,3,0,0,0,0,0,0,0,0,0,0,11,0,0,0,0,0,0,0,0,0,0,0,0,0,0,0,0,0,5,0,0,0,0,0,0,0,0,0,0,0,0,0,0,0,0,0,0,0,0,0,0,0,0,0,0,0,0,0,0,0,0,0,0,0,0,0,0,0,0,7,0,0,0,0,0,0,0,0,0,0,0,0,0,0,0,0,0,1,0,0,0,0,0,0,0,0,0,0
164. ⾣,12,13,2,4,60,4,24,1,1,7,2,5,3,0,0,1,0,3,0,2,6,3,3,0,0,0,0,0,0,1,0,3,0,0,1,0,3,2,1,0,1,2,1,0,1,0,0,0,3,0,0,1,3,0,0,2,0,0,0,0,10,1,0,0,0,3,0,0,1,0,0,0,0,0,2,2,2,60,0,0,2,104,0,0,1,0,0,0,0,0,1,0,0,1,0,0,1,0,0,2,1,1,1,1,0,0,0,1,0,2,1,2,1,1,0,0,1,1,0,1,0,1,0,1,0,0,0,0,0,0,0,0,1,2,0,0,0,0,0,0,0,0,0,0,0,0,0,1,0,0,0,0,0,0,0,0,0,0,0,0,0,0,0,0,1,0,0,0,0,0,0,1,0,0,0,0,0,0,0,0,0,0,0,0,0,0,0,0,0,0,0,0,0,0,0,0,0,0,0,0,0,0,0,0,0,0,0,0,0,0,0,0,0,0
77. ⽌,17,28,22,11,16,0,7,8,3,5,3,2,4,10,0,1,2,9,4,1,0,3,1,1,2,3,8,1,1,0,0,1,2,0,4,7,2,0,3,1,95,0,0,1,6,10,1,15,0,8,0,0,0,3,3,2,2,0,1,1,0,0,2,1,2,0,0,0,0,1,0,2,0,1,0,1,1,0,4,0,0,0,103,0,0,0,0,1,17,4,0,4,1,0,0,1,0,6,0,0,2,0,0,0,0,0,0,0,0,0,0,0,0,0,1,0,0,0,0,0,0,0,0,0,1,1,0,0,0,0,0,17,0,0,0,2,0,0,0,1,1,0,0,0,0,1,0,0,0,0,0,0,0,0,0,0,2,0,0,0,0,7,0,0,0,0,0,0,0,0,0,0,0,0,0,0,0,0,1,0,0,0,0,0,0,0,0,0,0,0,0,0,0,0,0,0,0,0,0,0,0,0,0,0,0,0,0,0,0,0,0,0,0,0
184. ⾷,10,12,3,0,6,1,5,1,2,4,1,2,2,1,0,0,0,4,2,2,1,3,3,0,0,1,2,1,1,0,0,1,0,1,1,1,2,3,0,0,1,1,0,0,0,1,0,0,0,3,0,1,0,1,0,0,3,0,0,0,0,0,0,1,0,1,0,1,1,1,0,0,1,0,0,0,1,0,0,0,1,0,0,102,0,0,0,0,1,0,2,2,1,1,4,0,0,0,1,0,1,0,0,1,0,2,0,0,0,0,0,0,1,2,1,0,1,1,0,0,1,0,0,0,0,1,0,0,0,0,0,0,0,0,0,0,0,0,1,0,0,0,0,0,0,0,0,1,0,0,0,0,0,0,0,0,0,0,0,0,0,0,1,0,0,0,0,0,0,0,0,0,0,0,0,0,0,0,0,0,0,0,0,0,0,0,0,0,0,0,0,0,0,0,0,0,0,0,0,0,0,0,0,0,0,0,0,0,0,0,0,0,0,0
22. ⼕,22,26,6,9,2,3,15,5,7,11,2,22,7,5,5,2,3,8,5,0,5,1,1,1,1,1,0,4,6,5,1,4,4,0,0,4,1,4,8,1,0,0,0,2,1,1,1,0,0,1,0,0,0,0,1,1,1,0,1,0,0,11,0,4,0,0,2,1,0,2,0,0,2,0,0,0,7,1,1,0,0,1,0,0,100,1,0,0,0,0,0,0,0,0,1,0,0,0,0,0,0,0,1,0,0,2,0,0,1,4,0,2,0,2,0,0,0,0,0,11,0,0,0,3,0,0,0,0,0,0,2,0,0,0,0,0,1,0,0,0,0,1,0,0,0,0,0,1,0,0,0,0,0,0,0,0,0,1,0,0,0,0,0,0,0,0,0,0,0,0,0,0,0,0,0,0,1,0,0,0,0,0,0,0,0,0,0,0,0,0,0,0,0,0,0,0,0,0,0,0,0,0,0,0,0,0,0,0,0,0,0,0,0,0
48. ⼯,34,21,18,13,21,0,12,5,3,1,9,0,3,6,4,5,1,11,2,7,0,0,1,3,3,2,0,0,0,1,2,7,6,7,1,5,0,0,0,4,0,0,0,2,2,0,2,0,1,5,0,0,0,1,0,3,0,0,0,2,13,1,1,0,1,0,0,2,10,0,0,5,7,0,0,0,6,0,2,0,0,0,0,0,1,100,0,1,0,1,0,0,0,2,10,0,0,0,0,0,0,0,0,0,1,0,7,0,0,0,0,10,0,0,0,1,0,0,0,0,0,0,1,0,0,0,0,0,1,0,0,0,0,1,1,0,0,0,0,0,0,0,0,0,0,0,0,0,0,0,0,0,0,0,0,0,0,0,0,0,0,0,0,0,0,0,0,0,0,0,0,0,0,0,0,0,0,0,0,0,0,0,0,0,0,0,0,0,0,0,0,0,0,0,0,0,0,0,0,0,0,0,0,0,0,0,0,0,0,0,0,0,0,0
57. ⼸,9,28,3,1,7,3,7,9,1,0,1,3,3,2,2,3,1,0,27,2,6,1,3,3,2,4,1,3,3,0,1,1,1,2,1,1,7,5,0,0,0,1,1,2,0,1,0,0,0,0,0,3,1,2,2,0,0,1,0,0,0,0,0,0,0,0,0,0,0,0,1,0,0,0,0,0,4,0,0,0,0,0,0,0,0,0,96,0,0,1,0,0,1,0,0,8,1,0,0,0,1,0,0,0,0,0,2,0,0,4,0,0,0,0,0,0,0,1,0,0,0,0,0,1,1,0,0,0,0,0,0,0,0,0,0,0,0,0,0,0,0,0,0,0,0,3,0,0,0,0,0,0,0,0,0,0,0,2,0,0,0,0,0,0,0,0,0,0,1,0,2,4,0,0,0,0,0,0,0,0,0,0,0,0,0,0,0,1,0,0,0,1,0,0,0,0,0,0,0,0,0,0,0,0,0,0,0,0,0,0,0,0,0,0
173. ⾬,7,9,7,6,6,6,2,7,2,2,1,4,1,2,2,1,0,0,1,1,1,3,5,2,1,1,2,11,3,0,0,3,0,0,3,0,7,1,9,2,3,1,1,0,1,1,0,1,0,0,2,1,0,1,1,1,0,0,2,2,0,1,2,0,0,0,0,1,2,1,0,0,0,2,0,2,0,0,0,0,0,0,1,0,0,1,0,93,0,0,0,0,0,2,0,0,0,0,0,1,0,0,0,1,1,0,0,1,0,0,0,0,0,1,0,1,0,0,0,0,0,0,0,0,0,0,0,1,0,0,1,0,0,0,1,0,0,0,0,0,0,0,0,0,0,0,0,0,0,0,1,0,0,0,0,0,0,0,0,12,0,1,0,0,0,0,0,0,0,1,0,0,1,1,0,0,0,0,0,0,0,0,0,0,0,0,0,0,0,0,0,0,0,0,0,0,0,1,0,0,0,0,0,0,0,0,0,0,0,0,0,0,0,0
17. ⼐,13,52,23,6,10,0,6,7,8,0,4,10,1,2,3,3,1,1,6,2,0,11,2,1,0,3,4,11,0,1,14,8,1,1,3,2,5,1,2,4,17,0,0,0,1,0,0,3,2,0,0,1,1,0,4,2,0,0,4,0,0,2,0,0,1,2,0,0,1,0,0,0,0,8,0,1,0,0,2,1,0,0,17,1,0,0,0,0,92,0,0,0,0,0,0,2,1,2,0,0,2,0,1,0,0,5,1,1,0,0,0,0,0,0,0,0,0,0,0,0,0,0,0,0,0,1,0,0,0,0,0,17,0,0,1,0,1,0,31,11,1,0,0,0,0,0,0,1,0,0,0,0,1,0,1,0,0,0,1,0,0,0,0,0,0,0,0,0,0,0,0,0,0,0,0,0,0,0,0,0,0,0,0,0,0,0,0,0,0,0,0,0,0,0,0,0,0,0,0,0,0,0,0,0,0,0,0,0,0,1,0,0,0,2
60. ⼻,6,12,69,4,5,7,2,2,2,6,5,4,2,2,4,0,1,2,3,0,1,2,1,4,0,0,1,0,0,4,6,3,0,0,0,0,1,3,1,0,6,1,1,1,0,1,0,0,0,0,0,0,0,0,0,1,0,0,1,0,2,0,7,1,1,0,0,0,0,1,2,0,1,2,0,4,1,1,0,0,0,0,4,0,0,1,1,0,0,92,0,2,1,0,0,0,0,2,2,0,0,0,0,0,0,0,0,2,0,1,0,1,0,0,0,0,0,2,0,0,0,0,0,0,0,1,0,0,0,0,1,0,2,0,1,0,0,0,0,0,0,0,0,0,2,0,0,0,0,0,0,0,1,0,1,19,0,0,1,0,1,0,0,0,1,0,0,0,1,0,0,0,0,0,0,0,0,0,0,0,0,0,1,0,0,0,0,0,0,0,0,0,0,0,0,0,0,0,0,0,0,0,0,0,0,0,0,0,0,0,0,0,0,0
36. ⼣,13,12,10,9,36,4,3,3,8,2,1,7,6,4,2,2,2,4,3,17,2,4,2,0,0,1,1,1,1,0,0,0,0,10,6,2,1,4,0,2,5,1,1,2,1,2,2,6,1,4,1,0,0,0,8,0,4,1,0,0,0,0,1,3,0,1,0,0,1,0,0,1,0,1,1,0,1,1,0,0,0,1,0,2,0,0,0,0,0,0,91,0,0,4,0,1,0,12,0,1,2,0,0,0,0,0,1,0,0,0,0,1,0,0,0,0,2,0,1,0,34,0,0,0,0,0,0,0,0,0,3,0,0,0,0,0,0,0,0,0,0,0,0,1,0,0,0,0,0,0,0,0,0,0,0,0,0,0,0,0,0,0,0,0,0,0,0,0,0,0,0,0,0,0,0,0,0,3,0,0,15,0,0,0,0,0,0,0,0,0,0,0,0,0,0,0,0,0,0,0,0,0,0,0,0,0,0,0,0,0,0,0,0,0
51. ⼲,9,9,6,8,1,8,3,6,3,90,23,0,5,3,4,4,1,7,1,1,1,1,2,2,5,1,1,5,2,0,2,1,2,0,5,1,0,1,0,2,4,1,0,1,2,0,1,0,3,0,0,0,1,0,1,0,0,0,0,1,0,1,0,10,1,0,3,0,0,0,0,0,1,2,1,0,0,0,0,1,1,0,4,2,0,0,0,0,0,2,0,91,0,0,0,0,5,5,0,0,1,0,0,0,0,0,0,0,0,0,0,0,0,0,0,0,0,0,0,0,0,0,0,0,0,0,0,0,1,0,0,0,0,0,0,0,1,0,0,0,0,0,1,0,0,0,0,0,1,0,0,0,0,0,0,0,0,0,0,0,0,0,0,0,0,0,0,0,0,0,0,0,0,0,0,0,0,0,0,0,0,0,0,0,0,1,0,0,0,1,0,0,0,0,0,0,0,0,0,0,0,0,0,0,0,0,0,0,0,0,0,0,0,0
128. ⽿,15,15,6,4,2,4,3,0,2,5,1,1,3,2,9,6,1,2,3,3,1,0,0,1,1,1,7,0,2,5,2,1,0,2,0,1,1,15,0,0,2,0,0,1,0,0,0,0,0,1,2,1,0,0,0,1,1,2,0,3,0,0,8,5,0,4,1,0,2,0,0,1,0,0,1,0,1,0,1,1,1,0,1,1,0,0,1,0,0,1,0,0,89,0,1,1,0,1,0,0,0,0,0,0,0,0,0,0,0,1,0,0,0,0,0,0,0,2,0,0,0,0,0,1,0,0,0,0,0,0,0,0,1,0,0,0,0,0,0,0,0,0,0,0,0,0,1,0,0,0,0,0,0,1,1,0,0,0,0,0,0,0,1,0,0,1,0,0,0,0,0,0,0,0,1,0,0,0,0,0,0,0,0,0,0,0,0,0,0,0,0,0,0,0,0,0,0,0,0,0,0,0,0,0,0,0,0,0,0,0,0,0,0,0
87. ⽖,9,16,2,11,2,3,0,9,3,1,2,1,6,3,8,5,1,1,2,10,8,4,0,4,3,1,0,4,5,1,5,2,2,0,0,0,3,12,1,0,0,0,0,2,5,0,0,0,1,0,1,8,0,0,0,2,0,0,0,0,7,1,0,2,0,1,0,0,3,0,0,2,0,0,0,4,0,1,0,0,0,1,0,1,0,2,0,2,0,0,4,0,0,88,0,0,2,1,0,10,1,0,0,4,0,0,0,0,0,0,0,0,0,0,0,1,0,5,0,0,1,0,1,0,0,2,0,1,0,0,0,0,0,4,4,0,0,0,0,2,0,0,1,0,0,0,0,0,0,1,0,0,0,0,0,0,0,0,0,0,1,0,0,0,0,0,2,0,0,0,0,0,0,0,0,0,0,0,0,0,3,0,0,0,0,0,0,0,0,0,0,0,0,0,0,0,0,0,0,0,0,0,0,0,0,0,0,0,0,0,0,0,0,0
123. ⽺,15,28,5,4,5,3,4,6,1,1,5,2,9,1,1,2,0,16,1,1,3,6,4,2,3,1,1,0,1,1,3,1,0,1,0,0,0,1,0,1,0,4,0,0,2,0,2,0,2,11,0,11,0,3,0,1,11,1,0,0,0,0,0,0,1,0,0,0,0,0,0,0,1,3,0,0,1,0,0,1,1,0,0,4,1,10,0,0,0,0,0,0,1,0,88,0,0,0,0,0,0,2,1,0,1,1,1,0,0,0,0,0,0,0,0,1,0,0,0,0,0,0,0,0,0,0,0,0,0,0,0,0,0,0,0,1,0,0,0,0,0,1,0,0,0,0,0,0,0,0,0,0,0,0,0,0,0,1,0,0,0,0,0,0,0,0,0,0,0,0,0,0,0,0,0,0,0,0,0,0,0,0,0,0,0,0,0,0,0,0,0,0,0,0,0,0,0,0,0,0,0,0,0,0,0,0,0,0,0,0,0,0,0,0
15. ⼎,12,8,7,6,4,5,15,11,3,4,4,10,3,1,0,3,1,5,2,2,2,4,4,1,1,1,0,1,3,0,1,1,0,1,1,0,1,0,3,0,2,2,0,1,1,1,0,1,1,0,0,1,0,0,0,1,0,0,2,1,0,6,0,0,1,0,0,0,1,0,3,0,3,2,0,4,0,0,0,1,0,0,1,0,0,0,8,0,2,0,1,0,1,0,0,85,0,0,5,0,0,0,0,0,0,0,1,0,0,0,0,0,0,0,0,0,0,2,0,0,1,0,0,1,0,0,0,0,0,0,0,0,1,0,0,0,0,0,0,0,0,0,0,0,0,0,0,0,0,0,0,0,0,0,0,0,0,0,0,0,0,0,0,0,0,0,0,0,2,0,0,0,0,0,0,0,0,0,0,0,0,0,0,0,0,0,0,0,0,0,0,0,0,1,0,0,0,0,0,0,0,0,0,0,0,0,0,0,0,0,0,0,0,0
5. ⼄,12,10,4,5,2,3,8,2,3,18,13,6,6,2,1,3,1,16,3,2,0,1,0,2,2,2,0,1,0,0,2,0,1,1,0,1,4,1,2,1,0,0,1,2,0,0,1,0,2,0,0,0,0,0,1,0,0,0,1,2,0,2,0,0,1,0,1,2,0,0,0,0,0,1,0,0,0,1,0,0,0,1,0,0,0,0,1,0,1,0,0,5,0,2,0,0,82,0,2,6,1,0,1,0,0,0,1,0,0,0,0,0,0,1,0,0,0,1,0,0,0,0,0,0,1,0,0,0,0,0,0,0,0,0,0,0,0,0,1,1,0,0,0,0,0,1,0,0,1,0,0,0,0,1,0,0,0,0,0,0,0,0,0,0,0,0,0,0,0,0,0,0,0,0,0,0,0,0,0,0,0,0,0,0,0,0,0,0,0,0,0,0,0,0,0,0,0,0,0,0,0,0,0,0,0,0,1,0,1,0,0,0,0,0
26. ⼙,13,15,16,3,6,2,2,4,3,6,3,0,3,2,2,4,5,2,3,8,1,5,1,1,1,2,10,0,1,0,0,2,5,8,4,2,5,3,7,4,6,1,0,2,0,0,1,0,1,0,0,0,1,0,1,1,0,0,0,2,0,0,0,0,1,0,0,0,0,0,0,1,1,0,0,0,0,1,1,0,0,0,6,0,0,0,0,0,2,2,12,5,1,1,0,0,0,82,0,1,0,0,0,0,1,0,0,0,0,0,0,0,0,3,0,0,1,0,0,0,0,0,0,0,0,5,0,0,0,0,0,2,0,0,0,0,0,0,0,0,0,0,0,0,0,0,0,0,0,1,0,0,0,0,0,0,0,0,0,0,0,0,0,0,0,0,0,0,0,0,0,0,0,0,0,0,0,0,0,0,0,0,0,0,0,0,0,0,0,0,0,0,0,0,0,0,0,0,0,0,0,0,0,0,0,0,0,0,0,0,0,0,0,0
70. ⽅,8,21,8,4,0,6,6,4,6,2,10,73,4,2,0,0,2,7,2,10,5,3,5,1,2,2,0,1,1,0,0,0,2,2,0,1,2,0,0,3,1,3,0,0,0,0,1,0,4,0,8,0,0,0,2,0,0,0,0,0,0,0,18,1,0,0,0,0,0,1,6,1,1,0,0,0,0,1,0,1,0,0,0,1,0,0,0,0,0,2,0,0,0,0,0,5,2,0,82,4,1,0,0,0,0,0,2,0,0,0,0,1,0,0,1,1,0,0,0,2,0,0,0,5,1,0,0,0,0,0,0,0,1,0,0,0,0,1,0,0,0,0,2,0,0,1,0,0,1,0,0,0,0,0,0,0,0,0,0,0,0,0,0,0,1,0,0,0,0,0,0,0,0,0,0,0,0,0,0,0,0,1,0,0,0,0,0,0,0,0,0,0,0,0,0,1,0,0,0,0,0,0,0,0,0,0,0,0,0,0,0,0,0,0
39. ⼦,21,14,7,7,3,2,1,5,3,5,5,24,3,0,3,1,1,4,2,7,0,0,0,2,1,2,2,1,2,0,0,0,0,1,0,0,2,1,0,0,0,0,0,1,2,0,0,0,2,0,0,1,1,0,0,0,0,1,0,0,0,0,6,0,0,4,0,2,0,0,0,0,0,2,0,0,0,2,0,0,2,2,0,0,0,0,0,1,0,0,1,0,0,10,0,0,6,1,4,81,0,0,0,1,0,0,0,0,0,0,0,0,0,0,0,1,0,1,0,0,1,4,0,0,0,0,0,0,0,0,0,0,0,0,0,0,0,0,0,0,0,0,0,0,0,0,0,0,0,0,0,0,0,0,0,0,1,0,0,1,0,0,0,0,0,0,0,0,1,0,1,0,0,0,0,0,0,0,0,0,0,0,0,0,0,0,0,2,0,0,0,0,0,0,0,0,0,0,0,0,0,0,0,0,0,0,0,0,0,0,0,0,0,0
59. ⼺,13,16,13,7,5,5,9,2,3,3,2,5,3,5,2,1,1,3,3,3,4,3,3,1,3,0,7,3,0,1,0,0,1,2,2,5,28,2,0,2,2,2,2,0,1,3,0,2,0,1,6,0,1,1,0,0,1,1,0,1,0,0,2,2,0,0,1,1,6,0,1,0,0,0,1,0,0,1,4,0,0,1,2,1,0,0,1,0,2,0,2,1,0,1,0,0,1,0,1,0,81,0,12,0,0,0,0,0,0,0,0,1,1,1,0,0,3,0,0,0,2,0,0,0,19,0,0,0,0,0,0,1,0,0,1,0,0,1,0,0,0,0,0,0,0,19,0,0,0,0,0,0,0,0,1,0,2,0,0,0,0,0,0,0,0,0,0,2,0,0,0,0,0,0,0,0,0,0,0,0,0,0,0,0,0,0,0,0,0,0,0,0,0,0,0,0,0,0,0,0,0,0,0,0,0,0,0,0,0,0,0,0,0,1
93. ⽜,17,6,1,5,2,2,2,1,0,0,2,3,3,2,3,1,1,2,2,4,0,9,0,0,1,2,1,1,0,0,0,0,0,2,10,1,6,0,4,0,0,0,1,2,4,0,0,1,3,2,0,2,0,0,0,0,2,1,0,0,1,0,1,1,0,0,0,0,1,3,1,0,0,3,0,0,0,1,0,0,0,1,0,0,0,0,0,0,0,0,0,0,0,0,2,0,0,0,0,0,0,75,0,0,0,0,1,0,0,0,0,0,0,0,0,0,0,1,0,0,0,0,0,0,0,0,0,0,0,0,1,0,0,0,0,6,0,0,0,0,0,1,0,0,0,0,0,0,0,0,0,0,0,0,0,0,0,0,0,0,0,0,0,0,1,0,0,0,1,0,0,0,0,0,0,1,0,0,0,0,0,0,0,0,0,0,0,0,0,0,0,0,0,0,0,0,0,0,0,0,0,0,0,0,0,0,0,0,0,0,0,0,0,0
124. ⽻,4,9,13,4,5,10,8,2,2,6,1,3,3,0,1,5,1,2,0,1,1,0,2,1,1,0,1,1,0,0,1,1,0,1,1,0,3,2,1,1,0,0,1,1,0,1,0,0,0,2,2,0,0,0,3,1,2,1,10,0,0,0,0,0,0,0,0,1,0,0,5,0,0,0,1,0,1,1,0,0,0,1,0,0,1,0,0,0,1,0,0,0,0,0,1,0,1,0,0,0,12,0,74,0,0,1,0,0,0,1,0,0,0,0,0,0,0,0,0,0,0,0,0,1,0,0,0,0,0,1,1,0,0,0,0,0,0,0,0,0,0,0,1,0,0,0,0,0,0,0,0,0,0,0,0,0,0,0,0,0,0,0,0,0,0,0,0,0,0,0,0,0,0,0,0,0,0,0,0,0,0,1,1,0,0,0,0,0,0,0,0,0,0,0,0,0,0,0,0,0,0,0,0,0,0,0,0,0,0,0,0,0,0,0
134. ⾅,8,21,7,3,4,1,22,5,2,4,2,0,9,3,0,7,1,0,11,11,2,11,2,0,3,1,1,1,1,1,1,0,0,3,1,0,0,10,1,1,0,1,1,1,1,0,0,1,0,0,0,0,1,1,0,1,0,1,1,1,0,11,0,0,0,0,0,1,0,0,0,1,0,0,1,0,3,1,0,1,1,1,0,1,0,0,0,1,0,0,0,0,0,4,0,0,0,0,0,1,0,0,0,74,0,2,1,0,0,3,0,0,0,0,2,1,0,0,1,0,0,0,2,0,0,0,0,0,0,0,0,0,0,0,0,0,0,0,0,0,0,0,0,1,0,0,0,0,0,0,1,0,0,0,0,0,0,0,0,0,1,0,0,0,0,0,0,0,0,0,5,0,0,0,0,0,0,0,0,5,0,0,0,0,0,0,0,0,0,0,0,0,0,0,0,0,0,0,1,0,0,0,0,0,0,1,0,0,0,0,0,0,0,0
177. ⾰,4,10,6,3,6,4,0,1,3,35,2,0,3,0,0,0,0,4,0,1,3,4,0,0,1,0,2,2,1,0,0,3,0,1,2,0,0,1,0,0,1,0,0,0,1,1,0,1,0,1,0,2,0,0,1,0,1,0,0,0,0,0,0,3,0,0,2,1,0,0,0,0,0,0,0,0,1,3,0,0,0,0,0,0,0,1,0,1,0,0,0,0,0,0,1,0,0,1,0,0,0,0,0,0,74,0,0,0,0,0,0,0,0,2,1,0,0,0,0,0,0,0,0,0,0,0,0,0,0,1,0,0,0,0,0,0,0,0,0,0,0,0,0,0,0,0,0,0,0,0,0,0,0,0,0,0,0,0,1,0,0,0,0,0,0,0,0,0,0,0,0,0,1,0,0,0,0,0,0,0,0,0,0,0,0,0,0,0,0,0,0,0,0,0,0,0,0,0,0,0,0,0,0,0,0,0,0,0,0,0,0,0,0,0
76. ⽋,17,11,6,2,5,2,4,3,4,4,1,0,1,1,3,1,1,1,3,1,3,2,0,0,1,1,4,0,1,0,1,0,1,0,0,1,1,0,11,0,0,0,0,0,0,0,0,0,0,0,0,2,1,0,1,1,0,0,2,1,0,0,0,0,1,0,0,0,2,1,0,0,0,0,0,0,0,0,0,1,2,0,0,2,2,0,0,0,5,0,0,0,0,0,1,0,0,0,0,0,0,0,1,2,0,71,0,0,2,0,0,0,1,0,0,0,1,0,0,3,0,0,0,1,0,0,0,0,0,0,0,0,0,0,0,0,1,0,5,0,0,0,0,0,0,0,0,0,0,2,0,0,0,0,0,0,0,0,0,0,0,0,0,0,0,0,0,0,0,0,0,0,0,0,0,0,0,0,0,0,0,0,0,0,0,0,0,0,0,0,0,0,0,0,0,0,0,0,0,0,0,0,0,0,0,0,0,0,0,0,0,0,0,0
116. ⽳,5,7,1,1,1,2,42,1,0,1,5,2,2,3,1,2,0,0,1,42,2,0,0,0,0,0,0,2,1,0,1,1,1,42,1,1,4,0,1,2,1,0,0,1,0,0,0,0,2,0,0,1,0,0,1,0,0,0,0,0,0,2,1,1,0,0,0,1,1,0,1,1,0,2,1,1,0,0,0,0,0,0,0,0,0,7,2,0,1,0,1,0,0,0,1,1,1,0,2,0,0,1,0,1,0,0,71,0,0,0,1,0,0,0,0,0,0,1,0,0,0,0,1,0,0,0,0,0,0,0,0,0,0,0,1,0,0,0,0,1,2,0,1,0,0,0,0,0,1,0,0,0,0,0,0,0,0,1,0,0,0,0,0,0,1,0,0,0,0,0,0,0,0,0,0,0,0,0,0,1,0,0,0,0,0,0,0,0,0,0,0,0,0,1,0,1,0,0,0,0,0,0,0,0,0,0,0,0,0,0,0,0,0,0
166. ⾥,8,21,8,3,4,41,4,2,2,16,8,14,27,2,2,1,2,5,0,0,3,1,1,2,0,0,11,2,0,1,2,1,0,0,0,1,0,0,0,1,1,1,2,0,1,3,0,0,0,1,12,2,4,0,2,2,0,3,0,0,0,0,2,1,0,0,0,6,2,1,0,0,0,0,0,0,0,1,0,0,0,1,0,0,0,0,0,1,1,2,0,0,0,0,0,0,0,0,0,0,0,0,0,0,0,0,0,70,0,0,0,0,0,0,0,1,0,1,0,0,0,0,0,0,0,0,0,0,0,0,0,0,0,0,0,0,1,0,0,0,0,0,0,0,0,0,1,0,0,0,2,0,17,0,0,1,0,0,0,0,0,0,0,0,0,0,0,0,0,0,0,0,0,0,0,0,0,0,0,0,0,0,0,0,0,0,0,0,0,0,0,0,0,0,0,0,0,0,0,0,0,0,0,0,0,0,0,0,0,0,0,0,0,0
69. ⽄,10,4,0,11,9,4,11,6,2,5,2,3,1,2,3,9,3,5,2,0,0,0,0,0,2,2,2,0,0,0,2,0,0,0,0,2,0,0,0,0,0,0,0,0,0,0,1,0,2,0,3,0,0,0,1,1,0,1,0,9,0,0,0,0,1,1,1,0,0,0,1,0,0,0,0,0,0,0,0,0,0,0,0,0,1,0,0,0,0,0,0,0,0,0,0,0,0,0,0,0,0,0,0,0,0,2,0,0,68,0,0,0,0,0,0,0,0,1,0,5,0,0,0,0,0,0,0,0,0,0,0,0,0,0,0,0,0,0,0,0,0,0,0,0,0,0,0,0,0,0,0,0,0,0,0,0,0,0,0,0,0,0,1,0,0,0,0,0,0,0,0,0,0,0,0,0,0,0,0,0,0,1,0,0,0,0,0,0,0,0,0,0,0,0,0,0,0,0,0,0,0,0,0,0,0,0,0,0,0,0,0,0,0,0
79. ⽎,5,53,1,5,2,2,4,2,2,1,2,1,1,0,2,4,2,0,0,5,2,0,0,3,2,0,2,0,0,0,0,1,0,0,0,0,0,53,0,2,0,0,0,0,2,0,2,1,0,0,1,0,0,4,0,0,0,2,0,4,0,0,0,0,0,0,0,0,9,0,1,0,0,4,0,0,53,2,0,0,1,2,0,0,4,0,4,0,0,1,0,0,1,0,0,0,0,0,0,0,0,0,1,3,0,0,0,0,0,64,1,0,0,0,0,6,0,0,0,0,0,0,0,2,0,0,0,0,1,0,0,0,0,0,0,0,0,0,0,0,0,0,0,0,0,0,0,0,0,0,0,0,0,0,0,0,0,0,0,0,0,0,0,0,0,0,0,0,0,0,0,4,0,0,0,0,0,0,0,0,0,0,0,0,0,0,0,0,0,0,0,0,0,0,0,0,0,0,0,0,0,0,1,0,0,0,0,0,0,0,0,0,0,0
152. ⾗,6,3,2,5,4,3,2,4,7,0,5,4,2,1,0,2,0,1,1,17,0,4,0,2,0,1,0,0,1,1,0,2,1,5,1,0,0,1,1,2,0,0,0,0,1,0,0,0,5,0,1,1,0,0,1,0,0,0,0,0,0,0,0,0,0,0,0,0,0,0,0,3,1,0,0,0,1,1,0,0,0,1,0,0,0,0,0,0,0,0,0,0,0,0,0,0,0,0,0,0,0,0,0,0,0,0,1,0,0,1,64,0,4,0,0,1,0,0,0,0,0,2,0,0,0,0,0,0,0,0,0,0,0,0,0,0,0,0,0,0,0,0,0,0,0,0,0,0,0,0,0,0,0,0,0,0,0,0,0,0,0,0,0,0,0,0,0,0,0,0,0,0,0,0,0,0,0,0,0,0,0,0,0,0,0,0,0,0,0,0,1,0,0,0,0,0,0,0,0,0,0,0,0,0,0,0,0,0,0,0,0,0,0,0
47. ⼮,6,13,6,6,13,4,2,3,4,3,0,13,4,2,2,1,3,5,3,1,0,1,8,2,1,0,1,0,0,2,0,0,0,0,2,2,12,0,0,3,2,1,0,0,0,0,2,0,1,0,0,0,1,2,0,0,0,1,2,2,0,0,0,0,0,2,2,2,0,1,0,0,0,0,4,0,0,2,2,0,1,2,0,0,2,10,0,0,0,1,1,0,0,0,0,0,0,0,1,0,1,0,0,0,0,0,0,0,0,0,0,62,0,0,0,0,0,0,0,0,0,0,0,0,1,0,0,0,0,0,0,0,2,0,0,0,0,0,0,0,0,0,0,0,0,1,0,0,0,0,0,0,0,0,0,0,0,0,0,0,0,0,0,0,0,0,0,0,0,0,0,0,0,0,0,0,0,0,0,0,0,0,0,0,0,0,1,0,0,0,0,0,0,0,0,0,0,0,0,0,0,0,0,0,0,0,0,0,0,0,0,0,0,0
141. ⾌,8,19,1,1,47,0,11,2,1,0,1,1,4,1,3,1,2,3,3,0,1,2,19,0,1,0,3,1,0,1,0,0,0,0,1,1,0,0,1,2,0,2,1,0,0,0,0,0,2,2,0,1,1,1,0,0,2,1,1,1,0,0,0,0,0,0,1,1,0,0,0,0,0,0,0,1,1,1,1,0,13,1,0,1,0,0,0,0,0,0,0,0,0,0,0,0,0,0,0,0,1,0,0,0,0,1,0,0,0,0,4,0,62,0,0,1,1,0,0,0,0,0,0,0,0,0,0,0,0,0,0,0,0,0,1,0,0,0,0,0,0,0,0,0,0,0,0,0,0,0,0,0,0,0,0,0,1,0,0,0,0,0,0,0,0,0,0,0,0,0,0,0,0,0,0,0,0,0,0,0,0,0,0,0,0,0,0,0,0,0,0,1,0,0,0,0,0,0,0,0,0,0,0,0,0,0,0,0,0,0,0,0,0,0
49. ⼰,4,28,6,3,1,0,6,3,2,2,2,0,5,0,1,3,1,0,1,0,5,25,1,1,1,1,2,1,1,0,0,0,0,0,0,0,1,0,5,1,0,1,1,0,0,0,1,0,2,0,0,0,0,1,0,0,0,1,0,0,0,0,1,0,1,0,0,0,0,0,0,0,1,0,0,1,0,4,0,0,0,1,0,2,2,0,0,1,0,0,0,0,0,0,0,0,1,3,0,0,1,0,0,0,2,0,0,0,0,0,0,0,0,59,0,0,0,0,0,0,0,0,0,0,1,0,1,0,0,0,0,0,0,0,0,0,0,0,0,0,0,0,0,0,0,1,0,0,0,0,0,0,0,0,1,0,0,0,1,0,0,0,0,0,0,0,0,0,0,0,0,0,0,0,0,0,0,0,1,0,0,0,0,0,0,0,0,0,0,0,0,0,0,0,0,0,0,0,0,0,0,1,0,0,0,0,0,0,0,0,0,0,0,0
101. ⽤,8,3,7,3,0,0,2,7,7,2,1,1,2,1,4,2,1,32,2,0,0,5,2,1,1,2,7,1,0,0,0,0,1,0,0,1,0,0,0,2,1,2,1,0,0,0,0,1,2,0,0,0,1,1,1,1,0,3,0,1,12,0,1,0,0,0,0,0,1,0,0,0,1,0,0,0,0,0,0,0,0,0,1,1,0,0,0,0,0,0,0,0,0,0,0,0,0,0,1,0,0,0,0,2,1,0,0,0,0,0,0,0,0,0,59,0,0,0,0,0,0,0,0,0,0,0,0,0,0,0,0,0,0,0,0,1,0,0,0,0,0,0,0,0,0,0,0,0,0,0,0,0,0,1,0,0,0,0,0,0,0,0,0,0,0,0,0,0,0,0,0,0,0,0,0,0,0,0,0,3,0,0,0,0,0,0,0,0,0,0,0,0,0,0,0,0,0,0,0,0,0,0,0,0,0,0,0,0,0,0,0,1,0,0
137. ⾈,5,10,2,1,2,5,2,0,1,1,1,4,1,0,0,1,0,1,2,2,0,1,2,0,0,0,0,0,0,0,0,0,0,1,0,0,1,7,0,0,0,1,0,0,0,0,1,1,0,1,1,2,0,1,0,0,1,0,0,0,0,0,0,0,0,0,0,0,1,0,1,0,1,0,1,0,7,0,0,0,3,0,0,0,0,1,0,1,0,0,0,0,0,1,1,0,0,0,1,1,0,0,0,1,0,0,0,1,0,6,1,0,1,0,0,59,0,1,0,0,0,0,0,0,0,0,1,0,0,0,0,0,0,0,0,0,0,0,0,0,0,0,0,0,0,0,0,0,0,0,0,0,0,0,0,0,0,0,0,0,0,1,0,0,0,0,0,0,1,0,0,0,0,0,0,0,0,0,0,0,0,0,0,0,0,0,0,0,0,0,0,0,0,0,0,0,0,0,0,0,0,0,0,0,0,0,0,0,0,0,0,0,0,0
151. ⾖,51,10,0,3,3,8,1,2,1,11,1,0,2,3,1,0,3,2,0,6,1,3,1,0,1,0,2,0,0,1,11,1,0,1,1,1,0,4,1,1,0,1,0,0,0,0,2,0,1,2,0,0,0,1,0,0,2,1,0,0,5,1,0,0,1,0,0,0,14,0,1,0,0,0,7,1,1,1,1,1,0,1,0,1,0,0,0,0,0,0,2,0,0,0,0,0,0,1,0,0,3,0,0,0,0,1,0,0,0,0,0,0,1,0,0,0,59,0,0,0,1,0,1,1,0,0,1,0,1,0,0,0,0,0,0,0,0,0,0,0,0,0,0,0,0,0,0,0,0,0,0,0,0,0,0,0,0,1,1,0,0,0,0,0,0,0,0,0,0,0,0,8,0,0,0,0,0,0,0,0,0,0,3,0,0,0,0,0,0,0,0,0,0,0,0,0,4,0,1,0,0,0,0,0,0,0,0,2,0,0,0,0,0,0
52. ⼳,8,10,7,10,6,11,4,3,7,3,0,19,6,2,1,2,2,6,4,2,5,0,3,2,1,1,6,0,0,0,1,1,0,1,0,1,1,0,0,1,0,0,0,1,0,0,3,0,0,6,0,0,0,1,0,1,6,1,0,1,0,1,0,0,0,0,0,4,0,0,8,1,0,0,1,1,0,1,1,1,0,1,0,1,0,0,1,0,0,2,0,0,2,5,0,2,1,0,0,1,0,1,0,0,0,0,1,1,1,0,0,0,0,0,0,1,0,57,0,0,0,0,0,0,0,0,0,0,0,0,0,0,0,0,0,0,0,0,0,0,0,0,0,0,0,0,0,0,0,1,0,0,1,0,0,1,0,0,0,0,0,0,0,0,0,0,0,0,19,0,0,0,0,0,0,0,0,0,0,0,0,0,0,0,0,0,0,0,0,0,0,0,1,0,0,0,0,0,0,0,0,0,0,0,0,0,0,0,0,0,0,0,0,0
81. ⽐,6,9,2,6,4,14,6,3,2,1,2,0,3,0,0,2,1,4,0,0,1,5,2,2,2,0,20,0,1,2,2,0,3,0,0,0,0,0,0,0,0,1,0,0,2,0,1,54,0,0,0,0,0,0,3,0,0,20,0,1,1,1,0,0,0,0,1,0,0,0,6,2,1,1,0,0,0,0,0,0,0,0,0,0,0,0,0,0,0,0,1,0,0,0,0,0,0,0,0,0,0,0,0,1,0,0,0,0,0,0,0,0,0,0,0,0,0,0,57,1,0,0,0,0,0,0,0,0,0,0,0,0,0,0,0,0,0,0,0,0,0,0,0,19,0,0,0,0,0,0,2,0,0,0,0,0,0,1,0,0,0,0,0,0,0,0,0,0,0,0,0,0,0,0,0,0,0,0,0,0,1,0,0,0,0,0,0,0,0,0,0,0,0,0,0,0,0,0,0,0,0,0,0,0,0,0,0,0,0,0,0,0,0,0
99. ⽢,8,12,0,10,1,0,32,2,0,54,3,2,2,0,1,3,2,3,2,0,0,0,0,1,1,1,3,1,1,0,1,2,5,0,0,0,0,0,0,1,0,0,0,0,1,2,2,1,0,1,0,0,0,1,1,0,1,2,0,0,0,11,0,0,1,1,1,1,0,0,0,0,0,0,0,0,0,1,0,0,0,1,0,0,11,0,0,0,0,0,0,0,0,0,0,0,0,0,2,0,0,0,0,0,0,3,0,0,5,0,0,0,0,0,0,0,0,0,1,54,0,0,0,0,0,0,0,0,0,0,0,0,0,0,0,0,0,0,0,0,0,0,0,1,0,0,0,0,0,0,0,0,0,2,0,0,0,0,1,0,0,0,0,0,0,0,0,0,0,0,0,0,0,0,0,0,1,0,0,0,0,0,0,0,0,0,0,0,0,0,0,0,0,0,0,0,0,0,0,0,0,0,0,0,0,0,0,0,0,0,0,0,0,0
78. ⽍,5,10,2,1,34,3,2,1,3,2,1,2,1,3,0,0,0,4,1,3,2,3,0,0,0,0,0,1,0,0,0,0,0,1,6,2,1,1,0,0,0,0,1,0,0,2,0,5,0,4,1,0,0,0,0,0,4,0,0,0,0,0,1,1,0,0,0,0,1,0,0,0,0,1,1,0,1,0,0,0,0,0,0,1,0,0,0,0,0,0,34,0,0,1,0,1,0,0,0,1,2,0,0,0,0,0,0,0,0,0,0,0,0,0,0,0,1,0,0,0,52,0,0,0,0,0,0,0,0,0,3,0,0,0,0,0,0,0,0,0,0,0,0,0,0,0,0,0,0,0,0,0,0,0,0,0,0,0,0,0,0,0,0,0,0,0,0,0,0,0,0,0,0,0,0,0,0,3,0,0,0,0,0,0,0,0,0,0,0,0,0,0,0,0,0,0,0,0,0,0,0,0,0,0,0,0,0,0,0,0,0,0,0,0
125. ⽼,8,4,2,2,1,34,1,3,6,1,48,0,2,3,0,1,0,0,1,0,1,1,1,1,3,1,0,0,1,0,0,0,1,0,0,1,1,0,0,0,0,1,0,0,0,0,0,10,0,0,0,0,2,0,0,1,0,0,0,0,0,1,1,3,0,1,0,0,0,0,0,0,0,1,0,0,0,1,0,1,0,1,0,0,0,0,0,0,0,0,0,0,0,0,0,0,0,0,0,4,0,0,0,0,0,0,0,0,0,0,2,0,0,0,0,0,0,0,0,0,0,52,1,0,0,0,0,0,0,0,0,0,0,0,0,0,0,1,0,0,1,0,0,0,0,0,0,0,0,0,0,0,0,0,0,0,0,0,0,0,0,0,0,0,0,0,0,0,0,0,0,0,0,0,0,0,0,0,0,0,0,0,0,0,0,0,0,0,0,0,0,0,0,0,1,0,0,0,0,0,0,0,0,0,0,0,0,0,0,0,0,0,0,0
147. ⾒,7,0,5,5,4,1,2,0,4,1,2,2,0,36,0,3,0,0,1,6,3,0,0,1,0,1,0,1,0,1,1,1,1,2,0,1,0,0,0,0,1,0,1,0,0,0,1,0,0,0,2,0,0,0,0,0,0,0,3,0,0,36,0,5,1,0,0,0,1,0,0,0,0,0,0,0,0,0,0,0,0,0,0,0,0,1,0,0,0,0,0,0,0,1,0,0,0,0,0,0,0,0,0,2,0,0,1,0,0,0,0,0,0,0,0,0,1,0,0,0,0,1,52,0,0,0,5,0,0,1,0,0,0,0,0,0,0,0,0,0,0,0,0,0,0,0,0,0,0,0,0,0,0,0,0,0,0,0,0,0,0,0,0,0,0,0,0,0,0,0,2,0,0,0,0,0,0,0,0,0,0,0,0,0,0,0,0,0,0,0,0,0,0,0,0,0,0,0,0,0,0,1,0,0,0,0,0,0,0,0,0,0,0,0
111. ⽮,12,4,14,2,1,1,0,0,2,0,1,6,0,0,0,2,1,0,4,0,44,0,0,0,0,1,0,1,2,0,1,0,3,0,0,0,6,2,1,0,6,0,0,0,1,0,1,7,0,0,1,0,1,4,0,1,0,0,2,0,0,0,0,0,0,0,0,0,0,0,0,0,0,0,0,0,2,1,0,0,0,1,0,0,3,0,1,0,0,0,0,0,1,0,0,1,0,0,5,0,0,0,1,0,0,1,0,0,0,2,0,0,0,0,0,0,1,0,0,0,0,0,0,51,0,0,0,0,0,0,0,0,6,0,0,0,0,0,0,0,0,0,0,0,1,0,0,0,0,0,0,0,0,0,0,0,0,0,0,0,0,0,0,0,0,0,0,0,0,0,0,0,0,0,0,0,0,0,0,0,0,0,0,0,0,0,0,0,0,0,0,0,0,0,0,0,0,0,0,1,0,0,0,0,0,0,0,0,0,0,0,0,0,0
190. ⾽,3,7,1,1,0,2,3,0,0,1,1,1,0,2,0,0,0,1,1,1,1,1,0,0,0,0,0,1,0,0,0,0,0,1,1,2,19,2,0,0,1,0,0,0,0,1,0,1,0,0,0,0,1,0,0,0,0,0,0,0,0,0,0,2,0,0,0,0,1,0,0,0,0,0,1,0,0,0,1,0,0,0,1,0,0,0,1,0,0,0,0,0,0,0,0,0,1,0,1,0,19,0,0,0,0,0,0,0,0,0,0,1,0,1,0,0,0,0,0,0,0,0,0,0,51,0,0,0,0,0,0,0,0,0,0,0,0,1,0,0,0,0,0,0,0,19,0,0,0,0,0,0,0,0,0,0,0,0,0,0,0,0,0,0,0,0,0,0,0,0,0,0,0,0,0,0,0,0,0,0,0,0,0,0,0,0,0,0,0,0,0,0,0,0,0,0,0,0,0,0,0,0,0,0,0,0,0,0,0,0,0,0,0,0
138. ⾉,7,7,2,5,0,1,5,2,2,1,2,1,0,1,3,0,1,0,1,0,1,0,0,0,0,1,2,1,1,2,0,2,2,0,0,0,3,0,0,3,1,0,1,0,0,0,0,0,1,0,1,0,2,1,1,2,0,1,0,0,3,5,0,3,0,9,0,0,0,0,0,1,0,0,0,0,0,0,0,0,0,0,1,1,0,0,0,0,1,1,0,0,0,2,0,0,0,5,0,0,0,0,0,0,0,0,0,0,0,0,0,0,0,0,0,0,0,0,0,0,0,0,0,0,0,50,0,0,0,0,0,1,0,0,0,0,0,0,0,0,0,0,0,0,0,0,1,0,0,0,2,0,0,0,0,0,0,0,0,0,0,0,0,0,0,0,0,0,0,0,1,0,0,0,0,0,0,0,0,0,0,0,0,5,0,0,0,0,0,0,0,0,0,0,0,0,0,0,0,0,0,0,0,0,0,0,0,0,0,0,0,0,0,0
131. ⾂,2,7,2,3,0,0,2,1,5,0,5,1,2,7,1,1,3,6,0,1,0,1,1,3,0,0,6,0,1,0,0,0,1,1,0,2,0,10,0,3,1,1,1,0,0,0,0,0,0,6,1,0,0,0,0,0,6,0,0,0,0,5,0,5,0,0,0,0,0,0,0,0,1,0,0,0,0,0,0,0,11,0,0,0,0,0,0,0,0,0,0,0,0,0,0,0,0,0,0,0,0,0,0,0,0,0,0,0,0,0,0,0,0,1,0,1,1,0,0,0,0,0,5,0,0,0,42,0,0,0,0,0,0,4,0,0,0,0,0,0,0,0,0,0,0,0,0,0,0,0,0,0,0,0,0,0,0,0,0,0,0,0,0,0,0,0,0,0,0,0,0,0,0,0,0,0,0,0,0,0,0,0,0,0,0,0,0,0,0,0,0,0,0,0,0,0,0,0,0,0,0,0,0,1,0,0,0,0,0,0,0,0,0,0
160. ⾟,23,2,1,5,0,0,0,1,4,35,1,35,0,0,0,1,0,2,0,3,0,0,0,2,2,0,0,1,1,1,0,0,0,3,3,0,4,1,0,1,0,0,1,0,0,0,0,0,1,0,35,0,0,1,0,1,0,0,0,0,0,0,0,0,0,0,0,0,0,0,0,0,0,19,0,0,0,0,0,1,0,0,0,0,0,0,0,1,0,0,0,0,0,1,0,0,0,0,0,0,0,0,0,0,0,0,0,0,0,0,0,0,0,0,0,0,0,0,0,0,0,0,0,0,0,0,0,42,0,0,0,0,0,0,0,0,1,0,0,1,0,0,0,0,0,0,0,0,0,0,0,0,0,1,0,0,0,0,0,0,0,0,0,0,0,0,0,0,0,0,0,0,0,0,0,0,0,0,0,0,0,0,0,0,0,0,0,1,0,0,0,0,0,0,0,0,0,0,0,0,0,0,0,0,0,0,0,0,0,0,0,0,0,0
188. ⾻,5,4,1,1,0,2,0,1,0,3,0,1,1,0,0,0,0,0,2,0,0,1,1,0,0,1,0,0,1,0,0,16,0,0,0,0,0,1,0,0,0,0,0,1,0,0,1,0,0,0,0,0,1,0,0,0,0,0,0,0,0,0,0,1,0,0,0,0,0,0,0,0,0,0,1,1,1,0,0,0,0,0,0,0,0,1,0,0,0,0,0,1,0,0,0,0,0,0,0,0,0,0,0,0,0,0,0,0,0,1,0,0,0,0,0,0,1,0,0,0,0,0,0,0,0,0,0,0,42,0,0,0,0,0,0,0,0,0,0,0,0,0,0,0,0,0,0,0,0,0,0,0,0,0,0,0,0,0,0,0,0,0,0,0,0,0,0,0,0,0,0,0,0,0,0,0,0,0,0,0,0,0,0,0,0,0,0,0,0,0,0,0,0,0,0,0,0,0,0,0,0,0,0,0,0,0,0,0,0,0,0,0,0,0
11. ⼊,8,1,11,2,14,0,1,3,0,5,1,0,1,2,1,1,2,0,2,0,1,0,1,0,1,2,0,15,0,5,0,13,1,0,0,0,1,0,0,1,0,0,2,1,0,0,0,0,2,0,0,0,0,2,1,2,0,0,1,1,0,1,0,0,0,0,0,0,0,0,0,1,0,0,0,0,0,0,0,0,0,0,0,0,0,0,0,0,0,0,0,0,0,0,0,0,0,0,0,0,0,0,1,0,1,0,0,0,0,0,0,0,0,0,0,0,0,0,0,0,0,0,1,0,0,0,0,0,0,41,0,0,0,0,0,0,0,0,0,0,0,0,0,0,0,0,0,1,0,0,0,0,0,0,0,0,0,0,0,0,0,0,0,0,0,0,0,0,0,0,0,0,0,0,0,0,0,0,0,0,0,0,0,0,0,0,0,0,0,0,0,0,0,0,0,0,0,0,0,0,0,0,0,0,0,0,0,0,0,0,0,0,0,0
175. ⾮,4,10,8,2,15,1,0,0,3,0,4,4,1,0,3,1,0,10,1,0,0,1,1,3,2,1,1,0,1,1,0,0,2,0,2,0,0,0,2,1,0,1,1,0,0,0,0,0,0,10,0,0,0,0,0,0,10,1,0,1,0,0,0,1,0,0,0,0,0,0,0,0,0,0,0,0,0,0,0,0,0,0,0,0,2,0,0,1,0,1,3,0,0,0,0,0,0,0,0,0,0,1,1,0,0,0,0,0,0,0,0,0,0,0,0,0,0,0,0,0,3,0,0,0,0,0,0,0,0,0,39,0,0,0,0,0,0,0,0,0,0,0,0,0,0,0,0,0,0,0,0,0,0,0,0,0,1,0,0,0,0,0,0,0,0,0,0,0,0,0,0,0,0,2,0,0,0,15,0,0,0,1,0,0,0,0,0,0,0,0,0,0,1,0,0,0,0,0,0,0,0,0,0,0,0,0,0,0,0,0,0,0,0,0
211. ⿒,7,2,15,0,5,0,0,0,0,0,1,0,0,0,0,0,0,0,0,0,0,1,0,0,0,1,0,1,0,0,0,1,0,0,3,0,1,0,2,0,17,0,0,0,0,0,0,1,0,0,0,0,0,0,3,1,0,0,0,0,0,0,0,0,0,0,0,0,0,0,0,0,0,1,0,0,0,0,0,0,0,0,17,0,0,0,0,0,17,0,0,0,0,0,0,0,0,2,0,0,1,0,0,0,0,0,0,0,0,0,0,0,0,0,0,0,0,0,0,0,0,0,0,0,0,1,0,0,0,0,0,39,0,0,0,0,0,0,0,1,1,0,0,0,0,0,0,0,0,0,0,0,0,0,0,0,0,0,0,0,0,0,0,0,0,0,0,0,0,0,0,0,0,0,0,0,0,0,0,0,0,0,0,0,0,0,0,0,0,0,0,0,0,0,0,0,0,0,0,0,0,0,0,0,0,0,0,0,0,0,0,0,0,0
103. ⽦,7,0,34,3,1,7,1,1,1,0,2,3,0,1,0,3,1,0,1,9,6,0,1,2,1,1,0,0,1,0,1,2,0,9,0,1,2,0,0,1,35,0,0,0,0,0,3,7,0,0,0,0,0,1,0,0,0,0,0,0,0,0,0,0,0,0,0,0,1,0,0,0,0,0,0,0,0,1,1,0,0,1,0,0,0,0,0,0,0,2,0,0,1,0,0,1,0,0,1,0,0,0,0,0,0,0,0,0,0,0,0,2,0,0,0,0,0,0,0,0,0,0,0,6,0,0,0,0,0,0,0,0,38,0,0,0,0,0,0,0,0,0,0,0,0,0,0,0,0,0,0,0,0,0,0,0,0,0,0,0,0,0,0,0,0,0,0,0,0,0,0,0,0,0,0,0,0,0,0,0,0,0,0,0,0,0,0,0,0,0,0,0,0,0,0,0,0,0,0,0,0,0,0,0,0,0,0,0,0,0,0,0,0,0
90. ⽙,2,5,1,2,2,0,1,1,6,1,1,2,0,1,0,0,1,6,0,4,5,0,0,0,0,0,4,0,1,0,0,7,0,4,0,1,0,2,1,1,0,0,2,0,0,0,0,0,0,4,0,0,2,0,0,0,4,0,0,0,11,0,0,0,0,0,0,0,8,0,0,0,1,0,1,0,0,2,0,0,0,2,0,0,0,1,0,0,0,0,0,0,0,4,0,0,0,0,0,0,0,0,0,0,0,0,0,0,0,0,0,0,0,0,0,0,0,0,0,0,0,0,0,0,0,0,4,0,0,0,0,0,0,37,0,0,0,0,0,0,0,0,0,0,0,0,0,0,0,0,0,0,0,0,0,0,0,0,0,0,0,0,0,0,0,0,0,0,0,0,0,0,0,0,0,0,0,0,0,0,0,0,0,0,0,0,0,0,0,0,0,0,0,0,0,0,0,0,0,0,0,0,0,0,0,0,0,0,0,0,0,0,0,0
121. ⽸,3,6,3,1,1,1,3,1,2,0,0,0,1,2,0,3,0,0,0,3,1,5,1,1,2,0,0,0,0,3,4,7,0,2,0,2,1,0,1,0,0,0,0,1,0,0,0,1,2,0,0,1,0,0,0,0,0,0,1,0,0,0,0,0,0,0,0,0,0,0,0,1,0,0,0,0,0,0,0,0,0,0,0,0,0,1,0,1,1,1,0,0,0,4,0,0,0,0,0,0,1,0,0,0,0,0,1,0,0,0,0,0,1,0,0,0,0,0,0,0,0,0,0,0,0,0,0,0,0,0,0,0,0,0,36,0,0,0,0,0,0,0,0,0,0,0,0,0,0,0,0,0,0,0,0,0,0,0,0,0,0,0,0,0,0,0,0,0,0,0,0,0,0,0,0,0,0,0,0,0,0,0,0,0,0,0,0,0,0,0,0,0,0,0,0,0,0,0,0,0,0,0,0,0,0,0,0,0,0,0,0,0,0,1
148. ⾓,5,2,0,2,2,1,0,0,0,0,1,0,1,0,1,0,0,2,4,0,0,20,0,0,0,4,1,0,0,0,0,0,0,0,6,0,1,0,0,0,2,0,0,1,0,0,0,2,1,0,0,0,0,0,0,0,0,1,0,0,0,0,0,1,0,0,0,0,0,0,0,0,0,0,0,0,0,0,0,0,0,0,2,0,0,0,0,0,0,0,0,0,0,0,1,0,0,0,0,0,0,6,0,0,0,0,0,0,0,0,0,0,0,0,1,0,0,0,0,0,0,0,0,0,0,0,0,0,0,0,0,0,0,0,0,36,0,0,0,0,0,1,0,0,0,0,0,0,0,0,0,0,0,0,0,0,0,0,0,0,0,0,0,0,0,0,0,0,0,0,0,0,0,0,0,0,2,0,0,0,0,0,0,0,0,0,0,1,0,0,0,0,0,0,0,0,0,0,0,0,0,0,0,0,0,0,0,0,0,0,0,0,0,0
98. ⽡,2,3,1,1,1,3,2,0,1,5,1,2,1,0,0,0,0,19,0,1,0,0,1,0,0,0,1,0,0,0,0,0,0,0,1,0,1,0,1,0,0,0,0,0,1,0,0,0,0,0,1,0,0,0,0,0,0,0,1,0,1,0,0,1,0,0,0,0,0,0,1,0,0,1,0,0,0,1,0,0,0,0,0,0,1,0,0,0,1,0,0,1,0,0,0,0,0,0,0,0,0,0,0,0,0,1,0,1,0,0,0,0,0,0,0,0,0,0,0,0,0,0,0,0,0,0,0,1,0,0,0,0,0,0,0,0,35,1,1,0,0,0,0,0,0,0,0,0,0,0,0,0,0,0,0,0,0,0,0,0,0,0,0,0,0,0,0,0,0,0,0,0,0,0,0,0,0,0,0,0,0,0,0,0,0,0,0,0,0,0,0,0,0,0,0,0,0,0,0,0,0,0,0,0,0,0,0,0,0,0,0,0,0,0
82. ⽑,2,2,0,4,1,1,0,1,0,0,1,4,1,0,0,0,0,2,0,1,0,0,0,0,0,0,1,0,0,0,0,0,0,0,0,0,1,0,0,0,0,0,0,0,0,1,0,1,0,0,1,0,0,0,1,0,0,1,0,0,0,0,0,0,0,0,0,0,0,0,0,0,1,2,0,0,0,0,0,0,0,0,0,0,0,0,0,0,0,0,0,0,0,0,0,0,0,0,1,0,1,0,0,0,0,0,0,0,0,0,0,0,0,0,0,0,0,0,0,0,0,1,0,0,1,0,0,0,0,0,0,0,0,0,0,0,1,34,0,0,0,0,0,0,0,1,0,0,0,0,0,0,0,0,0,0,0,0,0,0,0,0,0,1,0,0,0,0,0,0,0,0,0,0,0,0,0,0,0,0,0,0,0,0,0,0,0,0,0,0,0,0,1,0,0,0,0,0,0,0,0,0,0,0,0,0,0,0,0,0,0,0,0,0
45. ⼬,4,31,1,1,2,0,2,2,8,0,2,0,0,2,1,0,1,1,2,0,0,6,0,1,0,2,4,0,0,0,0,6,0,0,0,2,0,0,0,1,0,0,0,0,0,0,0,0,2,0,0,0,1,0,0,1,0,0,1,0,0,0,0,0,0,2,0,0,0,0,0,0,0,0,0,0,0,0,2,1,0,0,0,1,0,0,0,0,31,0,0,0,0,0,0,0,1,0,0,0,0,0,0,0,0,5,0,0,0,0,0,0,0,0,0,0,0,0,0,0,0,0,0,0,0,0,0,0,0,0,0,0,0,0,0,0,1,0,33,0,0,0,0,0,0,0,0,0,0,0,0,0,0,0,1,0,0,0,1,0,0,0,0,0,0,0,0,0,0,0,0,0,0,0,0,0,0,0,0,0,0,0,0,0,0,0,0,0,0,0,0,0,0,0,0,0,0,0,0,0,0,0,0,0,0,0,0,0,0,0,0,0,0,0
114. ⽱,3,16,7,3,0,15,2,2,8,1,0,11,0,0,1,1,0,0,1,2,0,0,16,0,0,5,4,33,0,1,1,0,1,2,0,0,7,2,0,0,2,0,0,0,1,0,1,0,2,0,1,0,0,1,2,0,0,0,2,0,0,0,0,0,0,0,0,1,0,0,0,1,0,2,0,0,0,0,0,0,0,0,1,0,0,0,0,0,11,0,0,0,0,2,0,0,1,0,0,0,0,0,0,0,0,0,1,0,0,0,0,0,0,0,0,0,0,0,0,0,0,0,0,0,0,0,0,1,0,0,0,1,0,0,0,0,0,0,0,33,0,0,1,0,0,0,0,1,0,0,0,0,0,0,0,0,0,0,0,0,0,0,0,1,0,0,0,0,0,0,0,0,0,0,0,0,0,0,0,0,0,0,0,0,0,0,0,0,0,0,0,0,0,0,0,0,0,0,0,0,0,0,0,0,0,0,0,0,0,1,0,0,0,0
133. ⾄,5,3,3,4,1,0,2,1,1,0,28,0,1,0,0,2,0,0,1,8,1,0,0,1,0,1,0,0,1,0,0,0,0,5,3,0,28,0,0,2,1,0,0,1,1,0,0,1,0,0,0,0,0,0,0,0,0,0,0,1,0,0,2,0,0,0,0,0,3,1,0,0,0,5,0,0,0,0,0,0,0,0,1,0,0,0,0,0,1,0,0,0,0,0,0,0,0,0,0,0,0,0,0,0,0,0,2,0,0,0,0,0,0,0,0,0,0,0,0,0,0,1,0,0,0,0,0,0,0,0,0,1,0,0,0,0,0,0,0,0,33,0,0,0,0,0,0,0,0,0,0,0,0,0,0,0,0,0,0,0,0,0,0,0,0,0,0,0,0,0,0,0,0,0,0,0,0,0,0,0,0,0,0,0,0,0,0,0,0,0,0,0,0,0,0,0,0,0,0,0,0,0,0,0,0,0,0,0,0,0,0,0,0,0
83. ⽒,3,1,1,2,15,4,0,1,0,0,0,1,1,1,1,1,0,0,0,0,0,1,0,2,1,0,1,0,1,0,2,0,0,0,0,0,0,0,0,1,0,0,0,1,0,0,1,0,0,0,0,0,0,0,0,0,0,1,0,0,0,0,1,1,2,1,0,0,0,1,0,0,0,0,0,0,0,0,0,0,0,0,0,0,1,0,0,0,0,0,0,0,0,0,1,0,0,0,0,0,0,1,0,0,0,0,0,0,0,0,0,0,0,0,0,0,0,0,0,0,0,0,0,0,0,0,0,0,0,0,0,0,0,0,0,1,0,0,0,0,0,32,0,0,0,0,0,0,0,0,0,0,0,1,0,0,0,0,0,0,0,0,0,0,0,0,0,0,0,0,0,0,0,0,0,0,0,0,0,0,0,0,0,0,0,0,0,0,0,0,0,0,0,0,0,0,0,0,0,0,0,0,0,0,0,0,0,0,0,0,0,0,0,0
165. ⾤,3,31,0,1,0,1,2,4,2,2,2,2,3,0,3,1,1,0,3,3,6,0,18,1,0,2,0,7,0,0,0,0,0,3,0,0,1,0,0,1,1,0,0,1,0,0,1,0,0,0,0,0,0,0,31,0,0,0,0,0,0,0,0,1,0,0,0,0,0,1,0,0,0,1,1,0,0,0,0,0,0,0,0,0,0,0,0,0,0,0,0,1,0,1,0,0,0,0,2,0,0,0,1,0,0,0,1,0,0,0,0,0,0,0,0,0,0,0,0,0,0,0,0,0,0,0,0,0,0,0,0,0,0,0,0,0,0,0,0,1,0,0,32,0,0,0,0,0,0,0,0,0,0,0,0,0,0,0,0,0,0,0,0,0,0,0,0,0,0,0,0,0,0,0,0,0,0,0,0,0,0,0,0,0,0,0,0,0,0,0,0,0,0,0,0,0,0,0,0,0,0,0,0,0,0,0,0,0,0,0,0,0,1,0
198. ⿅,1,2,1,2,4,0,3,2,0,1,1,0,1,0,0,0,1,1,0,0,1,1,0,0,0,0,19,0,0,1,0,0,0,0,0,0,0,0,0,0,0,0,0,0,1,0,0,19,0,0,0,0,0,0,2,0,0,19,0,1,1,1,0,0,0,0,1,0,0,0,0,0,1,0,0,0,0,0,0,0,0,0,0,0,0,0,0,0,0,0,1,0,0,0,0,0,0,0,0,0,0,0,0,1,0,0,0,0,0,0,0,0,0,0,0,0,0,0,19,1,0,0,0,0,0,0,0,0,0,0,0,0,0,0,0,0,0,0,0,0,0,0,0,32,0,0,0,0,0,0,0,0,0,0,0,0,0,1,0,0,0,0,0,0,0,0,0,0,0,0,0,0,0,0,0,0,0,0,0,0,1,0,0,0,0,0,0,0,0,0,0,0,0,0,0,0,0,0,0,0,0,0,0,0,0,0,0,0,0,0,0,0,0,0
129. ⾀,1,6,4,0,3,1,1,2,3,0,1,0,5,1,0,0,1,0,29,0,1,0,2,2,0,0,0,0,0,0,0,0,2,0,1,1,1,0,0,1,0,0,0,0,0,0,0,1,0,0,0,0,0,0,3,0,0,0,0,0,0,0,0,0,0,0,0,0,0,0,0,0,0,0,0,0,0,0,0,0,5,0,0,0,0,0,0,0,0,2,0,0,0,0,0,0,0,0,0,0,0,0,0,0,0,0,0,0,0,0,0,0,0,0,0,0,0,0,0,0,0,0,0,1,0,0,0,0,0,0,0,0,0,0,0,0,0,0,0,0,0,0,0,0,31,1,0,0,0,0,0,0,0,0,0,0,0,0,0,0,0,4,0,0,0,0,0,0,0,0,0,0,0,0,1,0,0,0,0,0,0,0,0,0,0,0,0,0,0,0,0,0,0,0,0,0,0,0,0,0,0,0,0,0,0,0,0,0,0,0,0,0,0,0
168. ⾧,3,7,1,1,0,2,3,1,1,1,1,1,0,2,1,0,0,1,2,1,2,1,0,0,0,0,0,1,0,0,0,0,0,1,1,2,21,2,0,1,1,0,0,0,0,1,0,1,0,0,0,0,1,0,0,0,0,0,0,0,0,0,0,2,0,0,0,0,1,1,0,0,0,0,1,0,0,0,1,0,0,0,1,0,0,0,3,0,0,0,0,0,0,0,0,0,1,0,1,0,19,0,0,0,0,0,0,0,0,0,0,1,0,1,0,0,0,0,0,0,0,0,0,0,19,0,0,0,0,0,0,0,0,0,0,0,0,1,0,0,0,0,0,0,1,31,0,0,0,0,0,0,0,0,0,0,0,0,0,0,0,0,0,0,0,0,0,0,0,0,0,0,0,0,0,0,0,0,0,0,0,0,0,0,0,0,0,0,0,0,0,0,0,0,0,0,0,0,0,0,0,0,0,0,0,0,0,0,0,0,0,0,0,0
180. ⾳,5,11,1,1,0,26,3,0,0,1,1,20,2,1,6,0,1,6,0,0,0,1,0,1,2,0,0,0,0,0,0,0,0,0,1,1,0,0,1,1,0,0,0,0,0,0,0,0,0,6,26,0,0,0,0,0,6,0,0,0,0,4,0,0,0,1,0,0,0,1,0,0,0,0,0,0,0,0,0,1,0,0,0,0,0,0,0,0,0,0,0,0,1,0,0,0,0,0,0,0,0,0,0,0,0,0,0,1,0,0,0,0,0,0,0,0,0,0,0,0,0,0,0,0,0,1,0,0,0,0,0,0,0,0,0,0,0,0,0,0,0,0,0,0,0,0,31,0,0,0,0,0,1,0,0,0,0,0,0,0,0,0,0,0,0,0,0,0,0,0,0,0,0,0,0,0,0,0,0,0,0,0,0,0,0,0,0,0,0,0,0,0,0,0,0,0,0,0,0,0,0,0,0,0,0,0,0,0,0,0,0,0,0,0
194. ⿁,0,23,1,5,1,2,23,0,1,0,1,2,0,0,1,0,0,3,0,0,2,0,23,0,0,0,2,3,2,1,2,1,0,0,0,0,23,0,1,0,0,0,0,0,2,0,0,0,0,0,0,0,2,0,0,0,0,1,0,0,0,2,0,1,0,0,0,0,0,0,1,1,0,0,0,0,0,1,0,0,0,1,0,1,1,0,0,0,1,0,0,0,0,0,0,0,0,0,0,0,0,0,0,0,0,0,0,0,0,0,0,0,0,0,0,0,0,0,0,0,0,0,0,0,0,0,0,0,0,1,0,0,0,0,0,0,0,0,0,1,0,0,0,0,0,0,0,31,0,0,0,0,0,0,0,0,0,0,0,0,0,0,0,0,0,0,0,0,0,0,0,0,0,0,0,0,1,0,0,0,0,0,0,0,0,0,0,0,0,0,0,0,1,0,0,0,0,0,0,0,0,0,0,0,0,0,0,0,0,0,0,0,0,0
132. ⾃,6,6,0,1,3,0,3,0,0,4,0,1,1,24,3,0,0,3,0,3,2,0,4,0,0,0,2,0,1,0,0,0,0,2,1,0,0,0,0,0,0,0,0,0,0,0,0,0,3,2,0,0,1,0,0,0,2,1,0,0,1,0,0,0,0,0,0,0,0,0,0,0,0,0,4,5,0,0,0,0,0,0,0,0,0,0,0,0,0,0,0,1,0,0,0,0,1,0,1,0,0,0,0,0,0,0,1,0,0,0,0,0,0,0,0,0,0,0,0,0,0,0,0,0,0,0,0,0,0,0,0,0,0,0,0,0,0,0,0,0,0,0,0,0,0,0,0,0,30,0,0,0,0,1,0,0,0,0,0,0,0,0,0,0,0,0,0,0,0,0,0,0,0,0,0,0,0,0,0,0,0,0,0,0,0,0,0,0,0,4,0,0,0,0,0,0,0,0,0,0,1,0,0,0,0,0,0,0,5,0,0,0,0,0
150. ⾕,22,2,1,2,0,0,0,2,1,0,1,0,1,0,1,0,1,0,0,8,1,0,0,0,0,0,0,0,0,0,1,0,0,8,0,0,0,1,0,0,1,0,1,0,1,0,1,0,1,0,0,1,0,0,0,0,0,0,0,0,0,0,0,0,0,1,0,0,0,0,0,0,0,0,0,0,0,0,0,0,0,0,0,0,0,0,0,0,0,0,0,0,0,1,0,0,0,1,0,0,0,0,0,0,0,2,0,0,0,0,0,0,0,0,0,0,0,1,0,0,0,0,0,0,0,0,0,0,0,0,0,0,0,0,0,0,0,0,0,0,0,0,0,0,0,0,0,0,0,30,0,0,0,0,0,0,0,0,0,0,0,0,0,0,0,0,0,0,0,0,0,0,0,0,0,0,0,0,0,0,0,0,0,0,0,0,0,0,0,0,0,0,0,1,0,0,0,0,0,0,0,0,0,0,0,0,0,0,0,0,0,0,0,0
153. ⾘,2,5,1,1,0,6,3,0,2,0,1,0,0,0,1,1,0,1,0,0,1,1,0,0,0,0,0,0,0,0,0,0,0,0,1,0,0,0,0,0,0,0,0,0,0,0,0,2,0,0,0,1,0,0,0,0,0,0,0,0,0,3,0,0,0,0,0,0,0,0,3,0,0,0,0,1,0,0,0,0,0,0,0,0,0,0,0,1,0,0,0,0,0,0,0,0,0,0,0,0,0,0,0,1,0,0,0,2,0,0,0,0,0,0,0,0,0,0,2,0,0,0,0,0,0,2,0,0,0,0,0,0,0,0,0,0,0,0,0,0,0,0,0,0,0,0,0,0,0,0,30,0,0,0,0,0,0,0,0,0,0,0,0,0,0,0,0,0,0,0,0,0,0,0,0,0,0,0,0,0,0,0,0,0,0,0,0,0,0,0,0,0,0,0,0,0,0,0,0,0,0,0,0,0,0,0,0,0,0,0,0,0,0,0
182. ⾵,12,12,0,1,1,0,1,0,0,0,0,1,0,1,0,0,0,1,12,0,1,0,0,0,1,12,0,0,0,0,1,0,0,0,0,0,1,0,0,0,1,0,0,0,0,0,0,0,0,0,1,0,1,1,0,0,0,0,0,0,0,0,0,0,2,0,0,0,0,0,0,0,0,0,0,0,12,2,0,0,0,0,0,0,0,0,0,0,0,0,0,0,0,0,0,0,0,0,0,0,0,0,0,0,0,0,0,0,0,0,0,0,0,0,0,0,0,0,0,0,0,0,0,0,0,0,0,0,0,0,0,0,0,0,0,0,0,0,0,0,0,0,0,0,0,0,0,0,0,0,0,30,0,0,0,0,0,0,0,0,0,0,0,0,0,0,0,0,0,0,0,0,0,0,0,0,0,0,0,0,0,0,0,0,0,0,0,0,0,0,0,0,0,0,0,0,0,0,0,0,0,0,0,0,0,0,0,0,0,0,0,0,0,0
203. ⿊,4,1,3,0,1,6,1,0,0,0,1,2,17,1,0,0,0,4,0,0,3,0,0,0,0,0,1,1,0,0,2,1,0,0,0,1,0,0,0,0,1,0,0,0,0,2,0,0,0,1,1,0,3,0,0,0,0,0,0,0,0,0,1,1,0,0,0,1,2,0,0,0,0,0,0,0,0,0,0,0,0,0,0,0,0,0,0,0,1,1,0,0,0,0,0,0,0,0,0,0,0,0,0,0,0,0,0,17,0,0,0,0,0,0,0,0,0,1,0,0,0,0,0,0,0,0,0,0,0,0,0,0,0,0,0,0,0,0,0,0,0,0,0,0,0,0,1,0,0,0,0,0,30,0,0,0,0,0,0,0,0,0,0,0,0,0,0,0,0,0,0,0,0,0,0,0,0,0,0,0,0,0,0,0,0,0,0,0,0,0,0,0,0,0,0,0,0,0,0,0,0,0,0,0,0,0,0,0,0,0,0,0,0,0
135. ⾆,22,0,4,0,0,0,0,3,0,3,0,1,0,1,3,1,1,1,1,1,0,0,0,0,1,1,0,0,0,0,0,0,1,1,1,0,0,0,0,0,0,0,0,0,0,0,0,0,0,0,1,1,0,0,0,0,0,0,0,0,0,0,0,0,0,0,0,0,0,0,0,0,0,0,0,0,0,0,0,2,0,0,0,0,0,0,0,0,0,0,0,0,1,0,0,0,1,0,0,0,0,0,0,0,0,0,0,0,0,0,0,0,0,0,1,0,0,0,0,2,0,0,0,0,0,0,0,1,0,0,0,0,0,0,0,0,0,0,0,0,0,1,0,0,0,0,0,0,1,0,0,0,0,29,0,0,0,0,0,0,0,0,0,0,0,0,0,0,0,0,0,0,0,0,0,0,0,0,0,0,0,0,0,0,0,0,0,0,0,0,0,0,0,0,0,0,0,0,0,0,0,0,0,0,0,0,0,0,0,0,0,0,0,0
156. ⾛,2,2,1,0,0,0,0,0,1,0,13,0,0,0,0,0,0,1,1,0,0,1,0,0,0,0,1,0,0,0,0,1,0,0,1,0,0,1,0,0,1,0,0,0,0,1,0,0,0,1,0,0,0,0,0,1,1,0,0,0,0,0,0,0,0,0,0,0,0,0,0,0,0,0,0,0,0,0,0,0,0,0,0,0,0,0,0,0,1,1,0,0,1,0,0,0,0,0,0,0,1,0,0,0,0,0,0,0,0,0,0,0,0,1,0,0,0,0,0,0,0,0,0,0,0,0,0,0,0,0,0,0,0,0,0,0,0,0,1,0,0,0,0,0,0,0,0,0,0,0,0,0,0,0,29,0,0,0,0,0,0,0,0,0,0,0,0,0,0,0,0,0,0,0,0,0,0,0,0,0,0,0,0,0,0,0,0,0,0,0,0,0,0,0,0,0,0,0,0,0,0,0,0,0,0,0,0,0,0,0,0,0,0,0
144. ⾏,4,1,19,2,0,0,0,2,0,1,2,1,1,1,1,0,1,1,0,0,1,1,1,1,0,0,0,0,0,0,0,0,0,0,0,0,0,0,1,0,0,1,1,1,0,0,0,0,0,0,0,0,0,0,0,0,0,0,1,0,0,0,0,0,0,0,0,0,0,1,0,0,0,0,0,0,0,0,0,0,0,0,0,0,0,0,0,0,0,19,0,0,0,0,0,0,0,0,0,0,0,0,0,0,0,0,0,1,0,0,0,0,0,0,0,0,0,1,0,0,0,0,0,0,0,0,0,0,0,0,0,0,0,0,0,0,0,0,0,0,0,0,0,0,0,0,0,0,0,0,0,0,0,0,0,28,0,0,0,0,1,0,0,0,0,0,0,0,1,0,0,0,0,0,0,0,0,0,0,0,0,0,0,0,0,0,0,0,0,0,0,0,0,0,0,0,0,0,0,0,0,0,0,0,0,0,0,0,0,0,0,0,0,0
67. ⽂,3,0,1,0,3,1,2,1,0,0,0,24,1,2,2,0,0,2,1,0,0,0,0,3,0,1,2,0,0,1,0,0,0,0,1,2,0,0,5,0,2,0,0,0,0,1,0,0,0,2,2,0,0,0,0,0,0,0,0,0,1,0,0,0,1,0,1,0,0,0,0,0,0,0,0,0,0,0,1,2,0,0,2,0,0,0,0,0,0,0,0,0,0,0,0,0,0,0,0,1,2,0,0,0,0,0,0,0,0,0,0,0,1,0,0,0,0,0,0,0,0,0,0,0,0,0,0,0,0,0,1,0,0,0,0,0,0,0,0,0,0,0,0,0,0,0,0,0,0,0,0,0,0,0,0,0,27,0,0,0,0,0,0,0,0,0,0,0,0,0,0,0,0,5,0,0,0,0,0,0,0,0,0,0,0,0,0,0,0,0,0,0,0,0,0,0,0,0,0,0,0,0,0,0,0,0,0,0,0,0,0,0,0,0
158. ⾝,2,3,2,2,0,1,1,0,0,1,0,0,0,0,1,0,0,0,0,1,1,0,0,0,1,0,3,0,0,0,0,0,0,1,0,0,0,0,0,0,0,0,0,0,0,0,0,1,0,0,0,0,0,0,0,0,0,2,2,0,3,0,0,0,0,0,0,0,0,0,0,0,0,0,1,0,0,0,0,0,0,0,0,0,1,0,2,0,0,0,0,0,0,0,1,0,0,0,0,0,0,0,0,0,0,0,1,0,0,0,0,0,0,0,0,0,1,0,1,0,0,0,0,0,0,0,0,0,0,0,0,0,0,0,0,0,0,0,0,0,0,0,0,1,0,0,0,0,0,0,0,0,0,0,0,0,0,27,0,0,0,0,0,0,0,0,0,0,0,0,0,0,0,0,0,0,0,0,0,0,0,0,0,0,0,0,0,0,0,0,0,0,0,0,0,0,0,0,0,0,0,0,0,0,0,0,0,0,0,0,0,0,0,0
107. ⽪,4,3,1,0,0,0,3,4,2,2,1,0,0,1,0,1,0,0,0,2,0,2,0,0,0,0,0,0,1,1,0,0,1,0,0,1,1,0,0,0,0,0,1,0,0,0,2,0,0,0,0,0,0,1,0,1,0,0,0,2,0,1,0,0,0,0,0,0,1,0,0,1,0,0,0,1,0,0,1,0,0,0,0,0,0,0,0,0,1,1,0,0,0,0,0,0,0,0,0,0,0,0,0,0,1,0,0,0,0,0,0,0,0,1,0,0,1,0,0,1,0,0,0,0,0,0,0,0,0,0,0,0,0,0,0,0,0,0,1,0,0,0,0,0,0,0,0,0,0,0,0,0,0,0,0,0,0,0,26,0,0,0,0,0,0,0,0,0,0,0,0,0,0,0,0,0,0,0,0,0,0,0,0,0,0,0,0,0,0,0,0,0,0,0,0,0,1,0,0,0,0,0,0,0,0,0,0,0,0,0,0,0,0,0
126. ⽽,2,0,1,0,0,0,0,2,0,0,0,1,0,0,2,1,0,0,1,0,0,0,0,1,0,1,0,18,1,1,7,0,0,0,0,0,0,0,0,1,0,0,1,0,0,0,0,0,0,0,1,0,1,0,2,0,0,0,0,1,1,0,0,0,0,0,0,0,0,0,0,0,0,0,0,0,0,0,0,0,0,0,0,0,0,0,0,12,0,0,0,0,0,0,0,0,0,0,0,1,0,0,0,0,0,0,0,0,0,0,0,0,0,0,0,0,0,0,0,0,0,0,0,0,0,0,0,0,0,0,0,0,0,0,0,0,0,0,0,0,0,0,0,0,0,0,0,0,0,0,0,0,0,0,0,0,0,0,0,26,0,0,0,0,0,0,0,0,0,0,0,0,0,0,0,0,0,0,0,0,0,0,0,0,0,0,0,0,0,0,0,0,0,0,0,0,0,0,0,0,0,0,0,0,0,0,0,0,0,0,0,0,0,0
178. ⾱,11,0,2,0,0,1,0,0,1,1,0,0,0,0,0,0,0,0,0,0,0,0,0,1,1,0,0,0,0,0,0,0,0,0,0,0,0,0,0,0,0,0,0,0,0,0,0,0,1,0,0,0,0,0,0,0,0,0,0,0,0,0,0,0,0,0,0,0,0,1,0,0,1,0,0,0,0,0,0,0,0,0,0,0,0,0,0,0,0,1,0,0,0,1,0,0,0,0,0,0,0,0,0,1,0,0,0,0,0,0,0,0,0,0,0,0,0,0,0,0,0,0,0,0,0,0,0,0,0,0,0,0,0,0,0,0,0,0,0,0,0,0,0,0,0,0,0,0,0,0,0,0,0,0,0,1,0,0,0,0,26,0,0,0,0,0,0,0,0,0,0,0,0,0,0,0,0,0,0,0,0,0,0,0,0,0,0,0,0,0,0,0,0,0,0,0,0,0,0,0,0,0,0,0,0,0,0,0,0,0,0,0,0,0
54. ⼵,4,13,1,1,0,1,0,1,1,0,0,0,0,0,0,1,1,0,7,0,0,0,1,0,1,2,1,0,0,0,0,0,1,0,0,0,0,0,0,1,7,0,0,0,0,0,0,0,0,0,0,0,0,0,0,0,0,1,0,0,0,0,0,0,0,0,0,0,6,0,0,0,1,0,0,0,0,1,0,0,0,0,7,0,0,0,0,1,0,0,0,0,0,0,0,0,0,0,0,0,0,0,0,0,0,0,0,0,0,0,0,0,0,0,0,1,0,0,0,0,0,0,0,0,0,0,0,0,0,0,0,0,0,0,0,0,0,0,0,0,0,0,0,0,4,0,0,0,0,0,0,0,0,0,0,0,0,0,0,0,0,24,0,0,0,0,0,0,0,0,0,0,0,0,0,0,0,0,0,0,0,0,0,0,0,0,0,0,0,0,0,0,0,0,0,0,0,0,0,0,0,0,0,0,0,0,0,0,0,0,0,0,0,0
88. ⽗,2,2,2,1,0,1,1,0,0,0,0,18,3,1,0,0,1,0,1,0,0,1,1,2,0,1,0,0,0,0,0,0,0,0,0,1,0,0,0,0,0,1,0,1,0,0,0,0,0,0,0,0,1,0,0,0,0,0,0,1,0,0,2,0,0,2,1,1,0,0,1,0,0,0,0,0,0,0,1,0,0,0,0,1,0,0,0,0,0,0,0,0,1,0,0,0,0,0,0,0,0,0,0,0,0,0,0,0,1,0,0,0,0,0,0,0,0,0,0,0,0,0,0,0,0,0,0,0,0,0,0,0,0,0,0,0,0,0,0,0,0,0,0,0,0,0,0,0,0,0,0,0,0,0,0,0,0,0,0,0,0,0,24,0,0,0,0,0,0,0,0,0,0,0,0,0,0,0,0,0,0,0,0,0,0,0,0,0,0,0,0,0,0,0,0,0,0,0,0,0,0,0,0,0,0,0,0,0,0,0,0,0,0,0
127. ⽾,1,12,0,12,1,3,0,0,2,3,0,0,0,0,0,0,0,0,0,0,0,0,1,0,1,0,1,1,0,0,0,1,1,0,0,0,1,0,2,0,0,0,0,0,0,0,0,0,0,0,0,0,0,0,0,0,0,0,0,0,1,0,0,0,0,0,0,1,0,0,0,0,0,0,3,0,0,0,0,0,0,0,0,0,0,0,0,0,0,0,0,0,0,0,0,0,0,0,0,0,0,0,0,0,0,0,0,0,0,0,0,0,0,0,0,0,0,0,0,0,0,0,0,0,0,0,0,0,0,0,0,0,0,0,0,0,0,1,0,1,0,0,0,0,0,0,0,0,0,0,0,0,0,0,0,0,0,0,0,0,0,0,0,24,0,0,0,0,0,1,0,0,0,0,0,0,0,0,0,0,0,0,0,0,0,0,0,0,0,0,0,0,0,0,0,0,0,0,0,0,0,0,0,0,0,0,0,0,0,0,0,0,0,0
100. ⽣,0,1,1,0,3,6,1,0,1,0,0,3,0,0,2,0,0,0,0,1,0,0,1,0,0,0,2,0,1,0,1,0,1,1,0,0,0,0,0,1,0,0,0,0,0,0,0,0,0,0,2,0,1,0,0,0,0,0,0,0,0,0,0,0,0,0,0,1,0,0,0,4,0,0,0,3,0,1,0,0,0,1,0,0,0,0,0,0,0,1,0,0,0,0,0,0,0,0,1,0,0,1,0,0,0,0,1,0,0,0,0,0,0,0,0,0,0,0,0,0,0,0,0,0,0,0,0,0,0,0,0,0,0,0,0,0,0,0,0,0,0,0,0,0,0,0,0,0,0,0,0,0,0,0,0,0,0,0,0,0,0,0,0,0,23,0,0,0,0,0,0,0,0,0,0,0,0,0,0,0,0,0,0,0,0,0,0,0,0,0,0,0,0,0,0,0,0,0,0,0,0,0,0,0,0,0,0,0,0,0,0,0,0,0
212. ⿓,1,0,1,1,1,0,0,2,1,0,1,16,0,0,0,0,0,0,0,1,0,0,0,0,0,0,0,0,0,1,0,12,2,1,0,0,0,0,0,1,0,0,1,0,0,0,0,0,0,0,16,0,0,0,0,0,0,0,0,0,0,0,0,0,0,0,0,0,0,0,0,1,0,0,0,0,0,0,0,0,0,0,0,0,0,0,0,0,0,0,0,0,1,0,0,0,0,0,0,0,0,0,0,0,0,0,0,0,0,0,0,0,0,0,0,0,0,0,0,0,0,0,0,0,0,0,0,0,0,0,0,0,0,0,0,0,0,0,0,0,0,0,0,0,0,0,0,0,0,0,0,0,0,0,0,0,0,0,0,0,0,0,0,0,0,23,0,0,0,0,0,0,0,0,0,0,0,0,0,0,0,0,0,0,0,0,0,0,0,0,0,0,0,0,0,0,0,0,0,0,0,0,0,0,0,0,0,0,0,0,0,0,0,0
174. ⾭,2,0,1,0,0,1,0,2,1,0,0,1,1,1,1,0,1,0,1,0,0,3,1,0,1,1,0,6,0,0,0,17,0,0,0,0,0,0,0,0,0,1,0,0,0,0,0,0,0,0,1,3,1,0,1,0,0,0,0,0,0,0,0,0,0,0,0,0,0,0,0,0,0,0,0,0,0,0,0,0,0,0,0,0,0,0,0,0,0,0,0,0,0,2,0,0,0,0,0,0,0,0,0,0,0,0,0,0,0,0,0,0,0,0,0,0,0,0,0,0,0,0,0,0,0,0,0,0,0,0,0,0,0,0,0,0,0,0,0,0,0,0,0,0,0,0,0,0,0,0,0,0,0,0,0,0,0,0,0,0,0,0,0,0,0,0,22,0,0,0,0,0,0,0,0,0,0,0,0,0,0,0,0,0,0,0,0,0,0,0,0,0,0,0,0,0,0,0,0,0,0,0,0,0,0,0,0,0,0,0,0,0,0,0
43. ⼪,3,11,0,1,0,1,11,0,0,0,0,3,1,0,0,0,0,9,0,0,0,0,0,0,0,0,1,0,0,0,0,0,0,0,0,0,0,0,0,1,0,0,0,1,1,3,0,1,0,0,0,0,1,1,0,1,0,0,0,0,0,0,0,0,0,0,0,0,0,0,0,0,0,0,0,0,0,0,0,0,0,0,0,0,0,0,0,0,0,0,0,0,0,0,0,0,0,0,0,0,2,0,0,0,0,0,0,0,0,0,0,0,0,0,0,0,0,0,0,0,0,0,0,0,0,0,0,0,0,0,0,0,0,0,0,0,0,0,0,0,0,0,0,0,0,0,0,0,0,0,0,0,0,0,0,0,0,0,0,0,0,0,0,0,0,0,0,21,0,0,0,0,0,0,0,0,0,0,0,0,0,0,0,0,0,0,0,0,0,0,0,0,0,0,0,0,0,0,0,0,0,0,0,0,0,0,0,0,0,0,0,0,0,0
95. ⽞,3,0,1,0,0,0,2,1,6,2,0,19,0,1,1,0,1,0,1,1,0,0,2,1,0,1,0,0,0,0,0,0,0,0,0,0,1,0,0,0,0,0,0,0,0,0,1,0,0,0,0,0,0,1,0,0,0,0,0,0,0,0,0,0,0,0,0,0,0,0,0,0,0,0,0,0,0,0,0,0,0,0,0,0,0,0,1,0,0,1,0,0,0,0,0,2,0,0,0,1,0,1,0,0,0,0,0,0,0,0,0,0,0,0,0,1,0,19,0,0,0,0,0,0,0,0,0,0,0,0,0,0,0,0,0,0,0,0,0,0,0,0,0,0,0,0,0,0,0,0,0,0,0,0,0,1,0,0,0,0,0,0,0,0,0,0,0,0,21,0,0,0,0,0,0,0,0,0,0,0,0,0,0,0,0,0,0,0,0,0,0,0,0,0,0,0,0,0,0,0,0,0,0,0,0,0,0,0,0,0,0,0,0,0
161. ⾠,2,5,1,1,0,5,1,2,1,4,0,0,0,1,0,1,0,0,1,1,0,0,0,1,0,1,20,0,1,0,0,0,0,1,0,1,0,0,0,2,0,0,1,0,0,0,0,0,0,0,0,0,0,0,0,0,0,0,0,0,6,0,0,0,0,0,0,0,0,0,0,0,0,0,4,0,0,0,0,0,0,0,0,0,0,0,0,1,0,0,0,0,0,0,0,0,0,0,0,0,0,0,0,0,0,0,0,0,0,0,0,0,0,0,0,0,0,0,0,0,0,0,0,0,0,0,0,0,0,0,0,0,0,0,0,0,0,0,0,0,0,0,0,0,0,0,0,0,0,0,0,0,0,0,0,0,0,0,0,0,0,0,0,1,0,0,0,0,0,21,0,0,0,0,0,0,0,0,0,0,0,0,0,0,0,0,0,0,0,0,0,0,0,0,0,0,0,0,0,0,0,0,0,0,0,0,0,0,0,0,0,0,0,0
89. ⽘,1,1,0,4,4,0,8,2,0,0,0,0,2,2,0,2,0,1,0,5,4,0,0,0,0,0,0,7,0,1,0,1,0,0,0,0,0,0,0,0,0,0,0,1,0,0,1,0,1,0,0,0,0,0,0,0,0,0,0,0,1,2,0,1,1,0,1,0,0,0,0,0,0,0,0,0,0,0,0,0,0,0,0,0,0,0,2,0,0,0,0,0,0,0,0,0,0,0,0,1,0,0,0,5,0,0,0,0,0,0,0,0,0,0,0,0,0,0,0,0,0,0,2,0,0,1,0,0,0,0,0,0,0,0,0,0,0,0,0,0,0,0,0,0,0,0,0,0,0,0,0,0,0,0,0,0,0,0,0,0,0,0,0,0,0,0,0,0,0,0,20,0,0,0,0,0,0,0,0,0,0,0,0,0,0,0,0,0,0,0,0,0,0,0,0,0,0,0,0,0,0,0,0,0,0,1,0,0,0,0,0,0,0,0
105. ⽨,8,8,0,1,1,0,4,2,1,0,0,0,1,0,0,2,1,0,0,0,3,0,0,0,1,0,2,0,0,0,1,0,0,0,0,0,0,4,4,0,0,0,0,0,0,0,1,0,0,0,0,0,0,1,0,0,0,2,0,0,0,0,0,0,0,0,0,0,0,0,0,0,0,0,0,0,4,1,0,0,0,1,0,0,0,0,4,0,0,0,0,0,0,0,0,0,0,0,0,0,0,0,0,0,0,0,0,0,0,4,0,0,0,0,0,0,8,0,0,0,0,0,0,0,0,0,0,0,0,0,0,0,0,0,0,0,0,0,0,0,0,0,0,0,0,0,0,0,0,0,0,0,0,0,0,0,0,0,0,0,0,0,0,0,0,0,0,0,0,0,0,20,0,0,0,0,0,0,0,0,0,0,0,0,0,0,0,0,0,0,0,0,0,0,0,0,0,0,0,0,0,0,0,0,0,0,0,0,0,0,0,0,0,0
110. ⽭,4,17,1,8,1,0,3,0,1,1,0,1,2,0,1,1,0,0,0,0,0,0,0,0,1,0,0,3,0,0,0,0,0,0,0,0,0,0,0,0,0,0,1,2,0,0,0,0,0,0,0,17,0,0,1,1,0,0,0,0,0,0,3,0,0,0,0,2,0,0,0,0,0,0,0,0,0,0,0,0,0,0,0,0,0,0,0,1,0,0,0,0,0,0,0,0,0,0,0,0,0,0,0,0,1,0,0,0,0,0,0,0,0,0,0,0,0,0,0,0,0,0,0,0,0,0,0,0,0,0,0,0,0,0,0,0,0,0,0,0,0,0,0,0,0,0,0,0,0,0,0,0,0,0,0,0,0,0,0,0,0,0,0,0,0,0,0,0,0,0,0,0,20,0,0,0,0,0,0,0,0,0,0,0,0,0,0,0,0,0,0,0,0,0,0,0,0,0,0,0,0,0,0,0,0,0,0,0,0,0,0,0,0,0
210. ⿑,1,0,1,0,2,0,1,2,1,0,0,19,0,1,0,1,0,0,0,0,0,0,0,2,0,0,0,0,0,0,0,0,0,0,15,1,0,0,19,1,0,0,0,0,0,2,0,0,0,0,0,0,0,0,0,1,0,0,0,0,0,0,0,0,1,0,0,0,0,0,0,0,0,0,0,0,0,0,0,0,0,0,0,0,0,0,0,1,0,0,0,0,0,0,0,0,0,0,0,0,0,0,0,0,0,0,0,0,0,0,0,0,0,0,0,0,0,0,0,0,0,0,0,0,0,0,0,0,0,0,2,0,0,0,0,0,0,0,0,0,0,0,0,0,0,0,0,0,0,0,0,0,0,0,0,0,5,0,0,0,0,0,0,0,0,0,0,0,0,0,0,0,0,19,0,0,0,2,0,0,0,0,0,0,0,0,0,0,0,0,0,0,0,0,0,0,0,0,0,0,0,0,0,0,0,0,0,0,0,0,0,0,0,0
73. ⽈,0,5,2,0,1,2,2,0,0,1,0,0,0,0,0,0,0,1,3,0,1,1,2,0,0,0,0,0,0,0,0,0,0,0,0,0,0,2,0,0,0,0,0,0,0,0,0,1,0,0,0,0,0,0,0,0,0,0,0,0,0,0,0,1,0,0,0,0,0,0,0,0,0,0,2,0,0,0,0,0,0,0,0,0,0,0,0,0,0,0,0,0,1,0,0,0,0,0,0,0,0,0,0,0,0,0,0,0,0,0,0,0,0,0,0,0,0,0,0,0,0,0,0,0,0,0,0,0,0,0,0,0,0,0,0,0,0,0,0,0,0,0,0,0,1,0,0,0,0,0,0,0,0,0,0,0,0,0,0,0,0,0,0,0,0,0,0,0,0,0,0,0,0,0,18,0,0,0,0,0,0,0,0,0,0,0,0,0,0,0,0,0,0,0,0,0,0,0,0,0,0,0,0,0,0,0,0,0,0,0,0,0,0,0
189. ⾼,15,2,0,5,0,0,0,0,3,0,1,15,0,0,0,0,1,0,0,0,0,0,0,1,0,0,0,15,0,0,1,0,0,0,0,0,0,1,0,1,1,0,0,0,2,0,0,0,0,0,0,0,0,0,0,0,0,0,0,0,0,0,1,0,0,0,0,0,0,0,0,0,0,0,0,0,0,0,0,0,0,0,0,0,0,0,0,0,0,0,0,0,0,0,0,0,0,0,0,0,0,1,0,0,0,0,0,0,0,0,0,0,0,0,0,0,0,0,0,0,0,0,0,0,0,0,0,0,0,0,0,0,0,0,0,0,0,0,0,0,0,0,0,0,0,0,0,0,0,0,0,0,0,0,0,0,0,0,0,0,0,0,0,0,0,0,0,0,0,0,0,0,0,0,0,18,0,0,0,0,0,0,0,0,0,0,0,0,0,0,0,0,0,0,0,0,0,0,0,0,0,0,0,0,0,0,0,0,0,0,0,0,0,0
68. ⽃,2,5,1,4,0,1,2,0,1,2,0,0,0,0,0,1,0,13,2,0,0,2,1,0,0,2,0,0,0,0,0,0,0,0,0,0,1,0,0,0,0,0,0,0,3,1,0,0,0,0,0,0,0,0,1,0,0,0,0,0,0,1,0,0,0,0,0,0,0,0,0,0,0,0,0,0,0,0,0,0,0,0,0,0,1,0,0,0,0,0,0,0,0,0,0,0,0,0,0,0,0,0,0,0,0,0,0,0,0,0,0,0,0,0,0,0,0,0,0,1,0,0,0,0,0,0,0,0,0,0,0,0,0,0,0,2,0,0,0,0,0,0,0,0,0,0,0,1,0,0,0,0,0,0,0,0,0,0,0,0,0,0,0,0,0,0,0,0,0,0,0,0,0,0,0,0,17,0,0,0,0,0,0,0,0,0,0,0,0,0,0,0,0,0,0,0,0,0,0,0,0,0,0,0,0,0,0,0,0,0,0,0,0,0
179. ⾲,1,10,6,0,15,0,0,0,2,0,4,2,0,0,2,0,0,10,0,0,0,0,0,2,1,0,0,0,1,0,0,0,2,0,2,0,0,0,2,0,0,0,0,0,0,0,0,0,0,10,0,0,0,0,0,0,10,0,0,0,0,0,0,0,0,0,0,0,0,0,0,0,0,0,0,0,0,0,0,0,0,0,0,0,0,0,0,0,0,0,3,0,0,0,0,0,0,0,0,0,0,0,0,0,0,0,0,0,0,0,0,0,0,0,0,0,0,0,0,0,3,0,0,0,0,0,0,0,0,0,15,0,0,0,0,0,0,0,0,0,0,0,0,0,0,0,0,0,0,0,0,0,0,0,0,0,0,0,0,0,0,0,0,0,0,0,0,0,0,0,0,0,0,2,0,0,0,17,0,0,0,0,0,0,0,0,0,0,0,0,0,0,0,0,0,0,0,0,0,0,0,0,0,0,0,0,0,0,0,0,0,0,0,0
199. ⿆,0,2,4,4,0,0,0,0,0,0,0,0,0,0,0,0,0,0,0,0,2,2,0,0,0,0,0,0,0,0,0,0,0,0,0,0,0,0,0,0,1,0,0,0,0,0,0,0,0,0,0,0,0,0,1,0,0,0,0,0,0,0,0,0,0,0,0,0,0,0,0,0,0,0,0,8,0,0,0,0,0,0,1,0,0,0,0,0,0,0,0,0,0,0,0,0,0,0,0,0,0,0,0,0,0,0,0,0,0,0,0,0,0,1,0,0,0,0,0,0,0,0,0,0,0,0,0,0,0,0,0,0,0,0,0,0,0,0,0,0,0,0,0,0,0,0,0,0,0,0,0,0,0,0,0,0,0,0,0,0,0,0,0,0,0,0,0,0,0,0,0,0,0,0,0,0,0,0,17,0,0,0,0,0,0,0,0,0,0,0,0,0,0,0,0,0,0,0,0,0,0,1,0,0,0,0,0,0,0,0,0,0,0,0
208. ⿏,1,0,0,0,0,1,1,0,0,0,0,0,0,0,0,0,0,0,2,1,0,0,0,0,0,1,0,0,0,0,0,0,0,1,0,0,0,0,0,0,0,0,0,0,0,0,0,0,0,0,0,0,1,0,0,0,0,0,0,0,0,0,0,0,0,0,0,0,0,0,0,0,0,0,0,0,0,0,0,0,0,0,0,0,0,0,0,0,0,0,0,0,0,0,0,0,0,0,0,0,0,0,0,5,0,0,1,0,0,0,0,0,0,0,3,0,0,0,0,0,0,0,0,0,0,0,0,0,0,0,0,0,0,0,0,0,0,0,0,0,0,0,0,0,0,0,0,0,0,0,0,0,0,0,0,0,0,0,0,0,0,0,0,0,0,0,0,0,0,0,0,0,0,0,0,0,0,0,0,17,0,0,0,0,0,0,0,0,0,0,0,0,0,0,0,0,0,0,0,0,0,0,0,0,0,0,0,0,0,0,0,0,0,0
136. ⾇,1,1,1,4,1,0,0,0,1,0,0,0,2,1,1,0,0,0,0,3,0,1,1,0,0,0,1,0,0,0,0,0,0,0,0,0,0,0,0,0,0,1,0,0,0,0,1,1,0,0,0,0,0,0,6,0,0,1,0,0,0,0,0,0,0,1,0,0,0,0,0,1,0,0,0,0,0,0,0,0,0,0,0,0,0,0,0,0,0,0,15,0,0,3,0,0,0,0,0,0,0,0,0,0,0,0,0,0,0,0,0,0,0,0,0,0,0,0,1,0,0,0,0,0,0,0,0,0,0,0,0,0,0,0,0,0,0,0,0,0,0,0,0,1,0,0,0,0,0,0,0,0,0,0,0,0,0,0,0,0,0,0,0,0,0,0,0,0,0,0,0,0,0,0,0,0,0,0,0,0,16,0,0,0,0,0,0,0,0,0,0,0,0,0,0,0,0,0,0,0,0,0,0,0,0,0,0,0,0,0,0,0,0,0
63. ⼾,1,1,0,0,0,0,0,0,0,1,0,1,0,0,0,0,0,0,0,0,1,0,0,0,0,0,0,1,0,0,0,0,0,0,0,0,0,0,0,0,0,0,0,0,0,0,0,0,0,0,0,0,0,0,0,0,0,0,0,0,0,0,0,0,0,1,0,0,0,0,0,0,0,0,1,0,0,0,0,0,0,0,0,0,0,0,0,0,0,0,0,0,0,0,0,0,0,0,1,0,0,0,1,0,0,0,0,0,1,0,0,0,0,0,0,0,0,0,0,0,0,0,0,0,0,0,0,0,0,0,1,0,0,0,0,0,0,0,0,0,0,0,0,0,0,0,0,0,0,0,0,0,0,0,0,0,0,0,0,0,0,0,0,0,0,0,0,0,0,0,0,0,0,0,0,0,0,0,0,0,0,15,0,0,0,0,0,0,0,0,0,0,0,0,0,0,0,0,0,0,0,0,0,0,0,0,0,0,0,0,0,0,0,0
65. ⽀,4,0,2,1,0,0,0,0,0,13,0,0,0,1,0,1,0,0,0,0,0,0,0,0,0,0,0,0,1,0,1,0,0,0,0,0,0,13,0,1,0,0,0,0,0,0,0,0,0,0,0,0,0,0,0,1,0,0,0,0,0,0,0,0,0,0,0,0,3,0,0,0,0,1,0,1,0,0,0,0,0,0,0,0,0,0,0,0,0,1,0,0,0,0,0,0,0,0,0,0,0,0,1,0,0,0,0,0,0,0,0,0,0,0,0,0,3,0,0,0,0,0,0,0,0,0,0,0,0,0,0,0,0,0,0,0,0,0,0,0,0,0,0,0,0,0,0,0,0,0,0,0,0,0,0,0,0,0,0,0,0,0,0,0,0,0,0,0,0,0,0,0,0,0,0,0,0,0,0,0,0,0,15,0,0,0,0,0,0,0,0,0,0,0,0,0,3,0,0,0,0,0,0,0,0,0,0,0,0,0,0,0,0,0
71. ⽆,2,14,1,1,1,7,14,2,0,0,0,0,0,0,1,0,0,0,1,0,0,0,0,0,1,1,2,0,0,0,0,0,1,0,0,0,0,0,0,0,0,0,0,0,0,0,0,2,0,0,0,0,0,0,0,0,0,1,0,0,0,14,0,0,0,0,0,0,0,0,2,0,0,0,0,0,0,0,0,0,0,0,0,0,0,0,0,0,0,0,0,0,0,0,0,0,0,0,0,0,0,0,0,0,0,0,0,0,0,0,0,0,0,0,0,0,0,0,0,0,0,0,0,0,0,5,0,0,0,0,0,0,0,0,0,0,0,0,0,0,0,0,0,0,0,0,0,0,0,0,0,0,0,0,0,0,0,0,0,0,0,0,0,0,0,0,0,0,0,0,0,0,0,0,0,0,0,0,0,0,0,0,0,15,0,0,0,0,0,0,0,0,0,0,0,0,0,0,0,0,0,0,0,0,0,0,0,0,0,0,0,0,0,0
84. ⽓,0,1,0,0,0,0,1,1,0,0,0,0,0,0,1,0,0,0,0,0,1,0,0,0,0,0,0,0,0,0,0,0,0,0,1,0,0,0,0,0,0,0,0,0,0,0,0,0,0,0,0,0,0,0,2,0,0,0,0,0,0,0,0,0,0,0,0,0,0,0,0,0,1,0,0,0,0,0,0,0,0,0,0,0,0,0,0,0,0,0,0,0,0,0,0,0,0,0,0,0,0,0,0,0,0,0,0,0,0,0,0,0,0,0,0,0,0,0,0,0,0,0,0,0,0,0,0,0,0,0,0,0,0,0,0,0,0,0,0,0,0,0,0,0,0,0,0,0,0,0,0,0,0,0,0,0,0,0,0,0,0,0,0,0,0,0,0,0,0,0,0,0,0,0,0,0,0,0,0,0,0,0,0,0,15,0,0,0,0,0,0,0,0,0,0,0,0,0,0,0,0,0,0,0,0,0,0,0,0,0,0,0,0,0
143. ⾎,0,2,1,0,1,0,0,1,0,1,1,0,0,1,1,0,0,0,0,0,0,0,0,0,0,0,0,0,0,0,0,0,0,0,1,0,0,0,0,0,0,0,0,0,0,0,0,0,0,0,0,0,0,0,0,0,0,0,0,0,0,0,0,1,0,0,0,0,0,0,0,0,0,0,0,0,0,0,0,0,7,0,0,0,0,0,0,0,0,0,0,1,0,0,0,0,0,0,0,0,0,0,0,0,0,0,0,0,0,0,0,0,0,0,0,0,0,0,0,0,0,0,0,0,0,0,0,0,0,0,0,0,0,0,0,0,0,0,0,0,0,0,0,0,0,0,0,0,0,0,0,0,0,0,0,0,0,0,0,0,0,0,0,0,0,0,0,0,0,0,0,0,0,0,0,0,0,0,0,0,0,0,0,0,0,15,0,0,0,0,0,0,0,0,0,0,0,0,0,0,0,0,0,0,0,0,0,0,0,0,0,0,0,0
80. ⽏,1,4,0,1,1,0,0,0,2,0,0,2,0,0,0,1,0,0,0,0,0,0,0,0,1,0,0,0,1,0,0,0,0,0,0,0,1,0,0,0,0,0,1,0,0,0,0,0,0,0,0,0,0,0,0,0,0,0,0,0,0,0,0,0,0,0,0,0,0,0,0,0,0,0,0,0,0,0,0,0,0,0,0,0,0,0,0,0,0,0,0,0,0,0,0,0,0,0,0,0,0,0,0,0,0,0,0,0,0,0,0,1,0,0,0,0,0,0,0,0,0,0,0,0,0,0,0,0,0,0,0,0,0,0,0,0,0,0,0,0,0,0,0,0,0,0,0,0,0,0,0,0,0,0,0,0,0,0,0,0,0,0,0,0,0,0,0,0,0,0,0,0,0,0,0,0,0,0,0,0,0,0,0,0,0,0,14,0,0,0,0,0,0,0,0,0,0,0,0,0,0,0,0,0,0,0,0,0,0,0,0,0,0,0
97. ⽠,1,11,0,1,0,0,0,0,1,1,0,1,0,0,0,0,0,0,0,0,1,1,0,0,0,0,0,0,0,0,0,0,0,0,0,0,11,0,1,0,0,0,0,0,0,0,0,0,0,0,1,0,1,0,0,0,0,0,0,0,0,0,0,0,1,0,0,0,0,0,0,0,0,0,0,0,0,1,0,0,0,0,0,0,0,0,1,0,0,0,0,0,0,0,0,0,0,0,0,2,0,0,0,0,0,0,0,0,0,0,0,0,0,0,0,0,0,0,0,0,0,0,0,0,0,0,0,1,0,0,0,0,0,0,0,1,0,0,0,0,0,0,0,0,0,0,0,0,0,0,0,0,0,0,0,0,0,0,0,0,0,0,0,0,0,0,0,0,0,0,0,0,0,0,0,0,0,0,0,0,0,0,0,0,0,0,0,14,0,0,0,0,0,0,0,0,0,0,0,0,0,0,0,0,0,0,0,0,0,0,0,0,0,0
91. ⽚,0,2,0,1,1,0,1,0,0,2,0,0,0,1,0,0,0,1,0,0,0,0,1,0,0,0,1,0,0,0,0,0,0,0,0,1,0,1,0,0,0,0,0,0,0,0,0,0,0,1,0,0,0,0,0,0,1,0,0,0,0,0,0,1,0,0,0,0,1,0,0,0,0,0,0,0,0,0,0,0,0,0,0,0,0,0,0,0,0,0,0,0,0,0,0,0,0,0,0,0,0,0,0,0,0,0,0,0,0,0,0,0,0,0,0,0,0,0,0,0,0,0,0,0,0,0,0,0,0,0,0,0,0,0,0,0,0,0,0,0,0,0,0,0,0,0,0,0,0,0,0,0,0,0,0,0,0,0,0,0,0,0,0,0,0,0,0,0,0,0,0,0,0,0,0,0,0,0,0,0,0,0,0,0,0,0,0,0,13,0,0,0,0,0,0,0,0,0,0,0,0,0,0,0,0,0,0,0,0,0,0,0,0,0
209. ⿐,1,4,0,0,0,0,0,0,0,4,0,0,0,4,0,0,0,0,0,0,0,0,4,0,0,0,0,0,1,0,0,0,0,0,0,0,0,0,0,0,0,0,0,0,0,0,0,0,0,0,0,0,0,0,0,0,0,0,0,0,0,0,0,0,0,0,0,0,0,0,0,0,0,0,4,0,0,0,0,0,0,0,0,0,0,0,0,0,0,0,0,1,0,0,0,0,0,0,0,0,0,0,0,0,0,0,0,0,0,0,0,0,0,0,0,0,0,0,0,0,0,0,0,0,0,0,0,0,0,0,0,0,0,0,0,0,0,0,0,0,0,0,0,0,0,0,0,0,4,0,0,0,0,0,0,0,0,0,0,0,0,0,0,0,0,0,0,0,0,0,0,0,0,0,0,0,0,0,0,0,0,0,0,0,0,0,0,0,0,13,0,0,0,0,0,0,0,0,0,0,0,0,0,0,0,0,0,0,0,0,0,0,0,0
58. ⼹,0,2,0,1,1,1,1,0,0,2,0,0,0,0,0,0,0,0,1,1,0,0,1,1,0,0,0,0,0,0,0,0,0,0,1,0,0,0,0,0,0,0,0,0,0,1,0,0,0,0,0,0,0,0,2,0,0,0,0,0,0,0,0,0,0,0,0,0,0,0,0,0,0,0,2,0,0,0,0,0,0,0,0,0,0,0,0,0,0,0,0,0,0,0,0,0,0,0,0,0,0,0,0,0,0,0,0,0,0,0,1,0,0,0,0,0,0,0,0,0,0,0,0,0,0,0,0,0,0,0,0,0,0,0,0,0,0,0,0,0,0,0,0,0,0,0,0,0,0,0,0,0,0,0,0,0,0,0,0,0,0,0,0,0,0,0,0,0,0,0,0,0,0,0,0,0,0,0,0,0,0,0,0,0,0,0,0,0,0,0,12,0,0,0,0,0,0,0,0,0,0,0,0,0,0,0,0,0,0,0,0,0,0,0
193. ⿀,6,6,0,0,6,0,6,0,0,0,0,0,0,0,0,0,0,1,1,0,1,0,0,0,0,1,0,6,0,0,0,0,0,0,0,0,0,0,0,1,0,0,0,0,0,0,0,0,0,0,0,0,1,0,1,0,0,0,0,0,0,0,0,0,0,0,0,0,0,0,0,1,0,0,0,0,0,0,0,0,0,0,0,0,0,0,1,0,0,0,0,0,0,0,0,0,0,0,0,0,0,0,0,0,0,0,0,0,0,0,0,0,1,0,0,0,0,0,0,0,0,0,0,0,0,0,0,0,0,0,0,0,0,0,0,0,0,0,0,0,0,0,0,0,0,0,0,0,0,0,0,0,0,0,0,0,0,0,0,0,0,0,0,0,0,0,0,0,0,0,0,0,0,0,0,0,0,0,0,0,0,0,0,0,0,0,0,0,0,0,0,12,0,0,0,0,0,0,0,0,0,0,0,0,0,0,0,0,0,0,0,0,0,0
200. ⿇,3,2,0,11,0,0,1,0,0,0,0,0,0,0,0,1,0,0,0,0,0,0,1,1,0,0,11,0,0,0,0,0,0,0,0,0,1,0,0,0,0,0,0,0,0,0,1,0,0,0,0,0,0,0,1,0,0,11,0,0,0,0,0,0,0,0,0,0,0,0,0,0,0,0,0,0,0,0,0,0,0,0,0,0,0,0,0,0,0,0,0,0,0,0,0,0,0,0,0,0,0,0,0,0,0,0,0,0,0,0,0,0,0,0,0,0,0,1,0,0,0,0,0,0,0,0,0,0,0,0,1,0,0,0,0,0,0,1,0,0,0,0,0,0,0,0,0,1,0,0,0,0,0,0,0,0,0,0,0,0,0,0,0,0,0,0,0,0,0,0,0,0,0,0,0,0,0,0,0,0,0,0,0,0,0,0,0,0,0,0,0,0,12,0,0,0,0,0,0,0,0,0,0,0,0,0,0,0,0,0,0,0,0,0
92. ⽛,3,10,1,0,0,0,1,0,1,0,0,0,1,0,0,0,0,0,0,1,0,0,0,0,1,0,0,0,0,0,0,0,0,1,0,0,0,0,0,0,0,0,0,1,0,0,0,0,0,0,0,10,0,0,0,0,0,0,1,0,0,0,0,0,0,1,0,0,0,0,0,0,0,0,0,0,0,0,0,0,0,0,0,0,0,0,0,0,0,0,0,0,0,0,0,1,0,0,0,0,0,0,0,0,0,0,1,0,0,0,0,0,0,0,0,0,0,0,0,0,0,0,0,0,0,0,0,0,0,0,0,0,0,0,0,0,0,0,0,0,0,0,0,0,0,0,0,0,0,1,0,0,0,0,0,0,0,0,0,0,0,0,0,0,0,0,0,0,0,0,0,0,0,0,0,0,0,0,0,0,0,0,0,0,0,0,0,0,0,0,0,0,0,11,0,0,0,0,0,0,0,0,0,0,0,0,0,0,0,0,0,0,0,0
155. ⾚,2,2,0,0,0,1,0,0,0,0,7,0,0,0,0,0,0,0,1,0,0,0,0,0,0,1,0,0,0,0,0,0,0,0,0,0,0,1,0,0,0,0,0,0,0,0,0,0,0,0,0,0,0,0,0,0,0,0,0,0,0,0,2,0,0,0,0,0,0,0,0,0,0,0,0,0,0,0,0,0,0,0,0,0,0,0,0,0,0,0,0,0,0,0,0,0,0,0,0,0,0,0,0,0,0,0,0,0,0,0,0,0,0,0,0,0,0,0,0,0,0,1,0,0,0,0,0,0,0,0,0,0,0,0,0,0,0,0,0,0,0,0,0,0,0,0,0,0,0,0,0,0,0,0,0,0,0,0,0,0,0,0,0,0,0,0,0,0,0,0,0,0,0,0,0,0,0,0,0,0,0,0,0,0,0,0,0,0,0,0,0,0,0,0,11,0,0,0,0,0,0,0,0,0,0,0,0,0,0,0,0,0,0,0
205. ⿌,1,2,0,0,0,0,1,0,0,0,2,1,0,0,0,0,0,0,1,1,0,0,0,1,0,1,0,1,0,0,0,0,0,1,0,0,0,0,0,0,0,0,0,0,0,1,0,0,0,0,0,0,0,0,0,0,0,0,0,0,0,0,2,0,0,0,0,0,0,0,0,0,0,0,0,0,0,0,0,0,0,0,0,0,0,0,0,0,0,0,0,0,0,0,0,0,0,0,1,0,0,0,0,0,0,0,1,0,0,0,0,0,0,0,0,0,0,0,0,0,0,0,0,0,0,0,0,0,0,0,0,0,0,0,0,0,0,0,0,0,0,0,0,0,0,0,0,0,0,0,0,0,0,0,0,0,0,0,0,0,0,0,0,0,0,0,0,0,0,0,0,0,0,0,0,0,0,0,0,0,0,0,0,0,0,0,0,0,0,0,0,0,0,0,0,11,0,0,0,0,0,0,0,0,0,0,0,0,0,0,0,0,0,0
207. ⿎,4,0,0,0,0,0,0,0,0,3,0,0,0,1,0,0,0,0,0,0,0,0,0,0,0,0,0,0,0,0,0,0,0,0,0,0,0,3,0,0,0,0,0,0,0,0,0,0,0,0,0,0,0,0,0,0,0,0,0,0,0,0,0,0,0,0,0,0,4,0,0,0,0,0,0,1,0,0,0,0,0,0,0,0,0,0,0,0,0,0,0,0,0,0,0,0,0,0,0,0,0,0,0,0,0,0,0,0,0,0,0,0,0,0,0,0,4,0,0,0,0,0,0,0,0,0,0,0,0,0,0,0,0,0,0,0,0,0,0,0,0,0,0,0,0,0,0,0,0,0,0,0,0,0,0,0,0,0,1,0,0,0,0,0,0,0,0,0,0,0,0,0,0,0,0,0,0,0,0,0,0,0,3,0,0,0,0,0,0,0,0,0,0,0,0,0,11,0,0,0,0,0,0,0,0,0,0,0,0,0,0,0,0,0
171. ⾪,0,0,0,2,0,0,0,10,0,0,0,0,1,0,1,0,0,0,0,0,0,1,1,0,0,0,4,0,0,0,0,0,0,0,0,0,1,0,1,0,0,1,0,0,0,0,0,0,1,0,0,0,0,0,1,0,0,4,0,0,0,0,0,0,2,0,0,0,1,0,0,0,0,0,0,0,0,0,0,0,0,0,0,0,0,0,0,1,0,0,0,0,0,0,0,0,0,0,0,0,0,0,0,0,0,0,0,0,0,0,0,0,0,0,0,0,0,0,0,0,0,0,0,0,0,0,0,0,0,0,0,0,0,0,0,0,0,0,0,0,0,0,0,0,0,0,0,0,0,0,0,0,0,0,0,0,0,0,0,0,0,0,0,0,0,0,0,0,0,0,0,0,0,0,0,0,0,0,0,0,0,0,0,0,0,0,0,0,0,0,0,0,0,0,0,0,0,10,0,0,0,0,0,0,0,0,0,0,0,0,0,0,0,0
191. ⾾,1,1,0,0,0,0,2,0,0,0,0,1,0,0,0,0,0,0,0,0,0,1,0,0,0,0,0,0,0,6,0,0,0,0,0,0,0,0,0,0,0,0,0,0,0,0,0,0,0,0,0,0,0,0,0,0,0,0,0,0,1,1,0,0,0,0,0,0,0,1,0,0,0,0,0,0,0,0,0,0,0,0,0,0,0,0,0,0,0,0,0,0,0,0,0,0,0,0,0,0,0,0,0,1,0,0,0,0,0,0,0,0,0,0,0,0,1,0,0,0,0,0,0,0,0,0,0,0,0,0,0,0,0,0,0,0,0,0,0,0,0,0,0,0,0,0,0,0,0,0,0,0,0,0,0,0,0,0,0,0,0,0,0,0,0,0,0,0,0,0,0,0,0,0,0,0,0,0,0,0,0,0,0,0,0,0,0,0,0,0,0,0,0,0,0,0,0,0,10,0,0,0,0,0,0,0,1,0,0,0,0,0,0,0
23. ⼖,2,2,0,0,0,0,1,0,1,0,0,0,0,0,0,0,0,0,0,0,1,0,0,0,0,0,0,0,0,0,0,0,0,0,0,0,0,0,0,0,0,0,0,0,0,0,0,0,0,0,0,0,0,0,0,0,0,0,0,0,0,1,0,0,0,0,0,0,0,0,0,0,0,0,0,0,0,0,0,0,0,0,0,0,0,0,0,0,0,0,0,0,0,0,0,0,0,0,0,0,0,0,0,0,0,0,0,0,0,0,0,0,0,0,0,0,0,0,0,0,0,0,0,1,0,0,0,0,0,0,0,0,0,0,0,0,0,0,0,0,0,0,0,0,0,0,0,0,0,0,0,0,0,0,0,0,0,0,0,0,0,0,0,0,0,0,0,0,0,0,0,0,0,0,0,0,0,0,0,0,0,0,0,0,0,0,0,0,0,0,0,0,0,0,0,0,0,0,0,9,0,0,0,0,0,0,0,0,0,0,0,0,0,0
35. ⼢,0,0,0,0,1,1,0,0,0,0,0,0,0,2,0,0,0,0,0,0,0,1,0,0,0,0,0,0,0,0,0,0,0,0,0,0,0,0,0,0,0,0,0,0,0,0,0,0,0,0,0,0,0,0,0,0,0,0,0,0,0,0,0,0,0,0,0,0,0,0,0,0,0,0,0,4,0,0,0,0,0,0,0,0,0,0,0,0,0,0,0,0,0,0,0,0,0,0,0,0,0,0,0,0,0,0,0,0,0,0,0,0,0,0,0,0,0,0,0,0,0,0,0,0,0,0,0,0,0,0,0,0,0,0,0,0,0,0,0,0,0,0,0,0,0,0,0,0,1,0,0,0,0,0,0,0,0,0,0,0,0,0,0,0,0,0,0,0,0,0,0,0,0,0,0,0,0,0,0,0,0,0,0,0,0,0,0,0,0,0,0,0,0,0,0,0,0,0,0,0,9,0,0,0,0,0,0,0,0,0,0,0,0,0
176. ⾯,0,1,0,0,1,1,0,1,0,0,0,0,0,1,0,0,0,1,0,0,1,1,0,1,0,0,1,0,0,0,0,1,0,0,0,0,0,0,0,0,0,0,0,0,0,0,0,0,0,0,0,0,1,0,0,0,0,0,0,0,0,1,0,0,0,0,0,0,0,0,0,0,0,0,0,1,0,0,0,0,0,0,0,0,0,0,0,0,0,0,0,0,0,0,0,0,0,0,0,0,0,0,0,0,0,0,0,0,0,0,0,0,0,1,0,0,0,0,0,0,0,0,1,0,0,0,0,0,0,0,0,0,0,0,0,0,0,0,0,0,0,0,0,0,0,0,0,0,0,0,0,0,0,0,0,0,0,0,0,0,0,0,0,0,0,0,0,0,0,0,0,0,0,0,0,0,0,0,1,0,0,0,0,0,0,0,0,0,0,0,0,0,0,0,0,0,0,0,0,0,0,9,0,0,0,0,0,0,0,0,0,0,0,0
186. ⾹,0,3,0,3,0,3,0,0,0,0,0,0,0,0,0,0,0,0,0,0,0,0,0,0,0,0,0,0,0,0,0,0,0,0,0,0,0,1,0,0,0,0,0,0,3,0,0,0,0,0,0,0,0,0,0,0,0,0,0,0,0,0,0,0,0,0,0,0,1,0,0,0,0,0,0,1,1,0,0,0,0,0,0,0,0,0,0,0,0,0,0,0,0,0,0,0,0,0,0,0,0,0,0,0,0,0,0,0,0,1,0,0,0,0,0,0,0,0,0,0,0,0,0,0,0,0,0,0,0,0,0,0,0,0,0,0,0,0,0,0,0,0,0,0,0,0,0,0,0,0,0,0,0,0,0,0,0,0,0,0,0,0,0,0,0,0,0,0,0,0,0,0,0,0,0,0,0,0,0,0,0,0,0,0,0,0,0,0,0,0,0,0,0,0,0,0,0,0,0,0,0,0,9,0,0,0,0,0,0,0,0,0,0,0
197. ⿄,2,1,1,0,2,0,0,1,0,0,0,0,0,0,0,0,0,1,0,0,0,0,0,0,0,0,1,0,0,0,0,0,0,0,0,0,0,0,0,0,5,0,0,0,0,0,0,0,0,1,0,0,0,0,0,0,1,0,0,0,0,0,0,0,0,0,0,0,0,0,0,0,5,0,0,0,0,0,0,0,1,0,0,0,0,0,0,0,0,0,0,0,0,0,0,0,0,0,0,0,0,0,0,0,0,0,0,0,0,0,0,0,0,0,0,0,0,0,0,0,0,0,0,0,0,0,1,0,0,0,0,0,0,0,0,0,0,0,0,0,0,0,0,0,0,0,0,0,0,0,0,0,0,0,0,0,0,0,0,0,0,0,0,0,0,0,0,0,0,0,0,0,0,0,0,0,0,0,0,0,0,0,0,0,0,0,0,0,0,0,0,0,0,0,0,0,0,0,0,0,0,0,0,8,0,0,0,0,0,0,0,0,0,0
214. ⿕,3,3,3,0,0,0,0,0,0,2,0,0,0,0,0,0,1,0,0,0,0,0,0,0,0,0,0,3,0,0,0,0,1,0,0,0,0,0,0,0,0,0,0,0,0,0,0,0,0,0,0,0,0,0,0,0,0,0,0,0,0,0,0,0,0,0,0,0,0,0,0,0,0,0,3,0,0,0,0,0,0,0,0,0,0,0,0,0,0,0,0,0,0,0,0,0,0,0,0,0,0,0,0,0,0,0,0,0,0,0,0,0,0,0,0,0,0,0,0,0,0,0,0,0,0,0,0,0,0,0,0,0,0,0,0,0,0,0,0,0,0,0,0,0,0,0,0,0,0,0,0,0,0,0,0,0,0,0,0,0,0,0,0,0,0,0,0,0,0,0,0,0,0,0,0,0,0,0,0,0,0,0,0,0,0,0,0,0,0,0,0,0,0,0,0,0,0,0,0,0,0,0,0,0,7,0,0,0,0,0,0,0,0,0
201. ⿈,0,0,0,0,2,0,3,0,0,0,0,0,0,0,0,0,0,0,0,1,0,0,0,0,0,0,0,0,0,0,0,0,0,0,0,0,0,0,0,0,0,0,0,0,0,0,0,0,0,0,0,0,0,0,0,0,0,0,0,0,0,0,0,0,0,0,0,0,0,0,0,0,0,0,0,0,0,0,0,0,0,0,0,0,0,0,0,0,0,0,0,0,0,0,0,0,0,0,0,0,0,0,0,1,0,0,0,0,0,0,0,0,0,0,0,0,0,0,0,0,0,0,0,0,0,0,0,0,0,0,0,0,0,0,0,0,0,0,0,0,0,0,0,0,0,0,0,0,0,0,0,0,0,0,0,0,0,0,0,0,0,0,0,0,0,0,0,0,0,0,1,0,0,0,0,0,0,0,0,0,0,0,0,0,0,0,0,0,0,0,0,0,0,0,0,0,0,0,0,0,0,0,0,0,0,6,0,0,0,0,0,0,0,0
213. ⿔,0,1,0,1,0,1,0,0,0,0,0,0,0,0,0,0,0,0,0,0,0,4,0,0,0,0,0,0,0,1,0,0,0,0,0,0,0,0,0,0,0,0,0,0,1,0,0,0,0,0,0,0,0,0,0,0,0,0,0,0,0,0,0,0,0,0,0,0,0,0,0,0,0,0,0,0,0,0,0,0,0,0,0,0,0,0,0,0,0,0,0,0,0,0,0,0,1,0,0,0,0,0,0,0,0,0,0,0,0,0,0,0,0,0,0,0,0,0,0,0,0,0,0,0,0,0,0,0,0,0,0,0,0,0,0,0,0,0,0,0,0,0,0,0,0,0,0,0,0,0,0,0,0,0,0,0,0,0,0,0,0,0,0,0,0,0,0,0,0,0,0,0,0,0,0,0,0,0,0,0,0,0,0,0,0,0,0,0,0,0,0,0,0,0,0,0,0,0,1,0,0,0,0,0,0,0,6,0,0,0,0,0,0,0
139. ⾊,1,1,0,0,0,1,0,0,0,1,0,0,0,0,0,0,0,0,0,0,0,4,0,1,0,0,0,0,0,0,1,0,0,0,0,0,0,0,0,0,0,0,0,0,0,0,0,0,0,0,0,0,0,0,0,0,0,0,0,0,0,0,0,0,0,0,0,0,0,0,0,0,0,0,1,0,0,0,0,0,0,0,0,0,0,0,0,0,0,0,0,0,0,0,0,0,0,0,0,0,0,0,0,0,0,0,0,0,0,0,0,0,0,0,0,0,2,0,0,0,0,0,0,0,0,0,0,0,0,0,0,0,0,0,0,0,0,0,0,0,0,0,0,0,0,0,0,0,0,0,0,0,0,0,0,0,0,0,0,0,0,0,0,0,0,0,0,0,0,0,0,0,0,0,0,0,0,0,0,0,0,0,0,0,0,0,0,0,0,0,0,0,0,0,0,0,0,0,0,0,0,0,0,0,0,0,0,5,0,0,0,0,0,0
185. ⾸,1,1,0,0,1,0,0,0,0,0,0,0,0,5,0,0,0,1,0,0,0,0,0,0,0,0,0,0,0,0,0,0,0,0,0,0,0,0,0,0,0,0,0,0,0,0,0,0,1,1,0,0,0,0,0,0,1,0,0,0,1,0,0,0,0,0,0,0,0,0,0,0,0,0,0,0,0,0,0,0,0,0,0,0,0,0,0,0,0,0,0,0,0,0,0,0,1,0,0,0,0,0,0,0,0,0,0,0,0,0,0,0,0,0,0,0,0,0,0,0,0,0,0,0,0,0,0,0,0,0,0,0,0,0,0,0,0,0,0,0,0,0,0,0,0,0,0,0,5,0,0,0,0,0,0,0,0,0,0,0,0,0,0,0,0,0,0,0,0,0,0,0,0,0,0,0,0,0,0,0,0,0,0,0,0,0,0,0,0,0,0,0,0,0,0,0,0,0,0,0,0,0,0,0,0,0,0,0,5,0,0,0,0,0
202. ⿉,1,5,0,5,0,0,0,5,1,0,0,1,0,0,0,0,0,0,0,0,0,2,0,0,0,0,0,1,0,0,0,0,0,0,0,0,1,0,0,0,1,0,0,0,5,0,0,0,0,0,0,0,0,0,0,0,0,0,0,0,0,0,0,0,0,0,0,0,0,0,0,0,0,0,0,0,0,0,0,0,0,0,0,0,0,0,0,0,1,0,0,0,0,0,0,0,0,0,0,0,0,0,0,0,0,0,0,0,0,0,0,0,0,0,0,0,0,0,0,0,0,0,0,0,0,0,0,0,0,0,0,0,0,0,0,0,0,0,0,1,0,0,0,0,0,0,0,0,0,0,0,0,0,0,0,0,0,0,0,0,0,0,0,0,0,0,0,0,0,0,0,0,0,0,0,0,0,0,0,0,0,0,0,0,0,0,0,0,0,0,0,0,0,0,0,0,0,0,0,0,0,0,0,0,0,0,0,0,0,5,0,0,0,0
206. ⿍,0,0,0,0,0,0,0,0,0,0,0,0,0,1,0,0,0,0,0,0,0,0,0,0,0,0,0,0,0,0,0,0,0,0,0,0,0,0,0,0,0,0,0,0,0,0,0,0,0,0,0,0,0,0,0,0,0,0,0,0,0,0,0,0,0,0,0,0,0,0,0,0,0,0,0,0,0,0,0,0,0,0,0,0,0,0,0,0,0,0,0,0,0,0,0,0,0,0,0,0,0,0,0,0,0,0,0,0,0,0,0,0,0,0,0,0,0,0,0,0,0,0,0,0,0,0,0,0,0,0,0,0,0,0,0,0,0,0,0,0,0,0,0,0,0,0,0,0,0,0,0,0,0,0,0,0,0,0,0,0,0,0,0,0,0,0,0,0,0,0,0,0,0,0,0,0,0,0,0,0,0,0,0,0,0,0,0,0,0,0,0,0,0,0,0,0,0,0,0,0,0,0,0,0,0,0,0,0,0,0,5,0,0,0
204. ⿋,0,1,0,0,0,0,3,0,0,0,0,0,0,0,0,0,0,2,0,0,1,0,0,0,0,0,0,3,0,0,0,0,0,0,0,0,0,0,0,0,0,0,0,0,0,0,0,0,0,0,0,0,1,0,0,0,0,0,0,0,0,0,0,0,0,0,0,0,0,0,0,0,0,0,0,0,0,0,0,0,0,0,0,0,0,0,0,0,0,0,0,0,0,0,0,0,0,0,0,0,0,0,0,0,0,0,0,0,0,0,0,0,0,0,1,0,0,0,0,0,0,0,0,0,0,0,0,0,0,0,0,0,0,0,0,0,0,0,0,0,0,0,0,0,0,0,0,0,0,0,0,0,0,0,0,0,0,0,0,0,0,0,0,0,0,0,0,0,0,0,0,0,0,0,0,0,0,0,0,0,0,0,0,0,0,0,0,0,0,0,0,0,0,0,0,0,0,0,0,0,0,0,0,0,0,0,0,0,0,0,0,3,0,0
183. ⾶,0,2,0,0,0,0,0,0,0,2,0,0,0,0,0,0,0,0,0,0,0,0,1,0,0,0,0,0,0,0,0,0,0,0,0,0,0,0,0,0,0,0,0,0,0,0,0,0,0,0,0,0,0,0,1,0,0,0,0,0,0,0,0,0,0,0,0,0,0,0,0,0,0,0,2,0,0,0,0,0,0,0,0,0,0,0,0,0,0,0,0,0,0,0,0,0,0,0,0,0,0,0,0,0,0,0,0,0,0,0,0,0,0,0,0,0,0,0,0,0,0,0,0,0,0,0,0,0,0,0,0,0,0,0,0,0,0,0,0,0,0,0,1,0,0,0,0,0,0,0,0,0,0,0,0,0,0,0,0,0,0,0,0,0,0,0,0,0,0,0,0,0,0,0,0,0,0,0,0,0,0,0,0,0,0,0,0,0,0,0,0,0,0,0,0,0,0,0,0,0,0,0,0,0,0,0,0,0,0,0,0,0,2,0
192. ⾿,0,0,0,1,0,0,0,0,0,0,0,0,0,0,0,0,0,0,0,1,0,0,0,0,0,0,0,0,0,0,0,0,0,0,0,0,0,0,0,0,0,0,0,0,0,0,0,2,0,0,0,0,0,0,0,0,0,0,0,0,0,0,0,0,0,0,0,0,0,0,0,0,0,0,0,0,0,0,0,0,0,0,0,0,0,0,0,0,2,0,0,0,0,0,0,0,0,0,0,0,1,0,0,0,0,0,0,0,0,0,0,0,0,0,0,0,0,0,0,0,0,0,0,0,0,0,0,0,0,0,0,0,0,0,1,0,0,0,0,0,0,0,0,0,0,0,0,0,0,0,0,0,0,0,0,0,0,0,0,0,0,0,0,0,0,0,0,0,0,0,0,0,0,0,0,0,0,0,0,0,0,0,0,0,0,0,0,0,0,0,0,0,0,0,0,0,0,0,0,0,0,0,0,0,0,0,0,0,0,0,0,0,0,2
